model,split,n_rows,rmse,qlike,corr,actual_std,pred_std,pred_mean,n_qubits,h,seed,features,effective_rank,elapsed_feature_seconds,q80_precision,q80_recall,q80_f1,q80_pred_rate,q90_precision,q90_recall,q90_f1,q90_pred_rate,q95_precision,q95_recall,q95_f1,q95_pred_rate,top20_pred_actual_ratio
HAR_memory_ridge,train,1600,0.05348880081700178,-2.8764745922697488,0.663368410257217,0.06876837833520376,0.03495079642949259,0.13018967223111166,0,,-1,8,1.2426981250540075,0.0,0.704225352112676,0.15625,0.2557544757033248,0.044375,0.6730769230769231,0.21875,0.330188679245283,0.0325,0.7435897435897436,0.3625,0.48739495798319327,0.024375,
HAR_memory_ridge,val,500,0.05142519197763681,-2.8177105047049054,0.36806568155434727,0.0542449043115403,0.02240409700156409,0.125283656894933,0,,-1,8,1.2426981250540075,0.0,0.75,0.10843373493975904,0.18947368421052632,0.024,0.5,0.02631578947368421,0.05,0.004,0.0,0.0,0.0,0.0,
HAR_memory_ridge,test,700,0.16491979163228573,-1.6468722478019127,0.4750281369300615,0.14797582618463517,0.17025419206009326,0.17733612123256307,0,,-1,8,1.2426981250540075,0.0,0.8473282442748091,0.43359375,0.5736434108527132,0.18714285714285714,0.8085106382978723,0.39790575916230364,0.5333333333333333,0.13428571428571429,0.6811594202898551,0.33098591549295775,0.44549763033175355,0.09857142857142857,0.8180511316034762
TFIM_4q_h0.2_seed0,train,1600,0.06436610297046917,-2.7195020680432633,0.4444001239664553,0.06876837833520376,0.01674096058190573,0.12762601614257507,4,0.2,0,10,7.9732065244277655,2.2900807857513428,0.8571428571428571,0.0375,0.0718562874251497,0.00875,0.0,0.0,0.0,0.0,0.0,0.0,0.0,0.0,
TFIM_4q_h0.2_seed0,val,500,0.07067769935745348,-2.7758728771254364,0.34333105150323173,0.0542449043115403,0.004595835989784186,0.18195122778677916,4,0.2,0,10,7.9732065244277655,2.2900807857513428,0.6190476190476191,0.3132530120481928,0.416,0.084,0.0,0.0,0.0,0.0,0.0,0.0,0.0,0.0,
TFIM_4q_h0.2_seed0,test,700,0.14701956599361762,-1.6694716211992648,0.587098835222834,0.14797582618463517,0.00267217769209795,0.17993049070515088,4,0.2,0,10,7.9732065244277655,2.2900807857513428,1.0,0.07421875,0.13818181818181818,0.027142857142857142,0.0,0.0,0.0,0.0,0.0,0.0,0.0,0.0,0.4505891660991526
TFIM_4q_h0.2_seed1,train,1600,0.05776194550138472,-2.822257614600399,0.6066710600658495,0.06876837833520376,0.02673206232552627,0.12904871801909096,4,0.2,1,10,7.714060502005082,1.7512099742889404,0.7258064516129032,0.140625,0.2356020942408377,0.03875,0.6153846153846154,0.05,0.09248554913294797,0.008125,0.7142857142857143,0.0625,0.11494252873563218,0.004375,
TFIM_4q_h0.2_seed1,val,500,0.06748816960967582,-2.7978382004511886,0.3037027560023666,0.0542449043115403,0.011592762507536424,0.17814069857837142,4,0.2,1,10,7.714060502005082,1.7512099742889404,0.4358974358974359,0.40963855421686746,0.422360248447205,0.156,0.0,0.0,0.0,0.0,0.0,0.0,0.0,0.0,
TFIM_4q_h0.2_seed1,test,700,0.1465630230088109,-1.6333435720089964,0.4962169672809888,0.14797582618463517,0.006906249499196063,0.1697010367238627,4,0.2,1,10,7.714060502005082,1.7512099742889404,1.0,0.078125,0.14492753623188406,0.02857142857142857,0.0,0.0,0.0,0.0,0.0,0.0,0.0,0.0,0.43201900981137187
TFIM_4q_h0.2_seed2,train,1600,0.062232187429326555,-2.744343863673553,0.5085510498238354,0.06876837833520376,0.020147399882022334,0.1280251547798936,4,0.2,2,10,7.518133294451892,1.7518222332000732,0.673469387755102,0.103125,0.17886178861788618,0.030625,0.0,0.0,0.0,0.0,0.0,0.0,0.0,0.0,
TFIM_4q_h0.2_seed2,val,500,0.056537404726487515,-2.8596840016551672,0.28168253110268443,0.0542449043115403,0.008360100442747882,0.1559819284277298,4,0.2,2,10,7.518133294451892,1.7518222332000732,0.875,0.08433734939759036,0.15384615384615385,0.016,0.0,0.0,0.0,0.0,0.0,0.0,0.0,0.0,
TFIM_4q_h0.2_seed2,test,700,0.15003873372860532,-1.421946908224068,0.524457537142331,0.14797582618463517,0.006576299106382508,0.15325855902794938,4,0.2,2,10,7.518133294451892,1.7518222332000732,1.0,0.04296875,0.08239700374531835,0.015714285714285715,0.0,0.0,0.0,0.0,0.0,0.0,0.0,0.0,0.39199141135848614
TFIM_4q_h0.5_seed0,train,1600,0.06523008471270242,-2.7055867114752665,0.4831777922949466,0.06876837833520376,0.011749832475486556,0.12716459680115666,4,0.5,0,10,8.051769597222162,1.8368780612945557,0.0,0.0,0.0,0.0,0.0,0.0,0.0,0.0,0.0,0.0,0.0,0.0,
TFIM_4q_h0.5_seed0,val,500,0.055242435416749745,-2.8384480911710135,-0.3217765429895882,0.0542449043115403,0.002605211594327488,0.1384049664788004,4,0.5,0,10,8.051769597222162,1.8368780612945557,0.0,0.0,0.0,0.0,0.0,0.0,0.0,0.0,0.0,0.0,0.0,0.0,
TFIM_4q_h0.5_seed0,test,700,0.15828065515672549,-0.7890956139320081,-0.6346994993667848,0.14797582618463517,0.0013621953367073017,0.13932689045351762,4,0.5,0,10,8.051769597222162,1.8368780612945557,0.0,0.0,0.0,0.0,0.0,0.0,0.0,0.0,0.0,0.0,0.0,0.0,0.34301197437629954
TFIM_4q_h0.5_seed1,train,1600,0.058379945272147696,-2.819181398503016,0.6621428769233985,0.06876837833520376,0.02086425678010468,0.12815528774155438,4,0.5,1,10,8.599476710368684,1.748229742050171,0.7407407407407407,0.0625,0.11527377521613832,0.016875,1.0,0.05625,0.10650887573964497,0.005625,0.0,0.0,0.0,0.0,
TFIM_4q_h0.5_seed1,val,500,0.06579476297020521,-2.8061846944177034,0.3089032886314652,0.0542449043115403,0.01037361889322978,0.17534588776601737,4,0.5,1,10,8.599476710368684,1.748229742050171,0.5675675675675675,0.25301204819277107,0.35,0.074,0.5,0.10526315789473684,0.17391304347826086,0.016,0.0,0.0,0.0,0.0,
TFIM_4q_h0.5_seed1,test,700,0.14518651782158823,-1.6981162367284626,0.5740294253564705,0.14797582618463517,0.007400730245998745,0.17354587412411646,4,0.5,1,10,8.599476710368684,1.748229742050171,1.0,0.0859375,0.15827338129496402,0.03142857142857143,1.0,0.04712041884816754,0.09,0.012857142857142857,0.0,0.0,0.0,0.0,0.44394146960520703
TFIM_4q_h0.5_seed2,train,1600,0.06173040810195392,-2.758423783465753,0.5405401732849745,0.06876837833520376,0.01944670945862576,0.127939228881743,4,0.5,2,10,7.749145893817266,1.7477657794952393,0.9411764705882353,0.05,0.09495548961424333,0.010625,0.0,0.0,0.0,0.0,0.0,0.0,0.0,0.0,
TFIM_4q_h0.5_seed2,val,500,0.05377014060463961,-2.860686886787645,0.17955112194804193,0.0542449043115403,0.007069484059726011,0.14105368966739526,4,0.5,2,10,7.749145893817266,1.7477657794952393,0.0,0.0,0.0,0.0,0.0,0.0,0.0,0.0,0.0,0.0,0.0,0.0,
TFIM_4q_h0.5_seed2,test,700,0.15406340574303573,-1.1588601708760038,0.5252547791639116,0.14797582618463517,0.0052783804618145615,0.14186503392462763,4,0.5,2,10,7.749145893817266,1.7477657794952393,0.0,0.0,0.0,0.0,0.0,0.0,0.0,0.0,0.0,0.0,0.0,0.0,0.36049810450866154
TFIM_4q_h1_seed0,train,1600,0.055638374468081536,-2.8659466679995704,0.6630905904434446,0.06876837833520376,0.027465337156356382,0.12933369936530537,4,1.0,0,10,8.063105549310071,1.745297908782959,0.45,0.028125,0.052941176470588235,0.0125,1.0,0.0125,0.024691358024691357,0.00125,0.0,0.0,0.0,0.0,
TFIM_4q_h1_seed0,val,500,0.057229156142554465,-2.8482620437739232,-0.15059518594151544,0.0542449043115403,0.0023116584461406755,0.1520325740007816,4,1.0,0,10,8.063105549310071,1.745297908782959,0.0,0.0,0.0,0.0,0.0,0.0,0.0,0.0,0.0,0.0,0.0,0.0,
TFIM_4q_h1_seed0,test,700,0.15302465627531925,-1.2454746730376984,0.13489897597096873,0.14797582618463517,0.0013377738539069207,0.153521857812344,4,1.0,0,10,8.063105549310071,1.745297908782959,0.0,0.0,0.0,0.0,0.0,0.0,0.0,0.0,0.0,0.0,0.0,0.0,0.381042567875983
TFIM_4q_h1_seed1,train,1600,0.060409428054022295,-2.791942095752493,0.6007741222233596,0.06876837833520376,0.01940054266837874,0.12803217994248584,4,1.0,1,10,8.447994340961037,1.758162021636963,0.0,0.0,0.0,0.0,0.0,0.0,0.0,0.0,0.0,0.0,0.0,0.0,
TFIM_4q_h1_seed1,val,500,0.052566938798822536,-2.8537373879495407,0.27464038405443575,0.0542449043115403,0.009349026327036882,0.13156231484940129,4,1.0,1,10,8.447994340961037,1.758162021636963,0.0,0.0,0.0,0.0,0.0,0.0,0.0,0.0,0.0,0.0,0.0,0.0,
TFIM_4q_h1_seed1,test,700,0.16151257239194325,-0.5193511710008569,0.30049733197452905,0.14797582618463517,0.004144292686378368,0.1257758711420992,4,1.0,1,10,8.447994340961037,1.758162021636963,0.0,0.0,0.0,0.0,0.0,0.0,0.0,0.0,0.0,0.0,0.0,0.0,0.31487699491522503
TFIM_4q_h1_seed2,train,1600,0.06325015914235745,-2.7498418639638817,0.5494102166495649,0.06876837833520376,0.014591525731063162,0.127455523212128,4,1.0,2,10,8.467318884588257,1.7571263313293457,0.0,0.0,0.0,0.0,0.0,0.0,0.0,0.0,0.0,0.0,0.0,0.0,
TFIM_4q_h1_seed2,val,500,0.059833149483580136,-2.8398963264699706,0.3094805440183842,0.0542449043115403,0.002860752897700126,0.16194883158995454,4,1.0,2,10,8.467318884588257,1.7571263313293457,0.0,0.0,0.0,0.0,0.0,0.0,0.0,0.0,0.0,0.0,0.0,0.0,
TFIM_4q_h1_seed2,test,700,0.1503076526445703,-1.4363324959522514,0.5507867027454415,0.14797582618463517,0.002143543776924149,0.16090709299002814,4,1.0,2,10,8.467318884588257,1.7571263313293457,0.0,0.0,0.0,0.0,0.0,0.0,0.0,0.0,0.0,0.0,0.0,0.0,0.40301735946200723
TFIM_6q_h0.2_seed0,train,1600,0.0599643366222845,-2.802767986563145,0.548096011420301,0.06876837833520376,0.02483229452567347,0.12910880819572151,6,0.2,0,21,13.179210953655177,8.34888505935669,0.0,0.0,0.0,0.00125,0.0,0.0,0.0,0.0,0.0,0.0,0.0,0.0,
TFIM_6q_h0.2_seed0,val,500,0.09168093890630188,-2.6470928562353704,-0.19625036414881386,0.0542449043115403,0.004178221928133633,0.2082041566861263,6,0.2,0,21,13.179210953655177,8.34888505935669,0.16633266533066132,1.0,0.2852233676975945,0.998,0.0,0.0,0.0,0.028,0.0,0.0,0.0,0.0,
TFIM_6q_h0.2_seed0,test,700,0.15093857036446337,-1.7427355032404979,-0.24774616556163073,0.14797582618463517,0.006719352094846318,0.21181081292013734,6,0.2,0,21,13.179210953655177,8.34888505935669,0.3657142857142857,1.0,0.5355648535564853,1.0,0.10833333333333334,0.06806282722513089,0.08360128617363344,0.17142857142857143,0.0,0.0,0.0,0.0,0.5176450822197343
TFIM_6q_h0.2_seed1,train,1600,0.06271717733660609,-2.740359915379417,0.4748610310173245,0.06876837833520376,0.02135991538407557,0.128186797267733,6,0.2,1,21,13.586682245330165,8.29469895362854,0.7333333333333333,0.103125,0.18082191780821918,0.028125,1.0,0.0375,0.07228915662650602,0.00375,0.0,0.0,0.0,0.0,
TFIM_6q_h0.2_seed1,val,500,0.05727657010320903,-2.857261539139433,0.2718353025403616,0.0542449043115403,0.011695188081067686,0.1583877262294781,6,0.2,1,21,13.586682245330165,8.29469895362854,0.5714285714285714,0.14457831325301204,0.23076923076923078,0.042,0.0,0.0,0.0,0.0,0.0,0.0,0.0,0.0,
TFIM_6q_h0.2_seed1,test,700,0.150341543418397,-1.473027505013724,0.1434155459942355,0.14797582618463517,0.014504092061731755,0.1598303843105714,6,0.2,1,21,13.586682245330165,8.29469895362854,0.5,0.08203125,0.14093959731543623,0.06,0.0,0.0,0.0,0.0,0.0,0.0,0.0,0.0,0.39791102415825746
TFIM_6q_h0.2_seed2,train,1600,0.05581044524244372,-2.830495750535066,0.622399161388681,0.06876837833520376,0.03203035160231329,0.13006840758491106,6,0.2,2,21,13.763606092112616,8.486562013626099,0.6881720430107527,0.2,0.3099273607748184,0.058125,0.6756756756756757,0.15625,0.25380710659898476,0.023125,1.0,0.05,0.09523809523809523,0.0025,
TFIM_6q_h0.2_seed2,val,500,0.05359313828589269,-2.8644705931983525,0.17963315924547207,0.0542449043115403,0.008473929212173858,0.13981734299051993,6,0.2,2,21,13.763606092112616,8.486562013626099,0.0,0.0,0.0,0.004,0.0,0.0,0.0,0.0,0.0,0.0,0.0,0.0,
TFIM_6q_h0.2_seed2,test,700,0.15586797849505005,-1.0595510434691444,0.230945423298298,0.14797582618463517,0.008172770795518132,0.1394050036429875,6,0.2,2,21,13.763606092112616,8.486562013626099,0.0,0.0,0.0,0.0,0.0,0.0,0.0,0.0,0.0,0.0,0.0,0.0,0.35066409394138787
TFIM_6q_h0.5_seed0,train,1600,0.05431221960069457,-2.8905392386126874,0.6616068948876577,0.06876837833520376,0.03152007320941096,0.13038425090037645,6,0.5,0,21,12.525514519999263,11.337116956710815,0.75,0.084375,0.15168539325842698,0.0225,0.0,0.0,0.0,0.0,0.0,0.0,0.0,0.0,
TFIM_6q_h0.5_seed0,val,500,0.058767591299728236,-2.8438349292650247,0.1229113057082037,0.0542449043115403,0.0018549680363425115,0.15809037007372387,6,0.5,0,21,12.525514519999263,11.337116956710815,0.0,0.0,0.0,0.0,0.0,0.0,0.0,0.0,0.0,0.0,0.0,0.0,
TFIM_6q_h0.5_seed0,test,700,0.15198506949213264,-1.322239309484637,0.42316880411204033,0.14797582618463517,0.0007625120660965127,0.15714048643231837,6,0.5,0,21,12.525514519999263,11.337116956710815,0.0,0.0,0.0,0.0,0.0,0.0,0.0,0.0,0.0,0.0,0.0,0.0,0.39114141938185404
TFIM_6q_h0.5_seed1,train,1600,0.06288451003949574,-2.7545513285943115,0.5533004595042902,0.06876837833520376,0.015381144117758965,0.12753023779213724,6,0.5,1,21,14.852457502439636,12.316977739334106,0.0,0.0,0.0,0.0,0.0,0.0,0.0,0.0,0.0,0.0,0.0,0.0,
TFIM_6q_h0.5_seed1,val,500,0.05429690881883714,-2.832651950807785,0.07597596933039254,0.0542449043115403,0.002952412426489868,0.1304050204898175,6,0.5,1,21,14.852457502439636,12.316977739334106,0.0,0.0,0.0,0.0,0.0,0.0,0.0,0.0,0.0,0.0,0.0,0.0,
TFIM_6q_h0.5_seed1,test,700,0.16085430018812494,-0.6017874827879568,-0.0496633234763366,0.14797582618463517,0.005118231478671218,0.13090550828652928,6,0.5,1,21,14.852457502439636,12.316977739334106,0.0,0.0,0.0,0.0,0.0,0.0,0.0,0.0,0.0,0.0,0.0,0.0,0.32264845567644396
TFIM_6q_h0.5_seed2,train,1600,0.0544080910875191,-2.885003573607561,0.6595826594768751,0.06876837833520376,0.03157203109925206,0.1302276698355436,6,0.5,2,21,15.569859827394005,16.55781388282776,0.6410256410256411,0.15625,0.25125628140703515,0.04875,0.0,0.0,0.0,0.006875,0.0,0.0,0.0,0.0,
TFIM_6q_h0.5_seed2,val,500,0.06494567614545593,-2.809625364097936,0.17805815705567876,0.0542449043115403,0.003414258265023603,0.1714817092966497,6,0.5,2,21,15.569859827394005,16.55781388282776,0.0,0.0,0.0,0.0,0.0,0.0,0.0,0.0,0.0,0.0,0.0,0.0,
TFIM_6q_h0.5_seed2,test,700,0.14892203241577065,-1.506160227518756,0.24660209459424418,0.14797582618463517,0.005849570210528955,0.16720745734443038,6,0.5,2,21,15.569859827394005,16.55781388282776,0.0,0.0,0.0,0.0,0.0,0.0,0.0,0.0,0.0,0.0,0.0,0.0,0.42181109334792366
TFIM_6q_h1_seed0,train,1600,0.058660276330118936,-2.8257743000328706,0.5739640124828677,0.06876837833520376,0.0270964223188043,0.12934617138664045,6,1.0,0,21,15.745231657737985,18.66373300552368,0.5357142857142857,0.046875,0.08620689655172414,0.0175,0.0,0.0,0.0,0.000625,0.0,0.0,0.0,0.0,
TFIM_6q_h1_seed0,val,500,0.05271683057580268,-2.85606815818175,0.24140316821446084,0.0542449043115403,0.011304897931228162,0.13281928643533764,6,1.0,0,21,15.745231657737985,18.66373300552368,0.0,0.0,0.0,0.0,0.0,0.0,0.0,0.0,0.0,0.0,0.0,0.0,
TFIM_6q_h1_seed0,test,700,0.1599630825104378,-0.7290914509116849,0.16868227979015762,0.14797582618463517,0.009970671528220192,0.1292111055844829,6,1.0,0,21,15.745231657737985,18.66373300552368,0.0,0.0,0.0,0.0,0.0,0.0,0.0,0.0,0.0,0.0,0.0,0.0,0.32141961474573455
TFIM_6q_h1_seed1,train,1600,0.05657342330507542,-2.8589229998005328,0.6711895419622291,0.06876837833520376,0.024380392525982203,0.1288509462824117,6,1.0,1,21,17.269839227008998,18.5932879447937,0.2727272727272727,0.009375,0.01812688821752266,0.006875,0.0,0.0,0.0,0.0,0.0,0.0,0.0,0.0,
TFIM_6q_h1_seed1,val,500,0.05604407545442927,-2.8119046066417477,-0.29916958701118396,0.0542449043115403,0.0052258088370462676,0.1337889170107542,6,1.0,1,21,17.269839227008998,18.5932879447937,0.0,0.0,0.0,0.0,0.0,0.0,0.0,0.0,0.0,0.0,0.0,0.0,
TFIM_6q_h1_seed1,test,700,0.16024839536397284,-0.5664484243856872,-0.45826859560924815,0.14797582618463517,0.0035485654573104743,0.13581336052383608,6,1.0,1,21,17.269839227008998,18.5932879447937,0.0,0.0,0.0,0.0,0.0,0.0,0.0,0.0,0.0,0.0,0.0,0.0,0.3305666634772567
TFIM_6q_h1_seed2,train,1600,0.056074763546946814,-2.854982876175532,0.6240176560090931,0.06876837833520376,0.03054660350849871,0.1299594727696537,6,1.0,2,21,16.13980488499313,14.881712913513184,0.6909090909090909,0.11875,0.20266666666666666,0.034375,0.5,0.04375,0.08045977011494253,0.00875,0.7142857142857143,0.0625,0.11494252873563218,0.004375,
TFIM_6q_h1_seed2,val,500,0.05643174872517759,-2.8439022467802597,-0.1990083014690465,0.0542449043115403,0.0051203314554890845,0.14527613184405083,6,1.0,2,21,16.13980488499313,14.881712913513184,0.0,0.0,0.0,0.002,0.0,0.0,0.0,0.0,0.0,0.0,0.0,0.0,
TFIM_6q_h1_seed2,test,700,0.155907346376629,-0.9662285443793246,-0.027754233969125165,0.14797582618463517,0.00416940363081657,0.1445960569290845,6,1.0,2,21,16.13980488499313,14.881712913513184,0.0,0.0,0.0,0.0,0.0,0.0,0.0,0.0,0.0,0.0,0.0,0.0,0.3625155262909905
TFIM_8q_h0.2_seed0,train,1600,0.05974988940518509,-2.7873483241566053,0.5270063110569666,0.06876837833520376,0.029737983417079335,0.1295631853452149,8,0.2,0,36,20.137671688065478,70.55662083625793,0.6,0.159375,0.2518518518518518,0.053125,0.6764705882352942,0.14375,0.23711340206185566,0.02125,0.8571428571428571,0.075,0.13793103448275862,0.004375,
TFIM_8q_h0.2_seed0,val,500,0.06758895951271114,-2.799270272364066,0.3270843292270924,0.0542449043115403,0.02428565029114145,0.1785794211411699,8,0.2,0,36,20.137671688065478,70.55662083625793,0.27631578947368424,0.5060240963855421,0.3574468085106383,0.304,0.2222222222222222,0.2631578947368421,0.24096385542168675,0.09,0.0,0.0,0.0,0.0,
TFIM_8q_h0.2_seed0,test,700,0.14949486618135147,-1.3466516467105607,0.37365270549308527,0.14797582618463517,0.021600972804256956,0.14443831387445397,8,0.2,0,36,20.137671688065478,70.55662083625793,0.7666666666666667,0.08984375,0.16083916083916083,0.04285714285714286,1.0,0.07853403141361257,0.14563106796116504,0.02142857142857143,0.0,0.0,0.0,0.0,0.3925354374542729
TFIM_8q_h0.2_seed1,train,1600,0.05503590194636776,-2.838668941590872,0.6308551361773674,0.06876837833520376,0.034066871868670696,0.13039667609220829,8,0.2,1,36,20.428578622395214,74.27252697944641,0.6902654867256637,0.24375,0.36027713625866054,0.070625,0.6956521739130435,0.2,0.3106796116504854,0.02875,0.8461538461538461,0.1375,0.23655913978494625,0.008125,
TFIM_8q_h0.2_seed1,val,500,0.0640409194807278,-2.819393802009817,0.2606327692068989,0.0542449043115403,0.01399671746478031,0.1718753541920335,8,0.2,1,36,20.428578622395214,74.27252697944641,0.5121951219512195,0.25301204819277107,0.3387096774193548,0.082,0.0,0.0,0.0,0.004,0.0,0.0,0.0,0.0,
TFIM_8q_h0.2_seed1,test,700,0.15536399611151175,-1.0299225699364238,0.18158368572537983,0.14797582618463517,0.0199392751222401,0.1391701743980949,8,0.2,1,36,20.428578622395214,74.27252697944641,1.0,0.04296875,0.08239700374531835,0.015714285714285715,0.0,0.0,0.0,0.0,0.0,0.0,0.0,0.0,0.3614060058653671
TFIM_8q_h0.2_seed2,train,1600,0.06131993040677461,-2.7730430287894485,0.4977188502855901,0.06876837833520376,0.025617765889736886,0.12881837169025714,8,0.2,2,36,20.67255743804627,73.83436393737793,0.6101694915254238,0.1125,0.18997361477572558,0.036875,0.631578947368421,0.075,0.1340782122905028,0.011875,1.0,0.025,0.04878048780487805,0.00125,
TFIM_8q_h0.2_seed2,val,500,0.07300707249017684,-2.7626164185765303,0.32660406616152843,0.0542449043115403,0.015364292065126696,0.18693800675311542,8,0.2,2,36,20.67255743804627,73.83436393737793,0.26785714285714285,0.5421686746987951,0.35856573705179284,0.336,0.18518518518518517,0.13157894736842105,0.15384615384615385,0.054,0.0,0.0,0.0,0.002,
TFIM_8q_h0.2_seed2,test,700,0.14376500394780295,-1.7409050020003756,0.4560027030201092,0.14797582618463517,0.013524657213372574,0.17281887615924196,8,0.2,2,36,20.67255743804627,73.83436393737793,0.7045454545454546,0.12109375,0.20666666666666667,0.06285714285714286,1.0,0.08900523560209424,0.16346153846153846,0.024285714285714285,1.0,0.035211267605633804,0.06802721088435375,0.007142857142857143,0.4468041304637105
TFIM_8q_h0.5_seed0,train,1600,0.058546938501227115,-2.8141131253972644,0.5770468101383182,0.06876837833520376,0.027217483745248627,0.129289053796418,8,0.5,0,36,21.80505938861681,87.56033992767334,0.6271186440677966,0.115625,0.19525065963060687,0.036875,1.0,0.01875,0.03680981595092025,0.001875,0.0,0.0,0.0,0.0,
TFIM_8q_h0.5_seed0,val,500,0.06892517416441189,-2.791729221909823,0.2883228014238552,0.0542449043115403,0.021872054241879657,0.17989323621948716,8,0.5,0,36,21.80505938861681,87.56033992767334,0.26582278481012656,0.5060240963855421,0.34854771784232363,0.316,0.12121212121212122,0.10526315789473684,0.11267605633802817,0.066,0.0,0.0,0.0,0.0,
TFIM_8q_h0.5_seed0,test,700,0.14781661057098183,-1.4163712684453105,0.5503274370831894,0.14797582618463517,0.01561957940893573,0.1456970074085953,8,0.5,0,36,21.80505938861681,87.56033992767334,1.0,0.0859375,0.15827338129496402,0.03142857142857143,1.0,0.02617801047120419,0.05102040816326531,0.007142857142857143,0.0,0.0,0.0,0.0,0.40087607243798623
TFIM_8q_h0.5_seed1,train,1600,0.05247275301135238,-2.8887301885191072,0.6849996202312891,0.06876837833520376,0.03465633684433735,0.13075406497883985,8,0.5,1,36,23.425543836967986,80.03885269165039,0.7008547008547008,0.25625,0.37528604118993136,0.073125,0.5151515151515151,0.10625,0.17616580310880828,0.020625,0.75,0.0375,0.07142857142857142,0.0025,
TFIM_8q_h0.5_seed1,val,500,0.054968443458396424,-2.869253340849214,0.2931429472009912,0.0542449043115403,0.008964240243382918,0.15186121395742946,8,0.5,1,36,23.425543836967986,80.03885269165039,0.5,0.024096385542168676,0.04597701149425287,0.008,0.0,0.0,0.0,0.0,0.0,0.0,0.0,0.0,
TFIM_8q_h0.5_seed1,test,700,0.15439617427031702,-1.0863908856127331,0.35006387083900525,0.14797582618463517,0.010830558487499921,0.13888374232221065,8,0.5,1,36,23.425543836967986,80.03885269165039,0.0,0.0,0.0,0.0,0.0,0.0,0.0,0.0,0.0,0.0,0.0,0.0,0.3603449831277674
TFIM_8q_h0.5_seed2,train,1600,0.06033658867952965,-2.7931385675499794,0.5723394983057448,0.06876837833520376,0.02147094485607183,0.1282953723368364,8,0.5,2,36,24.549087939359215,98.44462418556213,0.75,0.05625,0.10465116279069768,0.015,1.0,0.01875,0.03680981595092025,0.001875,0.0,0.0,0.0,0.0,
TFIM_8q_h0.5_seed2,val,500,0.0750729054971435,-2.749912756404719,0.06726323336353557,0.0542449043115403,0.008140487337714686,0.18684837545206778,8,0.5,2,36,24.549087939359215,98.44462418556213,0.19858156028368795,0.3373493975903614,0.25,0.282,0.25,0.02631578947368421,0.047619047619047616,0.008,0.0,0.0,0.0,0.0,
TFIM_8q_h0.5_seed2,test,700,0.15183317216069245,-1.575059138389303,-0.12339392632235947,0.14797582618463517,0.019381195525715246,0.18461412902861177,8,0.5,2,36,24.549087939359215,98.44462418556213,0.24489795918367346,0.1875,0.21238938053097345,0.28,0.18604651162790697,0.041884816753926704,0.06837606837606838,0.06142857142857143,0.0,0.0,0.0,0.018571428571428572,0.44409927181738723
TFIM_8q_h1_seed0,train,1600,0.05607403877512462,-2.863857349047093,0.6570389085271117,0.06876837833520376,0.02676374657945791,0.1293126932618143,8,1.0,0,36,28.40726899984891,69.28656196594238,0.5625,0.028125,0.05357142857142857,0.01,0.0,0.0,0.0,0.0,0.0,0.0,0.0,0.0,
TFIM_8q_h1_seed0,val,500,0.05924117650583617,-2.8353767725712937,0.1337634518830779,0.0542449043115403,0.014128859978713137,0.15894156656368438,8,1.0,0,36,28.40726899984891,69.28656196594238,0.0,0.0,0.0,0.008,0.0,0.0,0.0,0.0,0.0,0.0,0.0,0.0,
TFIM_8q_h1_seed0,test,700,0.15936201567136168,-0.7370274532190334,0.008649567672778915,0.14797582618463517,0.02142466187333142,0.13752689461482506,8,1.0,0,36,28.40726899984891,69.28656196594238,0.0,0.0,0.0,0.017142857142857144,0.0,0.0,0.0,0.005714285714285714,0.0,0.0,0.0,0.0,0.3445418737500927
TFIM_8q_h1_seed1,train,1600,0.05636305381464314,-2.857295256172758,0.6181474243695355,0.06876837833520376,0.030313944041232773,0.12985541832366226,8,1.0,1,36,27.179218326229933,56.44041919708252,0.575,0.14375,0.23,0.05,0.2857142857142857,0.0375,0.06629834254143646,0.013125,0.3333333333333333,0.0125,0.024096385542168676,0.001875,
TFIM_8q_h1_seed1,val,500,0.05532485661668621,-2.7948092581147246,0.049723405299433525,0.0542449043115403,0.008961283102933355,0.12572287520521538,8,1.0,1,36,27.179218326229933,56.44041919708252,0.0,0.0,0.0,0.0,0.0,0.0,0.0,0.0,0.0,0.0,0.0,0.0,
TFIM_8q_h1_seed1,test,700,0.1617957717212877,-0.54847054773089,0.1935965723951494,0.14797582618463517,0.007839389912000443,0.124833621876857,8,1.0,1,36,27.179218326229933,56.44041919708252,0.0,0.0,0.0,0.0,0.0,0.0,0.0,0.0,0.0,0.0,0.0,0.0,0.31116551523803126
TFIM_8q_h1_seed2,train,1600,0.057964372687586696,-2.8309126489521153,0.618644053738095,0.06876837833520376,0.024806771054865468,0.12892074729071284,8,1.0,2,36,29.373788469450382,56.74806594848633,0.10526315789473684,0.00625,0.011799410029498525,0.011875,0.0,0.0,0.0,0.0,0.0,0.0,0.0,0.0,
TFIM_8q_h1_seed2,val,500,0.05469603005386464,-2.8619648456789,0.15894344469725943,0.0542449043115403,0.011080195447348892,0.14585320558003598,8,1.0,2,36,29.373788469450382,56.74806594848633,0.0,0.0,0.0,0.002,0.0,0.0,0.0,0.0,0.0,0.0,0.0,0.0,
TFIM_8q_h1_seed2,test,700,0.1596862927951117,-0.6814280269904792,0.010184683085469735,0.14797582618463517,0.012461963657186678,0.1341267479648793,8,1.0,2,36,29.373788469450382,56.74806594848633,0.0,0.0,0.0,0.002857142857142857,0.0,0.0,0.0,0.0,0.0,0.0,0.0,0.0,0.3358574030819851
TFIM_10q_h0.2_seed0,train,1600,0.0587000316042828,-2.799184754874444,0.5508695999595966,0.06876837833520376,0.0311219499886526,0.12985650917728944,10,0.2,0,55,27.95396001830115,392.56657886505127,0.6631578947368421,0.196875,0.3036144578313253,0.059375,0.55,0.1375,0.22,0.025,0.3333333333333333,0.0125,0.024096385542168676,0.001875,
TFIM_10q_h0.2_seed0,val,500,0.09158666021782078,-2.665154665695938,0.33985067859066187,0.0542449043115403,0.03494061303614535,0.2092660573945637,10,0.2,0,55,27.95396001830115,392.56657886505127,0.19875776397515527,0.7710843373493976,0.3160493827160494,0.644,0.08080808080808081,0.42105263157894735,0.13559322033898305,0.396,0.03529411764705882,0.15,0.05714285714285714,0.17,
TFIM_10q_h0.2_seed0,test,700,0.14414093209578882,-1.6200137106386612,0.3408420271408047,0.14797582618463517,0.028621940898675757,0.16237663696448143,10,0.2,0,55,27.95396001830115,392.56657886505127,0.5922330097087378,0.23828125,0.3398328690807799,0.14714285714285713,0.5405405405405406,0.10471204188481675,0.17543859649122806,0.05285714285714286,0.7058823529411765,0.08450704225352113,0.1509433962264151,0.024285714285714285,0.44816931201018306
TFIM_10q_h0.2_seed1,train,1600,0.058832823971050906,-2.8208871357145875,0.553049895442577,0.06876837833520376,0.02942944292997892,0.1299206427179151,10,0.2,1,55,28.016656948136657,318.6980800628662,0.574468085106383,0.084375,0.14713896457765668,0.029375,0.0,0.0,0.0,0.0,0.0,0.0,0.0,0.0,
TFIM_10q_h0.2_seed1,val,500,0.08313586720811289,-2.6997936586481464,0.2551619727541602,0.0542449043115403,0.013999859309449504,0.19951910874414858,10,0.2,1,55,28.016656948136657,318.6980800628662,0.1763085399449036,0.7710843373493976,0.28699551569506726,0.726,0.10144927536231885,0.18421052631578946,0.1308411214953271,0.138,0.0,0.0,0.0,0.0,
TFIM_10q_h0.2_seed1,test,700,0.1456908956350962,-1.729725345553109,0.30850658652297913,0.14797582618463517,0.008852881229015501,0.18548622577096036,10,0.2,1,55,28.016656948136657,318.6980800628662,0.4126984126984127,0.203125,0.27225130890052357,0.18,0.6153846153846154,0.041884816753926704,0.0784313725490196,0.018571428571428572,0.0,0.0,0.0,0.0,0.47246192672939324
TFIM_10q_h0.2_seed2,train,1600,0.05842863526055991,-2.7758928770698876,0.5596681837624405,0.06876837833520376,0.031028274820249155,0.12964095259323336,10,0.2,2,55,27.999063382778097,318.8873620033264,0.6636363636363637,0.228125,0.3395348837209302,0.06875,0.6,0.20625,0.30697674418604654,0.034375,0.8125,0.1625,0.2708333333333333,0.01,
TFIM_10q_h0.2_seed2,val,500,0.054241735353226427,-2.8674912829769412,0.2718098857280482,0.0542449043115403,0.016845804558010522,0.1495982462933664,10,0.2,2,55,27.999063382778097,318.8873620033264,0.7142857142857143,0.12048192771084337,0.20618556701030927,0.028,0.0,0.0,0.0,0.002,0.0,0.0,0.0,0.0,
TFIM_10q_h0.2_seed2,test,700,0.15561481055506277,-1.033376977246403,0.3318504328937642,0.14797582618463517,0.014267576856102299,0.13385908861174522,10,0.2,2,55,27.999063382778097,318.8873620033264,1.0,0.0234375,0.04580152671755725,0.008571428571428572,0.0,0.0,0.0,0.0,0.0,0.0,0.0,0.0,0.34928306788090563
TFIM_10q_h0.5_seed0,train,1600,0.057556792359900105,-2.8226626306046354,0.5879491359700775,0.06876837833520376,0.02989778704757203,0.129783285641345,10,0.5,0,55,30.557651673549714,320.74573707580566,0.7428571428571429,0.1625,0.26666666666666666,0.04375,0.6470588235294118,0.06875,0.12429378531073447,0.010625,1.0,0.025,0.04878048780487805,0.00125,
TFIM_10q_h0.5_seed0,val,500,0.08910305626322705,-2.678203832012892,0.3325065710407102,0.0542449043115403,0.0309404195654002,0.2068192335146636,10,0.5,0,55,30.557651673549714,320.74573707580566,0.2168284789644013,0.8072289156626506,0.34183673469387754,0.618,0.10734463276836158,0.5,0.17674418604651163,0.354,0.038461538461538464,0.15,0.061224489795918366,0.156,
TFIM_10q_h0.5_seed0,test,700,0.13967033610310278,-1.7655830584135395,0.46745385930693784,0.14797582618463517,0.026409605913385852,0.1693479916283805,10,0.5,0,55,30.557651673549714,320.74573707580566,0.6111111111111112,0.2578125,0.3626373626373626,0.15428571428571428,0.7352941176470589,0.13089005235602094,0.2222222222222222,0.04857142857142857,0.9473684210526315,0.1267605633802817,0.2236024844720497,0.027142857142857142,0.4728423835853702
TFIM_10q_h0.5_seed1,train,1600,0.05352444812342428,-2.905467757374366,0.665706756385763,0.06876837833520376,0.03354802849120249,0.13109920378698603,10,0.5,1,55,31.352190623654856,404.1018388271332,0.19047619047619047,0.0125,0.02346041055718475,0.013125,0.0,0.0,0.0,0.0,0.0,0.0,0.0,0.0,
TFIM_10q_h0.5_seed1,val,500,0.07017670541685538,-2.776111474174783,-0.2941346197521203,0.0542449043115403,0.00615544669241525,0.1768247136504907,10,0.5,1,55,31.352190623654856,404.1018388271332,0.0,0.0,0.0,0.018,0.0,0.0,0.0,0.0,0.0,0.0,0.0,0.0,
TFIM_10q_h0.5_seed1,test,700,0.15125596106165143,-1.4415712673319803,-0.49810638991534323,0.14797582618463517,0.004457367887347773,0.17570985830779823,10,0.5,1,55,31.352190623654856,404.1018388271332,0.0,0.0,0.0,0.0,0.0,0.0,0.0,0.0,0.0,0.0,0.0,0.0,0.4278194422026529
TFIM_10q_h0.5_seed2,train,1600,0.057755016174315235,-2.797793754262074,0.6032071264626042,0.06876837833520376,0.027188586026998782,0.12906122267064277,10,0.5,2,55,30.61390125246861,425.4260609149933,0.7241379310344828,0.196875,0.3095823095823096,0.054375,0.8846153846153846,0.14375,0.24731182795698925,0.01625,1.0,0.025,0.04878048780487805,0.00125,
TFIM_10q_h0.5_seed2,val,500,0.06282689285830445,-2.8222033975507967,0.199402065864879,0.0542449043115403,0.012959549339142408,0.16843951614283353,10,0.5,2,55,30.61390125246861,425.4260609149933,0.4642857142857143,0.1566265060240964,0.23423423423423423,0.056,0.0,0.0,0.0,0.004,0.0,0.0,0.0,0.0,
TFIM_10q_h0.5_seed2,test,700,0.14954379222266562,-1.4557109613974364,0.24682658252165893,0.14797582618463517,0.01582327145823271,0.15612128194431535,10,0.5,2,55,30.61390125246861,425.4260609149933,0.5806451612903226,0.0703125,0.1254355400696864,0.04428571428571428,0.5,0.02617801047120419,0.04975124378109453,0.014285714285714285,0.0,0.0,0.0,0.0,0.40247828055824364
TFIM_10q_h1_seed0,train,1600,0.05403967212193262,-2.894061850568437,0.6678019999446129,0.06876837833520376,0.03156873356181434,0.13044973305481466,10,1.0,0,55,43.05660637557453,440.39380288124084,0.5789473684210527,0.06875,0.12290502793296089,0.02375,0.0,0.0,0.0,0.000625,0.0,0.0,0.0,0.0,
TFIM_10q_h1_seed0,val,500,0.06364309879926894,-2.8179640386841682,0.03831042904031892,0.0542449043115403,0.012592986496615938,0.1666657657430692,10,1.0,0,55,43.05660637557453,440.39380288124084,0.043478260869565216,0.012048192771084338,0.018867924528301886,0.046,0.0,0.0,0.0,0.0,0.0,0.0,0.0,0.0,
TFIM_10q_h1_seed0,test,700,0.15126953332433196,-1.3567015708836145,0.13005640623839013,0.14797582618463517,0.008287251879876634,0.15800596476467577,10,1.0,0,55,43.05660637557453,440.39380288124084,1.0,0.01171875,0.023166023166023165,0.004285714285714286,0.0,0.0,0.0,0.0,0.0,0.0,0.0,0.0,0.39280830743176165
TFIM_10q_h1_seed1,train,1600,0.0526547593360367,-2.910869982152859,0.6808616954955112,0.06876837833520376,0.0344176267792414,0.1311040240055733,10,1.0,1,55,37.11093310056562,404.59458780288696,0.6388888888888888,0.14375,0.23469387755102042,0.045,0.0,0.0,0.0,0.0,0.0,0.0,0.0,0.0,
TFIM_10q_h1_seed1,val,500,0.05930720951983458,-2.8437211413646684,0.24993937779530254,0.0542449043115403,0.0066949324828384366,0.16169119787197542,10,1.0,1,55,37.11093310056562,404.59458780288696,1.0,0.03614457831325301,0.06976744186046512,0.006,0.0,0.0,0.0,0.0,0.0,0.0,0.0,0.0,
TFIM_10q_h1_seed1,test,700,0.15370350013424433,-1.1647036319124002,0.2436727751394728,0.14797582618463517,0.010022971900302121,0.1446821342492735,10,1.0,1,55,37.11093310056562,404.59458780288696,0.0,0.0,0.0,0.0,0.0,0.0,0.0,0.0,0.0,0.0,0.0,0.0,0.3701709883526529
TFIM_10q_h1_seed2,train,1600,0.051751629523108876,-2.9028055447361867,0.7127062416965859,0.06876837833520376,0.03293276567003395,0.13052019609076282,10,1.0,2,55,41.49976325579162,357.1197953224182,0.8133333333333334,0.190625,0.30886075949367087,0.046875,0.6875,0.06875,0.125,0.01,1.0,0.05,0.09523809523809523,0.0025,
TFIM_10q_h1_seed2,val,500,0.059647096064864014,-2.829682069006958,-0.019249966120773426,0.0542449043115403,0.010184288785431145,0.15715847260504914,10,1.0,2,55,41.49976325579162,357.1197953224182,0.0,0.0,0.0,0.002,0.0,0.0,0.0,0.0,0.0,0.0,0.0,0.0,
TFIM_10q_h1_seed2,test,700,0.15904270850090016,-0.6860103190277634,-0.06154763229327934,0.14797582618463517,0.012052816236871178,0.13808973881137282,10,1.0,2,55,41.49976325579162,357.1197953224182,0.0,0.0,0.0,0.0,0.0,0.0,0.0,0.0,0.0,0.0,0.0,0.0,0.3459629089777501
TFIM_12q_h0.2_seed0,train,1600,0.054848996721988896,-2.8371446640740543,0.6244932212819159,0.06876837833520376,0.03689784707836676,0.13082063763591306,12,0.2,0,78,37.83884255624328,3808.246069908142,0.6357142857142857,0.278125,0.3869565217391304,0.0875,0.56,0.2625,0.3574468085106383,0.046875,0.6666666666666666,0.225,0.3364485981308411,0.016875,
TFIM_12q_h0.2_seed0,val,500,0.055460658661592284,-2.8508082659688663,0.08242151377485399,0.0542449043115403,0.014641890129525567,0.1420814073728455,12,0.2,0,78,37.83884255624328,3808.246069908142,0.0,0.0,0.0,0.008,0.0,0.0,0.0,0.006,0.0,0.0,0.0,0.002,
TFIM_12q_h0.2_seed0,test,700,0.16460491893296003,-0.126189320941368,-0.07293698150636369,0.14797582618463517,0.013709942197104074,0.1245029249580159,12,0.2,0,78,37.83884255624328,3808.246069908142,0.0,0.0,0.0,0.0,0.0,0.0,0.0,0.0,0.0,0.0,0.0,0.0,0.30914396679544426
TFIM_12q_h0.2_seed1,train,1600,0.054276294975544384,-2.8424659924835747,0.6352468298613348,0.06876837833520376,0.037314095749314276,0.13095269142695803,12,0.2,1,78,38.55578913137861,10214.405215978622,0.6470588235294118,0.275,0.38596491228070173,0.085,0.6825396825396826,0.26875,0.38565022421524664,0.039375,0.8888888888888888,0.3,0.4485981308411215,0.016875,
TFIM_12q_h0.2_seed1,val,500,0.056355270929694994,-2.7442975489722454,0.22546453429015467,0.0542449043115403,0.017564635777325824,0.11618723780292646,12,0.2,1,78,38.55578913137861,10214.405215978622,0.5,0.03614457831325301,0.06741573033707865,0.012,0.0,0.0,0.0,0.004,0.0,0.0,0.0,0.002,
TFIM_12q_h0.2_seed1,test,700,0.16625395030886472,-0.06975918450271495,0.29967863416695895,0.14797582618463517,0.010040332719692163,0.11233349377320177,12,0.2,1,78,38.55578913137861,10214.405215978622,0.0,0.0,0.0,0.0,0.0,0.0,0.0,0.0,0.0,0.0,0.0,0.0,0.2869239375687499
TFIM_12q_h0.2_seed2,train,1600,0.054690429465853514,-2.8703005854639287,0.6268217052222027,0.06876837833520376,0.036493553908541296,0.1314148654001692,12,0.2,2,78,37.03237424558315,2743.5780198574066,0.608,0.2375,0.3415730337078652,0.078125,0.8571428571428571,0.15,0.2553191489361702,0.0175,1.0,0.075,0.13953488372093023,0.00375,
TFIM_12q_h0.2_seed2,val,500,0.08085079336068966,-2.7172353866921095,0.28643062732016106,0.0542449043115403,0.018792729532419696,0.1968640966012355,12,0.2,2,78,37.03237424558315,2743.5780198574066,0.19672131147540983,0.7228915662650602,0.30927835051546393,0.61,0.14705882352941177,0.2631578947368421,0.18867924528301888,0.136,0.07692307692307693,0.05,0.06060606060606061,0.026,
TFIM_12q_h0.2_seed2,test,700,0.14954106404051704,-1.5041768783546936,0.11747533179603403,0.14797582618463517,0.01683167364640777,0.16545673694342855,12,0.2,2,78,37.03237424558315,2743.5780198574066,0.4307692307692308,0.109375,0.17445482866043613,0.09285714285714286,0.5555555555555556,0.02617801047120419,0.05,0.012857142857142857,1.0,0.007042253521126761,0.013986013986013986,0.0014285714285714286,0.4202787207112438
TFIM_12q_h0.5_seed0,train,1600,0.05244300533030341,-2.9027928535608067,0.6907545747382081,0.06876837833520376,0.033819964415915414,0.13064177641031408,12,0.5,0,78,41.74183398401357,1764.7767550945282,0.6330275229357798,0.215625,0.32167832167832167,0.068125,0.45454545454545453,0.09375,0.15544041450777202,0.020625,1.0,0.05,0.09523809523809523,0.0025,
TFIM_12q_h0.5_seed0,val,500,0.06906150661840581,-2.771515864816464,-0.02693842812820046,0.0542449043115403,0.019775042466321165,0.17213951856186283,12,0.5,0,78,41.74183398401357,1764.7767550945282,0.2549019607843137,0.3132530120481928,0.2810810810810811,0.204,0.0,0.0,0.0,0.006,0.0,0.0,0.0,0.002,
TFIM_12q_h0.5_seed0,test,700,0.1575671417667116,-0.8629418082241392,-0.09855426894965334,0.14797582618463517,0.020130705744752345,0.1491372423094649,12,0.5,0,78,41.74183398401357,1764.7767550945282,0.48717948717948717,0.07421875,0.1288135593220339,0.055714285714285716,0.0,0.0,0.0,0.0,0.0,0.0,0.0,0.0,0.36705505858806137
TFIM_12q_h0.5_seed1,train,1600,0.05020889892469305,-2.9087421915616507,0.7068597222720504,0.06876837833520376,0.03933792319884908,0.13185809310204535,12,0.5,1,78,42.35901322015508,6262.869405031204,0.6339869281045751,0.303125,0.41014799154334036,0.095625,0.6833333333333333,0.25625,0.37272727272727274,0.0375,1.0,0.2,0.3333333333333333,0.01,
TFIM_12q_h0.5_seed1,val,500,0.053154015598692164,-2.840068012930378,0.22517404840947322,0.0542449043115403,0.01544839318150469,0.13037114928834606,12,0.5,1,78,42.35901322015508,6262.869405031204,0.5555555555555556,0.060240963855421686,0.10869565217391304,0.018,0.0,0.0,0.0,0.004,0.0,0.0,0.0,0.0,
TFIM_12q_h0.5_seed1,test,700,0.1627356454991586,-0.44608128097117156,0.06486192156149279,0.14797582618463517,0.010863657609120904,0.12477631497825815,12,0.5,1,78,42.35901322015508,6262.869405031204,0.0,0.0,0.0,0.0,0.0,0.0,0.0,0.0,0.0,0.0,0.0,0.0,0.30966512230347676
TFIM_12q_h0.5_seed2,train,1600,0.052495609459335235,-2.9085242560155855,0.6730372267810131,0.06876837833520376,0.03625487031502249,0.13188657448578966,12,0.5,2,78,38.35532567582696,1800.4426958560944,0.6842105263157895,0.08125,0.1452513966480447,0.02375,0.0,0.0,0.0,0.0,0.0,0.0,0.0,0.0,
TFIM_12q_h0.5_seed2,val,500,0.08445180977523488,-2.6904177784232632,0.1861046133405779,0.0542449043115403,0.008205174854219986,0.20049862319726963,12,0.5,2,78,38.35532567582696,1800.4426958560944,0.16488222698072805,0.927710843373494,0.28,0.934,0.06666666666666667,0.02631578947368421,0.03773584905660377,0.03,0.0,0.0,0.0,0.0,
TFIM_12q_h0.5_seed2,test,700,0.1487943407362412,-1.5715134413594998,0.01038507113710242,0.14797582618463517,0.008323188143903787,0.1790473253770027,12,0.5,2,78,38.35532567582696,1800.4426958560944,0.30120481927710846,0.09765625,0.14749262536873156,0.11857142857142858,1.0,0.015706806282722512,0.030927835051546393,0.004285714285714286,0.0,0.0,0.0,0.0,0.4474209353181817
TFIM_12q_h1_seed0,train,1600,0.053250814477896403,-2.9042159016294526,0.6811546377699356,0.06876837833520376,0.03232964304430043,0.13065800365330588,12,1.0,0,78,54.09619817166152,6737.015146970749,0.6428571428571429,0.05625,0.10344827586206896,0.0175,1.0,0.00625,0.012422360248447204,0.000625,0.0,0.0,0.0,0.0,
TFIM_12q_h1_seed0,val,500,0.0797730139462793,-2.7168964550987584,-0.192567552960914,0.0542449043115403,0.011689143280053675,0.1901559279084039,12,1.0,0,78,54.09619817166152,6737.015146970749,0.11875,0.4578313253012048,0.18858560794044665,0.64,0.0,0.0,0.0,0.0,0.0,0.0,0.0,0.0,
TFIM_12q_h1_seed0,test,700,0.1513868496174224,-1.3900152340640877,0.01219654182239912,0.14797582618463517,0.01333867609906794,0.1633060772040958,12,1.0,0,78,54.09619817166152,6737.015146970749,0.3125,0.0390625,0.06944444444444445,0.045714285714285714,0.0,0.0,0.0,0.004285714285714286,0.0,0.0,0.0,0.0,0.40873545259303495
TFIM_12q_h1_seed1,train,1600,0.04789653207139137,-2.9541022284712466,0.7537390144949914,0.06876837833520376,0.038266915688223886,0.13192663420256093,12,1.0,1,78,53.81135069751018,10558.675040006638,0.7230769230769231,0.29375,0.4177777777777778,0.08125,0.6666666666666666,0.125,0.21052631578947367,0.01875,0.8333333333333334,0.0625,0.11627906976744186,0.00375,
TFIM_12q_h1_seed1,val,500,0.06471516503308491,-2.8124161433410677,0.14503765981537528,0.0542449043115403,0.006686488564483818,0.17115552477876383,12,1.0,1,78,53.81135069751018,10558.675040006638,0.3125,0.060240963855421686,0.10101010101010101,0.032,0.0,0.0,0.0,0.002,0.0,0.0,0.0,0.0,
TFIM_12q_h1_seed1,test,700,0.15066788471910497,-1.4245833338884613,0.03452699777012154,0.14797582618463517,0.0029258417090305393,0.16443364156732515,12,1.0,1,78,53.81135069751018,10558.675040006638,0.0,0.0,0.0,0.0,0.0,0.0,0.0,0.0,0.0,0.0,0.0,0.0,0.4085022743930781
TFIM_12q_h1_seed2,train,1600,0.0532113073005785,-2.9057876567077754,0.6671287107820261,0.06876837833520376,0.03464119954210598,0.13116023646558314,12,1.0,2,78,53.57508269505837,6645.7946600914,0.4473684210526316,0.10625,0.1717171717171717,0.0475,0.5,0.0125,0.024390243902439025,0.0025,0.0,0.0,0.0,0.0,
TFIM_12q_h1_seed2,val,500,0.059455172564181195,-2.838049099258746,0.07810718691464551,0.0542449043115403,0.007800953020198157,0.15946328497831644,12,1.0,2,78,53.57508269505837,6645.7946600914,0.0,0.0,0.0,0.0,0.0,0.0,0.0,0.0,0.0,0.0,0.0,0.0,
TFIM_12q_h1_seed2,test,700,0.15724916943762737,-0.8829744479218589,0.029513647029569507,0.14797582618463517,0.007028682869643323,0.13984712857603107,12,1.0,2,78,53.57508269505837,6645.7946600914,0.0,0.0,0.0,0.0,0.0,0.0,0.0,0.0,0.0,0.0,0.0,0.0,0.35060692281965017
