date,actual_future_rv_20d,esn_pred_future_rv_20d,run_name
2020-02-28,0.9232012495028388,0.3025644922548368,esn_n500_sr0.9_inp0.2_leak0.5_alpha3000.0
2020-03-02,0.917891119139974,0.2785007386621407,esn_n500_sr0.9_inp0.2_leak0.5_alpha3000.0
2020-03-03,0.9136368908040716,0.33629657380267564,esn_n500_sr0.9_inp0.2_leak0.5_alpha3000.0
2020-03-04,0.9165644585639228,0.2916683506869671,esn_n500_sr0.9_inp0.2_leak0.5_alpha3000.0
2020-03-05,0.91227602059658,0.3374687093671605,esn_n500_sr0.9_inp0.2_leak0.5_alpha3000.0
2020-03-06,0.9118209191632692,0.3608796061804023,esn_n500_sr0.9_inp0.2_leak0.5_alpha3000.0
2020-03-09,0.8951846172161024,0.4431782408829625,esn_n500_sr0.9_inp0.2_leak0.5_alpha3000.0
2020-03-10,0.8770966391854239,0.421150474705945,esn_n500_sr0.9_inp0.2_leak0.5_alpha3000.0
2020-03-11,0.8669279955686815,0.49417044715628633,esn_n500_sr0.9_inp0.2_leak0.5_alpha3000.0
2020-03-12,0.7918335988644885,0.5829350383575481,esn_n500_sr0.9_inp0.2_leak0.5_alpha3000.0
2020-03-13,0.737075713182344,0.5032397185354005,esn_n500_sr0.9_inp0.2_leak0.5_alpha3000.0
2020-03-16,0.6202516280015581,0.5970808968208993,esn_n500_sr0.9_inp0.2_leak0.5_alpha3000.0
2020-03-17,0.596391325997834,0.5314644985628331,esn_n500_sr0.9_inp0.2_leak0.5_alpha3000.0
2020-03-18,0.567412198885068,0.605789029344459,esn_n500_sr0.9_inp0.2_leak0.5_alpha3000.0
2020-03-19,0.5751985247258079,0.5937080209628405,esn_n500_sr0.9_inp0.2_leak0.5_alpha3000.0
2020-03-20,0.5571200255544214,0.646433573370095,esn_n500_sr0.9_inp0.2_leak0.5_alpha3000.0
2020-03-23,0.5602761724096167,0.617402297641086,esn_n500_sr0.9_inp0.2_leak0.5_alpha3000.0
2020-03-24,0.4745536188236609,0.524520993288217,esn_n500_sr0.9_inp0.2_leak0.5_alpha3000.0
2020-03-25,0.4716132414245852,0.528389986395124,esn_n500_sr0.9_inp0.2_leak0.5_alpha3000.0
2020-03-26,0.4292513343637495,0.44805944887360993,esn_n500_sr0.9_inp0.2_leak0.5_alpha3000.0
2020-03-27,0.4187103627322876,0.49489045419420485,esn_n500_sr0.9_inp0.2_leak0.5_alpha3000.0
2020-03-30,0.4033810035455642,0.43660923039619015,esn_n500_sr0.9_inp0.2_leak0.5_alpha3000.0
2020-03-31,0.4102301509843103,0.4348563403529494,esn_n500_sr0.9_inp0.2_leak0.5_alpha3000.0
2020-04-01,0.3777204310128774,0.5007872882058221,esn_n500_sr0.9_inp0.2_leak0.5_alpha3000.0
2020-04-02,0.3810322565434791,0.4201110976005711,esn_n500_sr0.9_inp0.2_leak0.5_alpha3000.0
2020-04-03,0.3776377060036913,0.4144819708023894,esn_n500_sr0.9_inp0.2_leak0.5_alpha3000.0
2020-04-06,0.3007156144814732,0.4072742897428864,esn_n500_sr0.9_inp0.2_leak0.5_alpha3000.0
2020-04-07,0.3016616148498545,0.40866019915473745,esn_n500_sr0.9_inp0.2_leak0.5_alpha3000.0
2020-04-08,0.2812055526195198,0.3717973331661399,esn_n500_sr0.9_inp0.2_leak0.5_alpha3000.0
2020-04-09,0.2821274398121022,0.3662660791671484,esn_n500_sr0.9_inp0.2_leak0.5_alpha3000.0
2020-04-13,0.2802434650929139,0.3763214543477577,esn_n500_sr0.9_inp0.2_leak0.5_alpha3000.0
2020-04-14,0.2701823503502518,0.36542812139679604,esn_n500_sr0.9_inp0.2_leak0.5_alpha3000.0
2020-04-15,0.2668310328277478,0.3932081956234112,esn_n500_sr0.9_inp0.2_leak0.5_alpha3000.0
2020-04-16,0.2696111141700713,0.3641672692129342,esn_n500_sr0.9_inp0.2_leak0.5_alpha3000.0
2020-04-17,0.2529855470497542,0.34631535993226215,esn_n500_sr0.9_inp0.2_leak0.5_alpha3000.0
2020-04-20,0.2671414942094705,0.36864587507213376,esn_n500_sr0.9_inp0.2_leak0.5_alpha3000.0
2020-04-21,0.2464316169093808,0.38598143982467187,esn_n500_sr0.9_inp0.2_leak0.5_alpha3000.0
2020-04-22,0.2413138401029233,0.36296102572787897,esn_n500_sr0.9_inp0.2_leak0.5_alpha3000.0
2020-04-23,0.2425635310772559,0.3565207583276364,esn_n500_sr0.9_inp0.2_leak0.5_alpha3000.0
2020-04-24,0.2376302820153834,0.33464801963955665,esn_n500_sr0.9_inp0.2_leak0.5_alpha3000.0
2020-04-27,0.2361677407903995,0.3212044613958233,esn_n500_sr0.9_inp0.2_leak0.5_alpha3000.0
2020-04-28,0.2413629471772201,0.3246377049788484,esn_n500_sr0.9_inp0.2_leak0.5_alpha3000.0
2020-04-29,0.2233489578622734,0.30431927571504325,esn_n500_sr0.9_inp0.2_leak0.5_alpha3000.0
2020-04-30,0.2214301447476907,0.3100949472407414,esn_n500_sr0.9_inp0.2_leak0.5_alpha3000.0
2020-05-01,0.2004143808599535,0.3354328531221907,esn_n500_sr0.9_inp0.2_leak0.5_alpha3000.0
2020-05-04,0.2023045172244171,0.31800129780036224,esn_n500_sr0.9_inp0.2_leak0.5_alpha3000.0
2020-05-05,0.2050939316640647,0.3032145582411078,esn_n500_sr0.9_inp0.2_leak0.5_alpha3000.0
2020-05-06,0.2038817160184683,0.3031484726349917,esn_n500_sr0.9_inp0.2_leak0.5_alpha3000.0
2020-05-07,0.218687747859732,0.2861437215792518,esn_n500_sr0.9_inp0.2_leak0.5_alpha3000.0
2020-05-08,0.2150580534305033,0.27138716346012476,esn_n500_sr0.9_inp0.2_leak0.5_alpha3000.0
2020-05-11,0.2166917327934761,0.2720378082053171,esn_n500_sr0.9_inp0.2_leak0.5_alpha3000.0
2020-05-12,0.205530263597585,0.2979514276426382,esn_n500_sr0.9_inp0.2_leak0.5_alpha3000.0
2020-05-13,0.2874955811826977,0.32027901644395834,esn_n500_sr0.9_inp0.2_leak0.5_alpha3000.0
2020-05-14,0.2874999254023734,0.302679248155049,esn_n500_sr0.9_inp0.2_leak0.5_alpha3000.0
2020-05-15,0.2889275008135583,0.2882269478985771,esn_n500_sr0.9_inp0.2_leak0.5_alpha3000.0
2020-05-18,0.2769746516032362,0.26364254887188593,esn_n500_sr0.9_inp0.2_leak0.5_alpha3000.0
2020-05-19,0.2749366990585464,0.27583442076920595,esn_n500_sr0.9_inp0.2_leak0.5_alpha3000.0
2020-05-20,0.2683589348857267,0.25483786878532083,esn_n500_sr0.9_inp0.2_leak0.5_alpha3000.0
2020-05-21,0.2680028346846513,0.2644131579014975,esn_n500_sr0.9_inp0.2_leak0.5_alpha3000.0
2020-05-22,0.2688779837898655,0.2511187598778553,esn_n500_sr0.9_inp0.2_leak0.5_alpha3000.0
2020-05-26,0.2658418202121995,0.257709055929821,esn_n500_sr0.9_inp0.2_leak0.5_alpha3000.0
2020-05-27,0.2762899064579848,0.2489018959231983,esn_n500_sr0.9_inp0.2_leak0.5_alpha3000.0
2020-05-28,0.2787935611731541,0.24856013715604564,esn_n500_sr0.9_inp0.2_leak0.5_alpha3000.0
2020-05-29,0.2911311279505935,0.24102954053679315,esn_n500_sr0.9_inp0.2_leak0.5_alpha3000.0
2020-06-01,0.2953550712587017,0.23285026014722035,esn_n500_sr0.9_inp0.2_leak0.5_alpha3000.0
2020-06-02,0.2973534920929283,0.22514670186099534,esn_n500_sr0.9_inp0.2_leak0.5_alpha3000.0
2020-06-03,0.29467090231058,0.2191897159615176,esn_n500_sr0.9_inp0.2_leak0.5_alpha3000.0
2020-06-04,0.2951673777335289,0.22117945097765693,esn_n500_sr0.9_inp0.2_leak0.5_alpha3000.0
2020-06-05,0.2863764044725382,0.21245704035845298,esn_n500_sr0.9_inp0.2_leak0.5_alpha3000.0
2020-06-08,0.285563989938576,0.21265448731668984,esn_n500_sr0.9_inp0.2_leak0.5_alpha3000.0
2020-06-09,0.2856089203576233,0.22467955879279292,esn_n500_sr0.9_inp0.2_leak0.5_alpha3000.0
2020-06-10,0.2856372742053463,0.2264230702592661,esn_n500_sr0.9_inp0.2_leak0.5_alpha3000.0
2020-06-11,0.1961272327499756,0.2952100073708455,esn_n500_sr0.9_inp0.2_leak0.5_alpha3000.0
2020-06-12,0.1939927344746757,0.3259326251242471,esn_n500_sr0.9_inp0.2_leak0.5_alpha3000.0
2020-06-15,0.1965555139023021,0.32934842641165896,esn_n500_sr0.9_inp0.2_leak0.5_alpha3000.0
2020-06-16,0.1873718652678265,0.3387509133083061,esn_n500_sr0.9_inp0.2_leak0.5_alpha3000.0
2020-06-17,0.1871550631810512,0.32508204734485674,esn_n500_sr0.9_inp0.2_leak0.5_alpha3000.0
2020-06-18,0.1874319425445104,0.3012682557842695,esn_n500_sr0.9_inp0.2_leak0.5_alpha3000.0
2020-06-19,0.1885028763469449,0.30681342570427056,esn_n500_sr0.9_inp0.2_leak0.5_alpha3000.0
2020-06-22,0.1872832809962245,0.27464309321113123,esn_n500_sr0.9_inp0.2_leak0.5_alpha3000.0
2020-06-23,0.1876569543130166,0.255270683113933,esn_n500_sr0.9_inp0.2_leak0.5_alpha3000.0
2020-06-24,0.1691678228431882,0.2870246428325579,esn_n500_sr0.9_inp0.2_leak0.5_alpha3000.0
2020-06-25,0.1664663359381972,0.269501824659162,esn_n500_sr0.9_inp0.2_leak0.5_alpha3000.0
2020-06-26,0.145243598864703,0.2968710269413773,esn_n500_sr0.9_inp0.2_leak0.5_alpha3000.0
2020-06-29,0.137562516025005,0.27608915360579606,esn_n500_sr0.9_inp0.2_leak0.5_alpha3000.0
2020-06-30,0.1369848981567976,0.2650857528827321,esn_n500_sr0.9_inp0.2_leak0.5_alpha3000.0
2020-07-01,0.1353212765075679,0.24212718247777096,esn_n500_sr0.9_inp0.2_leak0.5_alpha3000.0
2020-07-02,0.1367935470580526,0.23914364788857972,esn_n500_sr0.9_inp0.2_leak0.5_alpha3000.0
2020-07-06,0.1279070086791458,0.22296962196577702,esn_n500_sr0.9_inp0.2_leak0.5_alpha3000.0
2020-07-07,0.1232606277982563,0.22899621110340293,esn_n500_sr0.9_inp0.2_leak0.5_alpha3000.0
2020-07-08,0.1222485965780565,0.2080540417742121,esn_n500_sr0.9_inp0.2_leak0.5_alpha3000.0
2020-07-09,0.1228547092476931,0.21579831211035064,esn_n500_sr0.9_inp0.2_leak0.5_alpha3000.0
2020-07-10,0.1174707957495858,0.1986581621809855,esn_n500_sr0.9_inp0.2_leak0.5_alpha3000.0
2020-07-13,0.113836033469816,0.2269269668795368,esn_n500_sr0.9_inp0.2_leak0.5_alpha3000.0
2020-07-14,0.1083304603339091,0.21369042531617288,esn_n500_sr0.9_inp0.2_leak0.5_alpha3000.0
2020-07-15,0.1144426459665727,0.20446258703254502,esn_n500_sr0.9_inp0.2_leak0.5_alpha3000.0
2020-07-16,0.114022996959897,0.19442914356621097,esn_n500_sr0.9_inp0.2_leak0.5_alpha3000.0
2020-07-17,0.1135591128798552,0.1830489337617508,esn_n500_sr0.9_inp0.2_leak0.5_alpha3000.0
2020-07-20,0.1104809274503814,0.17285225235543467,esn_n500_sr0.9_inp0.2_leak0.5_alpha3000.0
2020-07-21,0.1104889791663061,0.17097820285406087,esn_n500_sr0.9_inp0.2_leak0.5_alpha3000.0
2020-07-22,0.109641452226132,0.1632283322661864,esn_n500_sr0.9_inp0.2_leak0.5_alpha3000.0
2020-07-23,0.1016247859986394,0.17961007153325673,esn_n500_sr0.9_inp0.2_leak0.5_alpha3000.0
2020-07-24,0.0997977872357946,0.1789357988725362,esn_n500_sr0.9_inp0.2_leak0.5_alpha3000.0
2020-07-27,0.102835541389078,0.1663915785157255,esn_n500_sr0.9_inp0.2_leak0.5_alpha3000.0
2020-07-28,0.1010883816137573,0.16998558124583257,esn_n500_sr0.9_inp0.2_leak0.5_alpha3000.0
2020-07-29,0.0979290069386093,0.16008901504890194,esn_n500_sr0.9_inp0.2_leak0.5_alpha3000.0
2020-07-30,0.0974125728222805,0.16525098949068892,esn_n500_sr0.9_inp0.2_leak0.5_alpha3000.0
2020-07-31,0.0960778903518305,0.16583753437903712,esn_n500_sr0.9_inp0.2_leak0.5_alpha3000.0
2020-08-03,0.0937665428361727,0.15799361447186974,esn_n500_sr0.9_inp0.2_leak0.5_alpha3000.0
2020-08-04,0.0985504540855794,0.15180339330640197,esn_n500_sr0.9_inp0.2_leak0.5_alpha3000.0
2020-08-05,0.108754267132411,0.14964716934353794,esn_n500_sr0.9_inp0.2_leak0.5_alpha3000.0
2020-08-06,0.1634668028843875,0.14717732955054177,esn_n500_sr0.9_inp0.2_leak0.5_alpha3000.0
2020-08-07,0.1660173327828997,0.14716343772401028,esn_n500_sr0.9_inp0.2_leak0.5_alpha3000.0
2020-08-10,0.1926644371400608,0.1461148568216878,esn_n500_sr0.9_inp0.2_leak0.5_alpha3000.0
2020-08-11,0.2026623764906241,0.16155545637689558,esn_n500_sr0.9_inp0.2_leak0.5_alpha3000.0
2020-08-12,0.2062096598287469,0.1576617694168859,esn_n500_sr0.9_inp0.2_leak0.5_alpha3000.0
2020-08-13,0.2061175399626652,0.15333847580861068,esn_n500_sr0.9_inp0.2_leak0.5_alpha3000.0
2020-08-14,0.2112862554316147,0.14812616486772862,esn_n500_sr0.9_inp0.2_leak0.5_alpha3000.0
2020-08-17,0.2117431226860124,0.14277956887148832,esn_n500_sr0.9_inp0.2_leak0.5_alpha3000.0
2020-08-18,0.2120747299443,0.1424376432988382,esn_n500_sr0.9_inp0.2_leak0.5_alpha3000.0
2020-08-19,0.2138683019320517,0.151047949187492,esn_n500_sr0.9_inp0.2_leak0.5_alpha3000.0
2020-08-20,0.2175021376639198,0.1468382925226055,esn_n500_sr0.9_inp0.2_leak0.5_alpha3000.0
2020-08-21,0.2207430318613333,0.14279479437436782,esn_n500_sr0.9_inp0.2_leak0.5_alpha3000.0
2020-08-24,0.220772539093252,0.14143774569243633,esn_n500_sr0.9_inp0.2_leak0.5_alpha3000.0
2020-08-25,0.2356350366340552,0.13723512300631965,esn_n500_sr0.9_inp0.2_leak0.5_alpha3000.0
2020-08-26,0.2331506512187665,0.13962962317414826,esn_n500_sr0.9_inp0.2_leak0.5_alpha3000.0
2020-08-27,0.239874637417647,0.1449919279095493,esn_n500_sr0.9_inp0.2_leak0.5_alpha3000.0
2020-08-28,0.245838649887827,0.14292712604721303,esn_n500_sr0.9_inp0.2_leak0.5_alpha3000.0
2020-08-31,0.2462650209483614,0.1575637185365078,esn_n500_sr0.9_inp0.2_leak0.5_alpha3000.0
2020-09-01,0.2454750739554157,0.15977040494467587,esn_n500_sr0.9_inp0.2_leak0.5_alpha3000.0
2020-09-02,0.241196309306351,0.16394511923881172,esn_n500_sr0.9_inp0.2_leak0.5_alpha3000.0
2020-09-03,0.2094496521902897,0.22465624938485854,esn_n500_sr0.9_inp0.2_leak0.5_alpha3000.0
2020-09-04,0.2165997894316518,0.24412668664737056,esn_n500_sr0.9_inp0.2_leak0.5_alpha3000.0
2020-09-08,0.1995708518153455,0.2758397224267634,esn_n500_sr0.9_inp0.2_leak0.5_alpha3000.0
2020-09-09,0.1968824497673217,0.23764491812926747,esn_n500_sr0.9_inp0.2_leak0.5_alpha3000.0
2020-09-10,0.1894143152376919,0.259060132676773,esn_n500_sr0.9_inp0.2_leak0.5_alpha3000.0
2020-09-11,0.1920166323332445,0.2364977157800646,esn_n500_sr0.9_inp0.2_leak0.5_alpha3000.0
2020-09-14,0.1947364361950358,0.22231978273254296,esn_n500_sr0.9_inp0.2_leak0.5_alpha3000.0
2020-09-15,0.1953008736338086,0.20927184221041337,esn_n500_sr0.9_inp0.2_leak0.5_alpha3000.0
2020-09-16,0.1960709751733398,0.20890737919731955,esn_n500_sr0.9_inp0.2_leak0.5_alpha3000.0
2020-09-17,0.1935969644299481,0.20430769948514704,esn_n500_sr0.9_inp0.2_leak0.5_alpha3000.0
2020-09-18,0.1891958550541536,0.20964088464115446,esn_n500_sr0.9_inp0.2_leak0.5_alpha3000.0
2020-09-21,0.1928057425291962,0.212275751518885,esn_n500_sr0.9_inp0.2_leak0.5_alpha3000.0
2020-09-22,0.1899517743531854,0.19453216837244183,esn_n500_sr0.9_inp0.2_leak0.5_alpha3000.0
2020-09-23,0.1708502230698305,0.2243161621840216,esn_n500_sr0.9_inp0.2_leak0.5_alpha3000.0
2020-09-24,0.1716903036109147,0.21820539889478321,esn_n500_sr0.9_inp0.2_leak0.5_alpha3000.0
2020-09-25,0.1624240692394255,0.19839867040686648,esn_n500_sr0.9_inp0.2_leak0.5_alpha3000.0
2020-09-28,0.1653671111194006,0.18446661687945115,esn_n500_sr0.9_inp0.2_leak0.5_alpha3000.0
2020-09-29,0.1646838089872906,0.18233768001350217,esn_n500_sr0.9_inp0.2_leak0.5_alpha3000.0
2020-09-30,0.2040602457860821,0.18153158601683975,esn_n500_sr0.9_inp0.2_leak0.5_alpha3000.0
2020-10-01,0.2059440517762381,0.17036625487695223,esn_n500_sr0.9_inp0.2_leak0.5_alpha3000.0
2020-10-02,0.2065188237245645,0.17666246545587336,esn_n500_sr0.9_inp0.2_leak0.5_alpha3000.0
2020-10-05,0.200803972022007,0.16341770092617955,esn_n500_sr0.9_inp0.2_leak0.5_alpha3000.0
2020-10-06,0.2039577355148469,0.19001524782044674,esn_n500_sr0.9_inp0.2_leak0.5_alpha3000.0
2020-10-07,0.2097669380748754,0.17353790672264122,esn_n500_sr0.9_inp0.2_leak0.5_alpha3000.0
2020-10-08,0.2184535512377401,0.15936391113233964,esn_n500_sr0.9_inp0.2_leak0.5_alpha3000.0
2020-10-09,0.2161636933787012,0.15509259848001092,esn_n500_sr0.9_inp0.2_leak0.5_alpha3000.0
2020-10-12,0.2132654122558163,0.16050273785589197,esn_n500_sr0.9_inp0.2_leak0.5_alpha3000.0
2020-10-13,0.2120592459432145,0.16760931736915016,esn_n500_sr0.9_inp0.2_leak0.5_alpha3000.0
2020-10-14,0.2125057679277142,0.17392224194839734,esn_n500_sr0.9_inp0.2_leak0.5_alpha3000.0
2020-10-15,0.2152598203470748,0.16970296766880602,esn_n500_sr0.9_inp0.2_leak0.5_alpha3000.0
2020-10-16,0.2207128972204488,0.17104667012615282,esn_n500_sr0.9_inp0.2_leak0.5_alpha3000.0
2020-10-19,0.2183939435176427,0.1967715448165215,esn_n500_sr0.9_inp0.2_leak0.5_alpha3000.0
2020-10-20,0.2187715028766244,0.19288834385790288,esn_n500_sr0.9_inp0.2_leak0.5_alpha3000.0
2020-10-21,0.2228517803428603,0.19222920357769901,esn_n500_sr0.9_inp0.2_leak0.5_alpha3000.0
2020-10-22,0.2225045511562266,0.1799379176932898,esn_n500_sr0.9_inp0.2_leak0.5_alpha3000.0
2020-10-23,0.2235138136083847,0.170330730178791,esn_n500_sr0.9_inp0.2_leak0.5_alpha3000.0
2020-10-26,0.2145334474008538,0.2027904746357818,esn_n500_sr0.9_inp0.2_leak0.5_alpha3000.0
2020-10-27,0.2215716517186364,0.2153264518399207,esn_n500_sr0.9_inp0.2_leak0.5_alpha3000.0
2020-10-28,0.1840796401510168,0.28317905795546655,esn_n500_sr0.9_inp0.2_leak0.5_alpha3000.0
2020-10-29,0.1808158665875185,0.29043751321504024,esn_n500_sr0.9_inp0.2_leak0.5_alpha3000.0
2020-10-30,0.1776476263608331,0.31486315923874586,esn_n500_sr0.9_inp0.2_leak0.5_alpha3000.0
2020-11-02,0.1774382313876873,0.30073030012435337,esn_n500_sr0.9_inp0.2_leak0.5_alpha3000.0
2020-11-03,0.1663740941717597,0.2867474893767953,esn_n500_sr0.9_inp0.2_leak0.5_alpha3000.0
2020-11-04,0.1467159191130088,0.25932209094958647,esn_n500_sr0.9_inp0.2_leak0.5_alpha3000.0
2020-11-05,0.1332385512739005,0.24336985945775386,esn_n500_sr0.9_inp0.2_leak0.5_alpha3000.0
2020-11-06,0.1334360345506455,0.2315623441569907,esn_n500_sr0.9_inp0.2_leak0.5_alpha3000.0
2020-11-09,0.1262854137277731,0.2609063316117107,esn_n500_sr0.9_inp0.2_leak0.5_alpha3000.0
2020-11-10,0.1301674017459566,0.23558574606478921,esn_n500_sr0.9_inp0.2_leak0.5_alpha3000.0
2020-11-11,0.1274939458752156,0.20887383020237277,esn_n500_sr0.9_inp0.2_leak0.5_alpha3000.0
2020-11-12,0.1227790344021561,0.21495721901904744,esn_n500_sr0.9_inp0.2_leak0.5_alpha3000.0
2020-11-13,0.1137823489293913,0.1956660117364742,esn_n500_sr0.9_inp0.2_leak0.5_alpha3000.0
2020-11-16,0.1152372583029632,0.18968865693502754,esn_n500_sr0.9_inp0.2_leak0.5_alpha3000.0
2020-11-17,0.1137724248340375,0.19053443248360166,esn_n500_sr0.9_inp0.2_leak0.5_alpha3000.0
2020-11-18,0.107185960820625,0.2056683354280522,esn_n500_sr0.9_inp0.2_leak0.5_alpha3000.0
2020-11-19,0.1070892746343264,0.19261118079438752,esn_n500_sr0.9_inp0.2_leak0.5_alpha3000.0
2020-11-20,0.1050470362249055,0.1957670988587207,esn_n500_sr0.9_inp0.2_leak0.5_alpha3000.0
2020-11-23,0.1030567111514563,0.18714922519777524,esn_n500_sr0.9_inp0.2_leak0.5_alpha3000.0
2020-11-24,0.0860883820630122,0.1776261835738312,esn_n500_sr0.9_inp0.2_leak0.5_alpha3000.0
2020-11-25,0.0870125123499934,0.17240185040684786,esn_n500_sr0.9_inp0.2_leak0.5_alpha3000.0
2020-11-27,0.0916282297299777,0.16299293369110382,esn_n500_sr0.9_inp0.2_leak0.5_alpha3000.0
2020-11-30,0.090518623205566,0.16255255293812168,esn_n500_sr0.9_inp0.2_leak0.5_alpha3000.0
2020-12-01,0.0820257121102998,0.15358069088581755,esn_n500_sr0.9_inp0.2_leak0.5_alpha3000.0
2020-12-02,0.0836433255632527,0.14236262872432065,esn_n500_sr0.9_inp0.2_leak0.5_alpha3000.0
2020-12-03,0.0967612304012181,0.13754182663506354,esn_n500_sr0.9_inp0.2_leak0.5_alpha3000.0
2020-12-04,0.0950191385530617,0.13037764675880306,esn_n500_sr0.9_inp0.2_leak0.5_alpha3000.0
2020-12-07,0.097071999132684,0.13171011515638803,esn_n500_sr0.9_inp0.2_leak0.5_alpha3000.0
2020-12-08,0.1097999868971967,0.13009843125797096,esn_n500_sr0.9_inp0.2_leak0.5_alpha3000.0
2020-12-09,0.1069582525455936,0.1465291244807624,esn_n500_sr0.9_inp0.2_leak0.5_alpha3000.0
2020-12-10,0.1096135378885656,0.1474197236304647,esn_n500_sr0.9_inp0.2_leak0.5_alpha3000.0
2020-12-11,0.1095369664697352,0.1493946905630854,esn_n500_sr0.9_inp0.2_leak0.5_alpha3000.0
2020-12-14,0.108792257918782,0.16284143060457107,esn_n500_sr0.9_inp0.2_leak0.5_alpha3000.0
2020-12-15,0.0985830068211586,0.15386196545022934,esn_n500_sr0.9_inp0.2_leak0.5_alpha3000.0
2020-12-16,0.1017972208806942,0.14798622938908582,esn_n500_sr0.9_inp0.2_leak0.5_alpha3000.0
2020-12-17,0.1036418537574954,0.1411590632711662,esn_n500_sr0.9_inp0.2_leak0.5_alpha3000.0
2020-12-18,0.1136657955270098,0.1457445269686422,esn_n500_sr0.9_inp0.2_leak0.5_alpha3000.0
2020-12-21,0.1129987995997628,0.17628041447475476,esn_n500_sr0.9_inp0.2_leak0.5_alpha3000.0
2020-12-22,0.1135397898749533,0.16685705363821413,esn_n500_sr0.9_inp0.2_leak0.5_alpha3000.0
2020-12-23,0.1143517388678578,0.15647329308312768,esn_n500_sr0.9_inp0.2_leak0.5_alpha3000.0
2020-12-24,0.113653429002364,0.14228522826725604,esn_n500_sr0.9_inp0.2_leak0.5_alpha3000.0
2020-12-28,0.1403913024369397,0.13832984143440577,esn_n500_sr0.9_inp0.2_leak0.5_alpha3000.0
2020-12-29,0.1434842672997757,0.1423270275900111,esn_n500_sr0.9_inp0.2_leak0.5_alpha3000.0
2020-12-30,0.160358635560322,0.13752352632061488,esn_n500_sr0.9_inp0.2_leak0.5_alpha3000.0
2020-12-31,0.1697794971666852,0.13498194494354573,esn_n500_sr0.9_inp0.2_leak0.5_alpha3000.0
2021-01-04,0.1701230038107334,0.16688699973030063,esn_n500_sr0.9_inp0.2_leak0.5_alpha3000.0
2021-01-05,0.1683924241836795,0.1602528302094784,esn_n500_sr0.9_inp0.2_leak0.5_alpha3000.0
2021-01-06,0.1718073108409619,0.162776595366782,esn_n500_sr0.9_inp0.2_leak0.5_alpha3000.0
2021-01-07,0.164230116158015,0.14964507076252953,esn_n500_sr0.9_inp0.2_leak0.5_alpha3000.0
2021-01-08,0.1649765249685284,0.14626868952483862,esn_n500_sr0.9_inp0.2_leak0.5_alpha3000.0
2021-01-11,0.1632373547806011,0.1517309166167382,esn_n500_sr0.9_inp0.2_leak0.5_alpha3000.0
2021-01-12,0.1632429581896031,0.14603066025208292,esn_n500_sr0.9_inp0.2_leak0.5_alpha3000.0
2021-01-13,0.1630642330817135,0.13665756496245757,esn_n500_sr0.9_inp0.2_leak0.5_alpha3000.0
2021-01-14,0.1635261663117069,0.14159538869854105,esn_n500_sr0.9_inp0.2_leak0.5_alpha3000.0
2021-01-15,0.1614782303031946,0.14963857864732427,esn_n500_sr0.9_inp0.2_leak0.5_alpha3000.0
2021-01-19,0.1590756918118616,0.14074964663510542,esn_n500_sr0.9_inp0.2_leak0.5_alpha3000.0
2021-01-20,0.1521654261117945,0.13286231221328895,esn_n500_sr0.9_inp0.2_leak0.5_alpha3000.0
2021-01-21,0.1522603626586004,0.12906400728081197,esn_n500_sr0.9_inp0.2_leak0.5_alpha3000.0
2021-01-22,0.154194685199923,0.12970988188403224,esn_n500_sr0.9_inp0.2_leak0.5_alpha3000.0
2021-01-25,0.1536208275375561,0.1361774061383675,esn_n500_sr0.9_inp0.2_leak0.5_alpha3000.0
2021-01-26,0.1583726756915545,0.13264419861970608,esn_n500_sr0.9_inp0.2_leak0.5_alpha3000.0
2021-01-27,0.1576806245880092,0.18547791649626286,esn_n500_sr0.9_inp0.2_leak0.5_alpha3000.0
2021-01-28,0.1558059099901387,0.18805189207563772,esn_n500_sr0.9_inp0.2_leak0.5_alpha3000.0
2021-01-29,0.1623290688941498,0.2307972735353316,esn_n500_sr0.9_inp0.2_leak0.5_alpha3000.0
2021-02-01,0.1539161449996253,0.2185654701762765,esn_n500_sr0.9_inp0.2_leak0.5_alpha3000.0
2021-02-02,0.1531216075277557,0.19509084020480952,esn_n500_sr0.9_inp0.2_leak0.5_alpha3000.0
2021-02-03,0.1593490259110258,0.17631494046203158,esn_n500_sr0.9_inp0.2_leak0.5_alpha3000.0
2021-02-04,0.1672418287585388,0.1661516276550894,esn_n500_sr0.9_inp0.2_leak0.5_alpha3000.0
2021-02-05,0.1675986118320797,0.15825525106992536,esn_n500_sr0.9_inp0.2_leak0.5_alpha3000.0
2021-02-08,0.1731158992808364,0.15003677666439247,esn_n500_sr0.9_inp0.2_leak0.5_alpha3000.0
2021-02-09,0.1744955502408916,0.14198711059629265,esn_n500_sr0.9_inp0.2_leak0.5_alpha3000.0
2021-02-10,0.178125336185922,0.14046020548350416,esn_n500_sr0.9_inp0.2_leak0.5_alpha3000.0
2021-02-11,0.1780972808400338,0.13480304722272743,esn_n500_sr0.9_inp0.2_leak0.5_alpha3000.0
2021-02-12,0.1784885124065209,0.12696277587143365,esn_n500_sr0.9_inp0.2_leak0.5_alpha3000.0
2021-02-16,0.1785182504469195,0.1304473886882123,esn_n500_sr0.9_inp0.2_leak0.5_alpha3000.0
2021-02-17,0.1789248446482307,0.12688433228258655,esn_n500_sr0.9_inp0.2_leak0.5_alpha3000.0
2021-02-18,0.185719033912344,0.13074983284643826,esn_n500_sr0.9_inp0.2_leak0.5_alpha3000.0
2021-02-19,0.1857294540400392,0.13107289180284826,esn_n500_sr0.9_inp0.2_leak0.5_alpha3000.0
2021-02-22,0.1858526740322251,0.13655538930134736,esn_n500_sr0.9_inp0.2_leak0.5_alpha3000.0
2021-02-23,0.18790796430101,0.1411400502615231,esn_n500_sr0.9_inp0.2_leak0.5_alpha3000.0
2021-02-24,0.184725171633525,0.13323301516222671,esn_n500_sr0.9_inp0.2_leak0.5_alpha3000.0
2021-02-25,0.1643899024007383,0.1753025583348228,esn_n500_sr0.9_inp0.2_leak0.5_alpha3000.0
2021-02-26,0.1729387833753124,0.18940969848135494,esn_n500_sr0.9_inp0.2_leak0.5_alpha3000.0
2021-03-01,0.150608834206751,0.1786123828916324,esn_n500_sr0.9_inp0.2_leak0.5_alpha3000.0
2021-03-02,0.148319475241089,0.17623908338535088,esn_n500_sr0.9_inp0.2_leak0.5_alpha3000.0
2021-03-03,0.1412960427726473,0.18571810418369347,esn_n500_sr0.9_inp0.2_leak0.5_alpha3000.0
2021-03-04,0.1395156483861502,0.2119083884953158,esn_n500_sr0.9_inp0.2_leak0.5_alpha3000.0
2021-03-05,0.1335531113023275,0.19726111723833176,esn_n500_sr0.9_inp0.2_leak0.5_alpha3000.0
2021-03-08,0.1323893996532325,0.19217986103333448,esn_n500_sr0.9_inp0.2_leak0.5_alpha3000.0
2021-03-09,0.1225216614277758,0.1791087357480057,esn_n500_sr0.9_inp0.2_leak0.5_alpha3000.0
2021-03-10,0.1216919818265343,0.1615342187121908,esn_n500_sr0.9_inp0.2_leak0.5_alpha3000.0
2021-03-11,0.1191124186007969,0.14777701043112748,esn_n500_sr0.9_inp0.2_leak0.5_alpha3000.0
2021-03-12,0.1190236032449847,0.13626873210249776,esn_n500_sr0.9_inp0.2_leak0.5_alpha3000.0
2021-03-15,0.1176075173501008,0.13078572037101707,esn_n500_sr0.9_inp0.2_leak0.5_alpha3000.0
2021-03-16,0.1181479234249601,0.12873817556890516,esn_n500_sr0.9_inp0.2_leak0.5_alpha3000.0
2021-03-17,0.1234972549373574,0.1254509396813177,esn_n500_sr0.9_inp0.2_leak0.5_alpha3000.0
2021-03-18,0.1126285628797259,0.14337153051081242,esn_n500_sr0.9_inp0.2_leak0.5_alpha3000.0
2021-03-19,0.1137875554320671,0.14123437836466798,esn_n500_sr0.9_inp0.2_leak0.5_alpha3000.0
2021-03-22,0.1132739878328173,0.13096764197654912,esn_n500_sr0.9_inp0.2_leak0.5_alpha3000.0
2021-03-23,0.1147246291691452,0.14041801736345458,esn_n500_sr0.9_inp0.2_leak0.5_alpha3000.0
2021-03-24,0.1178777707192447,0.149251748461904,esn_n500_sr0.9_inp0.2_leak0.5_alpha3000.0
2021-03-25,0.1223273265717011,0.1438763404212837,esn_n500_sr0.9_inp0.2_leak0.5_alpha3000.0
2021-03-26,0.1086218907008507,0.13547228392862934,esn_n500_sr0.9_inp0.2_leak0.5_alpha3000.0
2021-03-29,0.1086097872725094,0.13470908213081628,esn_n500_sr0.9_inp0.2_leak0.5_alpha3000.0
2021-03-30,0.1082045037210498,0.12886184503051884,esn_n500_sr0.9_inp0.2_leak0.5_alpha3000.0
2021-03-31,0.1095926097362695,0.12554041191284412,esn_n500_sr0.9_inp0.2_leak0.5_alpha3000.0
2021-04-01,0.1053773472418361,0.11732023548742536,esn_n500_sr0.9_inp0.2_leak0.5_alpha3000.0
2021-04-05,0.0927573529837751,0.11952978000564467,esn_n500_sr0.9_inp0.2_leak0.5_alpha3000.0
2021-04-06,0.0952998729919548,0.11614495104871,esn_n500_sr0.9_inp0.2_leak0.5_alpha3000.0
2021-04-07,0.0952178499630007,0.11065868697947266,esn_n500_sr0.9_inp0.2_leak0.5_alpha3000.0
2021-04-08,0.0978825021339009,0.10960540819566665,esn_n500_sr0.9_inp0.2_leak0.5_alpha3000.0
2021-04-09,0.097889943587024,0.11050485651114494,esn_n500_sr0.9_inp0.2_leak0.5_alpha3000.0
2021-04-12,0.1040609883407194,0.11171800259200833,esn_n500_sr0.9_inp0.2_leak0.5_alpha3000.0
2021-04-13,0.1083095784293853,0.11031710121754745,esn_n500_sr0.9_inp0.2_leak0.5_alpha3000.0
2021-04-14,0.1318853486982286,0.11396164716979648,esn_n500_sr0.9_inp0.2_leak0.5_alpha3000.0
2021-04-15,0.1332353644655705,0.11241998337657606,esn_n500_sr0.9_inp0.2_leak0.5_alpha3000.0
2021-04-16,0.1433083357766902,0.11180587559560537,esn_n500_sr0.9_inp0.2_leak0.5_alpha3000.0
2021-04-19,0.1425251327979984,0.11714956518820997,esn_n500_sr0.9_inp0.2_leak0.5_alpha3000.0
2021-04-20,0.1434449943416573,0.1299098875481676,esn_n500_sr0.9_inp0.2_leak0.5_alpha3000.0
2021-04-21,0.1398063045785102,0.12570195989770105,esn_n500_sr0.9_inp0.2_leak0.5_alpha3000.0
2021-04-22,0.1411657968086422,0.1396001866874034,esn_n500_sr0.9_inp0.2_leak0.5_alpha3000.0
2021-04-23,0.1359076283803007,0.12980165898330912,esn_n500_sr0.9_inp0.2_leak0.5_alpha3000.0
2021-04-26,0.1404005644987439,0.12352727246566517,esn_n500_sr0.9_inp0.2_leak0.5_alpha3000.0
2021-04-27,0.1406196638060635,0.11824225995520075,esn_n500_sr0.9_inp0.2_leak0.5_alpha3000.0
2021-04-28,0.1407919199990361,0.114200019291585,esn_n500_sr0.9_inp0.2_leak0.5_alpha3000.0
2021-04-29,0.1389868140317397,0.11410137151161903,esn_n500_sr0.9_inp0.2_leak0.5_alpha3000.0
2021-04-30,0.1371496256469087,0.11947380824761746,esn_n500_sr0.9_inp0.2_leak0.5_alpha3000.0
2021-05-03,0.1369719992911476,0.11713561717682144,esn_n500_sr0.9_inp0.2_leak0.5_alpha3000.0
2021-05-04,0.1353141298419298,0.1262772784815599,esn_n500_sr0.9_inp0.2_leak0.5_alpha3000.0
2021-05-05,0.1359518039716624,0.12375807253623644,esn_n500_sr0.9_inp0.2_leak0.5_alpha3000.0
2021-05-06,0.1368583059417793,0.12025294703154442,esn_n500_sr0.9_inp0.2_leak0.5_alpha3000.0
2021-05-07,0.1344598587394402,0.1142468839306273,esn_n500_sr0.9_inp0.2_leak0.5_alpha3000.0
2021-05-10,0.1297385995949956,0.13123272212532844,esn_n500_sr0.9_inp0.2_leak0.5_alpha3000.0
2021-05-11,0.1258870910123799,0.14588455862103128,esn_n500_sr0.9_inp0.2_leak0.5_alpha3000.0
2021-05-12,0.101529887887338,0.18212860010520154,esn_n500_sr0.9_inp0.2_leak0.5_alpha3000.0
2021-05-13,0.0924451386296905,0.1658168950669922,esn_n500_sr0.9_inp0.2_leak0.5_alpha3000.0
2021-05-14,0.0753871500638247,0.14895060810591534,esn_n500_sr0.9_inp0.2_leak0.5_alpha3000.0
2021-05-17,0.0751258825686577,0.1517229040613736,esn_n500_sr0.9_inp0.2_leak0.5_alpha3000.0
2021-05-18,0.071382506087572,0.16102673868935133,esn_n500_sr0.9_inp0.2_leak0.5_alpha3000.0
2021-05-19,0.0707814978149417,0.15695851294722402,esn_n500_sr0.9_inp0.2_leak0.5_alpha3000.0
2021-05-20,0.0767584127142071,0.14147291234864956,esn_n500_sr0.9_inp0.2_leak0.5_alpha3000.0
2021-05-21,0.0918109570433626,0.13578386163253098,esn_n500_sr0.9_inp0.2_leak0.5_alpha3000.0
2021-05-24,0.0865518859428152,0.12261108086717927,esn_n500_sr0.9_inp0.2_leak0.5_alpha3000.0
2021-05-25,0.0862983185113555,0.120681553088516,esn_n500_sr0.9_inp0.2_leak0.5_alpha3000.0
2021-05-26,0.0885223803755579,0.11079182307050747,esn_n500_sr0.9_inp0.2_leak0.5_alpha3000.0
2021-05-27,0.089393337999621,0.1080058146064553,esn_n500_sr0.9_inp0.2_leak0.5_alpha3000.0
2021-05-28,0.0894540985501164,0.10593614183053918,esn_n500_sr0.9_inp0.2_leak0.5_alpha3000.0
2021-06-01,0.0894197572667985,0.10949723636311935,esn_n500_sr0.9_inp0.2_leak0.5_alpha3000.0
2021-06-02,0.0892955409015071,0.10700812403546563,esn_n500_sr0.9_inp0.2_leak0.5_alpha3000.0
2021-06-03,0.0904632146450354,0.10919693120894769,esn_n500_sr0.9_inp0.2_leak0.5_alpha3000.0
2021-06-04,0.0887114321767558,0.10422547964425684,esn_n500_sr0.9_inp0.2_leak0.5_alpha3000.0
2021-06-07,0.0888804048882145,0.10324558639445555,esn_n500_sr0.9_inp0.2_leak0.5_alpha3000.0
2021-06-08,0.0897551122329963,0.1032657765130574,esn_n500_sr0.9_inp0.2_leak0.5_alpha3000.0
2021-06-09,0.0941874801852394,0.10599709533017561,esn_n500_sr0.9_inp0.2_leak0.5_alpha3000.0
2021-06-10,0.1001042746680687,0.1029263893811665,esn_n500_sr0.9_inp0.2_leak0.5_alpha3000.0
2021-06-11,0.1007353009965807,0.103482771546455,esn_n500_sr0.9_inp0.2_leak0.5_alpha3000.0
2021-06-14,0.1011508455781535,0.1052366115855586,esn_n500_sr0.9_inp0.2_leak0.5_alpha3000.0
2021-06-15,0.1010794051339696,0.10971786274565459,esn_n500_sr0.9_inp0.2_leak0.5_alpha3000.0
2021-06-16,0.0998476800534572,0.1207720412420883,esn_n500_sr0.9_inp0.2_leak0.5_alpha3000.0
2021-06-17,0.1036795999882314,0.12033223186578355,esn_n500_sr0.9_inp0.2_leak0.5_alpha3000.0
2021-06-18,0.1058962176908711,0.13629591653018838,esn_n500_sr0.9_inp0.2_leak0.5_alpha3000.0
2021-06-21,0.1059203598870655,0.12790848439736816,esn_n500_sr0.9_inp0.2_leak0.5_alpha3000.0
2021-06-22,0.1080749973246468,0.12127424483713883,esn_n500_sr0.9_inp0.2_leak0.5_alpha3000.0
2021-06-23,0.1082451447830828,0.11898381703122075,esn_n500_sr0.9_inp0.2_leak0.5_alpha3000.0
2021-06-24,0.1122440893674909,0.11624792393615548,esn_n500_sr0.9_inp0.2_leak0.5_alpha3000.0
2021-06-25,0.1118751595515379,0.11306907118254589,esn_n500_sr0.9_inp0.2_leak0.5_alpha3000.0
2021-06-28,0.1128178977680493,0.11022368799151358,esn_n500_sr0.9_inp0.2_leak0.5_alpha3000.0
2021-06-29,0.1128111330446339,0.10515445103220254,esn_n500_sr0.9_inp0.2_leak0.5_alpha3000.0
2021-06-30,0.1137244086024812,0.10318104062969,esn_n500_sr0.9_inp0.2_leak0.5_alpha3000.0
2021-07-01,0.1133478748106921,0.10056223488015588,esn_n500_sr0.9_inp0.2_leak0.5_alpha3000.0
2021-07-02,0.1103303592475436,0.099044838743534,esn_n500_sr0.9_inp0.2_leak0.5_alpha3000.0
2021-07-06,0.113833698385453,0.10503858649360101,esn_n500_sr0.9_inp0.2_leak0.5_alpha3000.0
2021-07-07,0.1144887838859917,0.1044816330650801,esn_n500_sr0.9_inp0.2_leak0.5_alpha3000.0
2021-07-08,0.1129887767542113,0.11891847114960889,esn_n500_sr0.9_inp0.2_leak0.5_alpha3000.0
2021-07-09,0.1066780541442341,0.11520889312680242,esn_n500_sr0.9_inp0.2_leak0.5_alpha3000.0
2021-07-12,0.1059597910012219,0.11111490082327206,esn_n500_sr0.9_inp0.2_leak0.5_alpha3000.0
2021-07-13,0.1053566960238502,0.11342223687801735,esn_n500_sr0.9_inp0.2_leak0.5_alpha3000.0
2021-07-14,0.105591768469731,0.11150567073524616,esn_n500_sr0.9_inp0.2_leak0.5_alpha3000.0
2021-07-15,0.1054274815962836,0.11234617825540281,esn_n500_sr0.9_inp0.2_leak0.5_alpha3000.0
2021-07-16,0.1018593238237296,0.12472539386377891,esn_n500_sr0.9_inp0.2_leak0.5_alpha3000.0
2021-07-19,0.0874982908127199,0.15180004676434514,esn_n500_sr0.9_inp0.2_leak0.5_alpha3000.0
2021-07-20,0.0751664199295383,0.14164756629788433,esn_n500_sr0.9_inp0.2_leak0.5_alpha3000.0
2021-07-21,0.0797294079875701,0.12817456654108159,esn_n500_sr0.9_inp0.2_leak0.5_alpha3000.0
2021-07-22,0.0795726460248617,0.12118231984670075,esn_n500_sr0.9_inp0.2_leak0.5_alpha3000.0
2021-07-23,0.0761788361826462,0.11687673790556842,esn_n500_sr0.9_inp0.2_leak0.5_alpha3000.0
2021-07-26,0.0818162499061473,0.11105657115827774,esn_n500_sr0.9_inp0.2_leak0.5_alpha3000.0
2021-07-27,0.0803907244279898,0.11790247994368955,esn_n500_sr0.9_inp0.2_leak0.5_alpha3000.0
2021-07-28,0.0807212551533059,0.11346515400455331,esn_n500_sr0.9_inp0.2_leak0.5_alpha3000.0
2021-07-29,0.0821085286536593,0.10872025513367017,esn_n500_sr0.9_inp0.2_leak0.5_alpha3000.0
2021-07-30,0.0862641703276117,0.11113930417943965,esn_n500_sr0.9_inp0.2_leak0.5_alpha3000.0
2021-08-02,0.0873415214048813,0.11548255529106811,esn_n500_sr0.9_inp0.2_leak0.5_alpha3000.0
2021-08-03,0.0826379743985092,0.11059744410801085,esn_n500_sr0.9_inp0.2_leak0.5_alpha3000.0
2021-08-04,0.080784877771463,0.10981363255655352,esn_n500_sr0.9_inp0.2_leak0.5_alpha3000.0
2021-08-05,0.0783767464378255,0.10441930804466969,esn_n500_sr0.9_inp0.2_leak0.5_alpha3000.0
2021-08-06,0.0781620969864281,0.09972596286453843,esn_n500_sr0.9_inp0.2_leak0.5_alpha3000.0
2021-08-09,0.0791368721471664,0.10043973524288867,esn_n500_sr0.9_inp0.2_leak0.5_alpha3000.0
2021-08-10,0.0791321300641785,0.09972537451286419,esn_n500_sr0.9_inp0.2_leak0.5_alpha3000.0
2021-08-11,0.0801005586923141,0.0971372221064195,esn_n500_sr0.9_inp0.2_leak0.5_alpha3000.0
2021-08-12,0.0842188614830037,0.09613193399643417,esn_n500_sr0.9_inp0.2_leak0.5_alpha3000.0
2021-08-13,0.0844600127383233,0.09539936966083663,esn_n500_sr0.9_inp0.2_leak0.5_alpha3000.0
2021-08-16,0.0862133436548831,0.09777455544949658,esn_n500_sr0.9_inp0.2_leak0.5_alpha3000.0
2021-08-17,0.0880878691582956,0.10792119553907202,esn_n500_sr0.9_inp0.2_leak0.5_alpha3000.0
2021-08-18,0.0791523972766184,0.12910125785694732,esn_n500_sr0.9_inp0.2_leak0.5_alpha3000.0
2021-08-19,0.0862685223160154,0.13230091213835546,esn_n500_sr0.9_inp0.2_leak0.5_alpha3000.0
2021-08-20,0.1010608081035732,0.12441645099432688,esn_n500_sr0.9_inp0.2_leak0.5_alpha3000.0
2021-08-23,0.0962190883182684,0.11896606817847422,esn_n500_sr0.9_inp0.2_leak0.5_alpha3000.0
2021-08-24,0.102048025816322,0.1158148726664793,esn_n500_sr0.9_inp0.2_leak0.5_alpha3000.0
2021-08-25,0.1104361589580029,0.11146371877112932,esn_n500_sr0.9_inp0.2_leak0.5_alpha3000.0
2021-08-26,0.1085751911442028,0.11810747560047442,esn_n500_sr0.9_inp0.2_leak0.5_alpha3000.0
2021-08-27,0.1043728505637436,0.11194341369997413,esn_n500_sr0.9_inp0.2_leak0.5_alpha3000.0
2021-08-30,0.1259876941791756,0.10832232603532845,esn_n500_sr0.9_inp0.2_leak0.5_alpha3000.0
2021-08-31,0.1260191736489601,0.10816240751350194,esn_n500_sr0.9_inp0.2_leak0.5_alpha3000.0
2021-09-01,0.1333520567676836,0.10581896798490356,esn_n500_sr0.9_inp0.2_leak0.5_alpha3000.0
2021-09-02,0.1393646443797706,0.10419523531662392,esn_n500_sr0.9_inp0.2_leak0.5_alpha3000.0
2021-09-03,0.1467808536856909,0.10355917977556914,esn_n500_sr0.9_inp0.2_leak0.5_alpha3000.0
2021-09-07,0.1507747659515767,0.11080019831250656,esn_n500_sr0.9_inp0.2_leak0.5_alpha3000.0
2021-09-08,0.1514299763285956,0.1118055041761731,esn_n500_sr0.9_inp0.2_leak0.5_alpha3000.0
2021-09-09,0.1537302918798785,0.11748519993949619,esn_n500_sr0.9_inp0.2_leak0.5_alpha3000.0
2021-09-10,0.1512793451504002,0.13438177785883118,esn_n500_sr0.9_inp0.2_leak0.5_alpha3000.0
2021-09-13,0.1531937731486876,0.13165971182846872,esn_n500_sr0.9_inp0.2_leak0.5_alpha3000.0
2021-09-14,0.1522364051052528,0.1340387932224232,esn_n500_sr0.9_inp0.2_leak0.5_alpha3000.0
2021-09-15,0.1498888694852489,0.12363818692369725,esn_n500_sr0.9_inp0.2_leak0.5_alpha3000.0
2021-09-16,0.1610617550491995,0.12228215642526416,esn_n500_sr0.9_inp0.2_leak0.5_alpha3000.0
2021-09-17,0.1595583083806427,0.1331493036234138,esn_n500_sr0.9_inp0.2_leak0.5_alpha3000.0
2021-09-20,0.1483458185221043,0.15941116794002028,esn_n500_sr0.9_inp0.2_leak0.5_alpha3000.0
2021-09-21,0.1507959053086051,0.15570260382278064,esn_n500_sr0.9_inp0.2_leak0.5_alpha3000.0
2021-09-22,0.1474639841268091,0.14326812736188926,esn_n500_sr0.9_inp0.2_leak0.5_alpha3000.0
2021-09-23,0.1413980767484383,0.13226641062823408,esn_n500_sr0.9_inp0.2_leak0.5_alpha3000.0
2021-09-24,0.1413252707005015,0.12579699994638907,esn_n500_sr0.9_inp0.2_leak0.5_alpha3000.0
2021-09-27,0.142231693482801,0.12636189828906597,esn_n500_sr0.9_inp0.2_leak0.5_alpha3000.0
2021-09-28,0.1225489247288219,0.15204714067232142,esn_n500_sr0.9_inp0.2_leak0.5_alpha3000.0
2021-09-29,0.1234139834118712,0.143582621502892,esn_n500_sr0.9_inp0.2_leak0.5_alpha3000.0
2021-09-30,0.1203633610259919,0.1589794257025118,esn_n500_sr0.9_inp0.2_leak0.5_alpha3000.0
2021-10-01,0.1130508481346387,0.1463974729293933,esn_n500_sr0.9_inp0.2_leak0.5_alpha3000.0
2021-10-04,0.1034159493316717,0.1540333581687966,esn_n500_sr0.9_inp0.2_leak0.5_alpha3000.0
2021-10-05,0.0977236433120064,0.1373651140936917,esn_n500_sr0.9_inp0.2_leak0.5_alpha3000.0
2021-10-06,0.0989948328101034,0.1286300135324762,esn_n500_sr0.9_inp0.2_leak0.5_alpha3000.0
2021-10-07,0.0956280087790336,0.11798128167519595,esn_n500_sr0.9_inp0.2_leak0.5_alpha3000.0
2021-10-08,0.0961970846328135,0.11533271639450933,esn_n500_sr0.9_inp0.2_leak0.5_alpha3000.0
2021-10-11,0.0927245046828391,0.12271403780417094,esn_n500_sr0.9_inp0.2_leak0.5_alpha3000.0
2021-10-12,0.0930560084724757,0.12072263928402974,esn_n500_sr0.9_inp0.2_leak0.5_alpha3000.0
2021-10-13,0.096535167857677,0.11455248043918538,esn_n500_sr0.9_inp0.2_leak0.5_alpha3000.0
2021-10-14,0.0762524491573331,0.10884034717488202,esn_n500_sr0.9_inp0.2_leak0.5_alpha3000.0
2021-10-15,0.0761670266099571,0.10473950523655165,esn_n500_sr0.9_inp0.2_leak0.5_alpha3000.0
2021-10-18,0.0754504679545714,0.10276083440038908,esn_n500_sr0.9_inp0.2_leak0.5_alpha3000.0
2021-10-19,0.0717299937471361,0.09888743992607346,esn_n500_sr0.9_inp0.2_leak0.5_alpha3000.0
2021-10-20,0.0708951036103353,0.09706645087849344,esn_n500_sr0.9_inp0.2_leak0.5_alpha3000.0
2021-10-21,0.0713124365692295,0.09651805438660102,esn_n500_sr0.9_inp0.2_leak0.5_alpha3000.0
2021-10-22,0.071500213964871,0.10050971306502929,esn_n500_sr0.9_inp0.2_leak0.5_alpha3000.0
2021-10-25,0.0696561441228969,0.09944080895601473,esn_n500_sr0.9_inp0.2_leak0.5_alpha3000.0
2021-10-26,0.0697417079297905,0.1032485640772659,esn_n500_sr0.9_inp0.2_leak0.5_alpha3000.0
2021-10-27,0.0685936334532971,0.11072913705400772,esn_n500_sr0.9_inp0.2_leak0.5_alpha3000.0
2021-10-28,0.0997680890466524,0.10643952887684512,esn_n500_sr0.9_inp0.2_leak0.5_alpha3000.0
2021-10-29,0.1085119065434439,0.10426350255075799,esn_n500_sr0.9_inp0.2_leak0.5_alpha3000.0
2021-11-01,0.1288505670568195,0.10327735774277845,esn_n500_sr0.9_inp0.2_leak0.5_alpha3000.0
2021-11-02,0.1340493459991623,0.10084649947914721,esn_n500_sr0.9_inp0.2_leak0.5_alpha3000.0
2021-11-03,0.1428763221295497,0.09957189186262398,esn_n500_sr0.9_inp0.2_leak0.5_alpha3000.0
2021-11-04,0.1452497915738904,0.10097256635334555,esn_n500_sr0.9_inp0.2_leak0.5_alpha3000.0
2021-11-05,0.1506418283756304,0.10616581841385457,esn_n500_sr0.9_inp0.2_leak0.5_alpha3000.0
2021-11-08,0.1672286493654862,0.10852268937840871,esn_n500_sr0.9_inp0.2_leak0.5_alpha3000.0
2021-11-09,0.1670790766854927,0.11374294701107426,esn_n500_sr0.9_inp0.2_leak0.5_alpha3000.0
2021-11-10,0.1663477175769234,0.12415525796294374,esn_n500_sr0.9_inp0.2_leak0.5_alpha3000.0
2021-11-11,0.1696358805949914,0.11759649650786881,esn_n500_sr0.9_inp0.2_leak0.5_alpha3000.0
2021-11-12,0.170474701578054,0.1135188039387053,esn_n500_sr0.9_inp0.2_leak0.5_alpha3000.0
2021-11-15,0.1722227546698613,0.11328226338690854,esn_n500_sr0.9_inp0.2_leak0.5_alpha3000.0
2021-11-16,0.1802576512801097,0.11140397730726571,esn_n500_sr0.9_inp0.2_leak0.5_alpha3000.0
2021-11-17,0.1827753296850865,0.1130733706022702,esn_n500_sr0.9_inp0.2_leak0.5_alpha3000.0
2021-11-18,0.186286231620518,0.11291335437565118,esn_n500_sr0.9_inp0.2_leak0.5_alpha3000.0
2021-11-19,0.1900057418571182,0.11452633160388134,esn_n500_sr0.9_inp0.2_leak0.5_alpha3000.0
2021-11-22,0.1997659396122922,0.12416352241130642,esn_n500_sr0.9_inp0.2_leak0.5_alpha3000.0
2021-11-23,0.2028090756478133,0.12399172740038224,esn_n500_sr0.9_inp0.2_leak0.5_alpha3000.0
2021-11-24,0.2037810279785434,0.1172338612869138,esn_n500_sr0.9_inp0.2_leak0.5_alpha3000.0
2021-11-26,0.1939189930624821,0.1537495716864368,esn_n500_sr0.9_inp0.2_leak0.5_alpha3000.0
2021-11-29,0.1890504097498097,0.1470702555071343,esn_n500_sr0.9_inp0.2_leak0.5_alpha3000.0
2021-11-30,0.1757719831137676,0.1807951588084506,esn_n500_sr0.9_inp0.2_leak0.5_alpha3000.0
2021-12-01,0.1715239149122259,0.21134078028555273,esn_n500_sr0.9_inp0.2_leak0.5_alpha3000.0
2021-12-02,0.1630627896696616,0.19151500342100736,esn_n500_sr0.9_inp0.2_leak0.5_alpha3000.0
2021-12-03,0.1613911148157323,0.211340835520521,esn_n500_sr0.9_inp0.2_leak0.5_alpha3000.0
2021-12-06,0.1558906406566241,0.18827300985140802,esn_n500_sr0.9_inp0.2_leak0.5_alpha3000.0
2021-12-07,0.154133165043225,0.17321528685360565,esn_n500_sr0.9_inp0.2_leak0.5_alpha3000.0
2021-12-08,0.1538832313720668,0.15918677392001043,esn_n500_sr0.9_inp0.2_leak0.5_alpha3000.0
2021-12-09,0.1526417641140425,0.16742291511682703,esn_n500_sr0.9_inp0.2_leak0.5_alpha3000.0
2021-12-10,0.1490401239729699,0.1497611789381276,esn_n500_sr0.9_inp0.2_leak0.5_alpha3000.0
2021-12-13,0.1491685926636318,0.15303304378612909,esn_n500_sr0.9_inp0.2_leak0.5_alpha3000.0
2021-12-14,0.1474536835358384,0.15567015591756211,esn_n500_sr0.9_inp0.2_leak0.5_alpha3000.0
2021-12-15,0.1453935501222145,0.1462494020166308,esn_n500_sr0.9_inp0.2_leak0.5_alpha3000.0
2021-12-16,0.1419607558980501,0.15334815622398318,esn_n500_sr0.9_inp0.2_leak0.5_alpha3000.0
2021-12-17,0.1507819740447473,0.15968829797972023,esn_n500_sr0.9_inp0.2_leak0.5_alpha3000.0
2021-12-20,0.1505587827867352,0.16078652982900715,esn_n500_sr0.9_inp0.2_leak0.5_alpha3000.0
2021-12-21,0.1425634697691837,0.14788289652461697,esn_n500_sr0.9_inp0.2_leak0.5_alpha3000.0
2021-12-22,0.1550156304776475,0.132414472003271,esn_n500_sr0.9_inp0.2_leak0.5_alpha3000.0
2021-12-23,0.1541796889777795,0.12709670763494685,esn_n500_sr0.9_inp0.2_leak0.5_alpha3000.0
2021-12-27,0.1522645530058541,0.125219518788903,esn_n500_sr0.9_inp0.2_leak0.5_alpha3000.0
2021-12-28,0.1524977745934344,0.12238164045788784,esn_n500_sr0.9_inp0.2_leak0.5_alpha3000.0
2021-12-29,0.1534397003985629,0.11792704089301163,esn_n500_sr0.9_inp0.2_leak0.5_alpha3000.0
2021-12-30,0.1761533748040734,0.1182738379321184,esn_n500_sr0.9_inp0.2_leak0.5_alpha3000.0
2021-12-31,0.1869889243349961,0.11691533587650703,esn_n500_sr0.9_inp0.2_leak0.5_alpha3000.0
2022-01-03,0.1873933008551939,0.11315943089215418,esn_n500_sr0.9_inp0.2_leak0.5_alpha3000.0
2022-01-04,0.1905055484043347,0.11344155401884456,esn_n500_sr0.9_inp0.2_leak0.5_alpha3000.0
2022-01-05,0.1966827565343722,0.14066763567928844,esn_n500_sr0.9_inp0.2_leak0.5_alpha3000.0
2022-01-06,0.1973582664223435,0.14128483073879167,esn_n500_sr0.9_inp0.2_leak0.5_alpha3000.0
2022-01-07,0.1971871484795639,0.13981850704437457,esn_n500_sr0.9_inp0.2_leak0.5_alpha3000.0
2022-01-10,0.1992718550429749,0.14293175759207324,esn_n500_sr0.9_inp0.2_leak0.5_alpha3000.0
2022-01-11,0.2033063778974384,0.13296870029708416,esn_n500_sr0.9_inp0.2_leak0.5_alpha3000.0
2022-01-12,0.2130321097016683,0.12696212635421192,esn_n500_sr0.9_inp0.2_leak0.5_alpha3000.0
2022-01-13,0.2189859437777857,0.14706099475417211,esn_n500_sr0.9_inp0.2_leak0.5_alpha3000.0
2022-01-14,0.2192894382335852,0.13796588600035264,esn_n500_sr0.9_inp0.2_leak0.5_alpha3000.0
2022-01-18,0.2174621614868185,0.15880738559334914,esn_n500_sr0.9_inp0.2_leak0.5_alpha3000.0
2022-01-19,0.2143195583005595,0.17738413075465279,esn_n500_sr0.9_inp0.2_leak0.5_alpha3000.0
2022-01-20,0.2241578527068649,0.2041884980394395,esn_n500_sr0.9_inp0.2_leak0.5_alpha3000.0
2022-01-21,0.2140695499380527,0.22702601865414573,esn_n500_sr0.9_inp0.2_leak0.5_alpha3000.0
2022-01-24,0.2169476538446357,0.2468191562274846,esn_n500_sr0.9_inp0.2_leak0.5_alpha3000.0
2022-01-25,0.2218132349189778,0.260679173579444,esn_n500_sr0.9_inp0.2_leak0.5_alpha3000.0
2022-01-26,0.2278878725432392,0.2732979407234438,esn_n500_sr0.9_inp0.2_leak0.5_alpha3000.0
2022-01-27,0.2400528433515401,0.2667242824095806,esn_n500_sr0.9_inp0.2_leak0.5_alpha3000.0
2022-01-28,0.2238866602793603,0.23789366654891822,esn_n500_sr0.9_inp0.2_leak0.5_alpha3000.0
2022-01-31,0.2215354210273024,0.2104778657176563,esn_n500_sr0.9_inp0.2_leak0.5_alpha3000.0
2022-02-01,0.2295506400462903,0.19191130235623816,esn_n500_sr0.9_inp0.2_leak0.5_alpha3000.0
2022-02-02,0.2276616730342596,0.18378920083843617,esn_n500_sr0.9_inp0.2_leak0.5_alpha3000.0
2022-02-03,0.2134005783551809,0.20649247998217,esn_n500_sr0.9_inp0.2_leak0.5_alpha3000.0
2022-02-04,0.2377898496740295,0.19369795021507402,esn_n500_sr0.9_inp0.2_leak0.5_alpha3000.0
2022-02-07,0.2390473008123195,0.18621670880359195,esn_n500_sr0.9_inp0.2_leak0.5_alpha3000.0
2022-02-08,0.255181741186202,0.17223455313757946,esn_n500_sr0.9_inp0.2_leak0.5_alpha3000.0
2022-02-09,0.2504311118351413,0.16025101231857602,esn_n500_sr0.9_inp0.2_leak0.5_alpha3000.0
2022-02-10,0.2462476818417676,0.19247350407077818,esn_n500_sr0.9_inp0.2_leak0.5_alpha3000.0
2022-02-11,0.237314740195223,0.22884217255191827,esn_n500_sr0.9_inp0.2_leak0.5_alpha3000.0
2022-02-14,0.2492889315513733,0.22985929741145236,esn_n500_sr0.9_inp0.2_leak0.5_alpha3000.0
2022-02-15,0.2549133644353149,0.20272561033285463,esn_n500_sr0.9_inp0.2_leak0.5_alpha3000.0
2022-02-16,0.2586750671695119,0.19067200299481624,esn_n500_sr0.9_inp0.2_leak0.5_alpha3000.0
2022-02-17,0.2500666321211058,0.22352993211387834,esn_n500_sr0.9_inp0.2_leak0.5_alpha3000.0
2022-02-18,0.2490033148891755,0.23182593886171546,esn_n500_sr0.9_inp0.2_leak0.5_alpha3000.0
2022-02-22,0.2494815816667802,0.24723828907058149,esn_n500_sr0.9_inp0.2_leak0.5_alpha3000.0
2022-02-23,0.2456049396198335,0.2681847162291975,esn_n500_sr0.9_inp0.2_leak0.5_alpha3000.0
2022-02-24,0.2456239205993391,0.2471648011178263,esn_n500_sr0.9_inp0.2_leak0.5_alpha3000.0
2022-02-25,0.2337282395025535,0.21519290976436373,esn_n500_sr0.9_inp0.2_leak0.5_alpha3000.0
2022-02-28,0.2349025492896603,0.21562473372880203,esn_n500_sr0.9_inp0.2_leak0.5_alpha3000.0
2022-03-01,0.2326286337424515,0.24623477916020162,esn_n500_sr0.9_inp0.2_leak0.5_alpha3000.0
2022-03-02,0.2245273908494174,0.22747944163320963,esn_n500_sr0.9_inp0.2_leak0.5_alpha3000.0
2022-03-03,0.2304996252405558,0.23400080563590464,esn_n500_sr0.9_inp0.2_leak0.5_alpha3000.0
2022-03-04,0.2288940915740478,0.23661137935066637,esn_n500_sr0.9_inp0.2_leak0.5_alpha3000.0
2022-03-07,0.2050068701681853,0.28135788188395056,esn_n500_sr0.9_inp0.2_leak0.5_alpha3000.0
2022-03-08,0.2081684007311473,0.3078947977652277,esn_n500_sr0.9_inp0.2_leak0.5_alpha3000.0
2022-03-09,0.1891730851313763,0.27460529358922176,esn_n500_sr0.9_inp0.2_leak0.5_alpha3000.0
2022-03-10,0.1893321872421801,0.2539171776596565,esn_n500_sr0.9_inp0.2_leak0.5_alpha3000.0
2022-03-11,0.1840483429057817,0.2719760830201927,esn_n500_sr0.9_inp0.2_leak0.5_alpha3000.0
2022-03-14,0.1921997687832155,0.2780754741226514,esn_n500_sr0.9_inp0.2_leak0.5_alpha3000.0
2022-03-15,0.1765009278732757,0.24445632519313937,esn_n500_sr0.9_inp0.2_leak0.5_alpha3000.0
2022-03-16,0.163481065061836,0.227150128719972,esn_n500_sr0.9_inp0.2_leak0.5_alpha3000.0
2022-03-17,0.1635740056470468,0.20763338963533445,esn_n500_sr0.9_inp0.2_leak0.5_alpha3000.0
2022-03-18,0.1589446132221708,0.19622156489957313,esn_n500_sr0.9_inp0.2_leak0.5_alpha3000.0
2022-03-21,0.1688001974966222,0.19129971639370033,esn_n500_sr0.9_inp0.2_leak0.5_alpha3000.0
2022-03-22,0.1636924494783184,0.18103283288528982,esn_n500_sr0.9_inp0.2_leak0.5_alpha3000.0
2022-03-23,0.1659470434233285,0.19071287032226875,esn_n500_sr0.9_inp0.2_leak0.5_alpha3000.0
2022-03-24,0.1856650597069097,0.17477219572457006,esn_n500_sr0.9_inp0.2_leak0.5_alpha3000.0
2022-03-25,0.1859934657481593,0.17171668989368136,esn_n500_sr0.9_inp0.2_leak0.5_alpha3000.0
2022-03-28,0.2117614636476005,0.1666565032860703,esn_n500_sr0.9_inp0.2_leak0.5_alpha3000.0
2022-03-29,0.2074550183126715,0.16777583893840842,esn_n500_sr0.9_inp0.2_leak0.5_alpha3000.0
2022-03-30,0.224488568437223,0.17359581451694636,esn_n500_sr0.9_inp0.2_leak0.5_alpha3000.0
2022-03-31,0.2554020164849392,0.19493653089557003,esn_n500_sr0.9_inp0.2_leak0.5_alpha3000.0
2022-04-01,0.2560919606184385,0.1821291769200122,esn_n500_sr0.9_inp0.2_leak0.5_alpha3000.0
2022-04-04,0.25481333571012,0.16800330061058477,esn_n500_sr0.9_inp0.2_leak0.5_alpha3000.0
2022-04-05,0.272456549894522,0.18811101729690108,esn_n500_sr0.9_inp0.2_leak0.5_alpha3000.0
2022-04-06,0.2991024453981707,0.2011726911002677,esn_n500_sr0.9_inp0.2_leak0.5_alpha3000.0
2022-04-07,0.2993251982392771,0.19517378587062725,esn_n500_sr0.9_inp0.2_leak0.5_alpha3000.0
2022-04-08,0.3206987521835104,0.18658256955130925,esn_n500_sr0.9_inp0.2_leak0.5_alpha3000.0
2022-04-11,0.3149125060739845,0.19973661611467566,esn_n500_sr0.9_inp0.2_leak0.5_alpha3000.0
2022-04-12,0.3197302169638538,0.20846344438290879,esn_n500_sr0.9_inp0.2_leak0.5_alpha3000.0
2022-04-13,0.3171859863250896,0.1839161621307386,esn_n500_sr0.9_inp0.2_leak0.5_alpha3000.0
2022-04-14,0.3250572321578501,0.1948182660289058,esn_n500_sr0.9_inp0.2_leak0.5_alpha3000.0
2022-04-18,0.325374168051906,0.17978661238923924,esn_n500_sr0.9_inp0.2_leak0.5_alpha3000.0
2022-04-19,0.3284220293968736,0.1684465489335963,esn_n500_sr0.9_inp0.2_leak0.5_alpha3000.0
2022-04-20,0.3594251618913261,0.1580750241245761,esn_n500_sr0.9_inp0.2_leak0.5_alpha3000.0
2022-04-21,0.3560924573088925,0.1865830499151338,esn_n500_sr0.9_inp0.2_leak0.5_alpha3000.0
2022-04-22,0.3421265185024696,0.22758123029895846,esn_n500_sr0.9_inp0.2_leak0.5_alpha3000.0
2022-04-25,0.3477918652556032,0.23103538349621172,esn_n500_sr0.9_inp0.2_leak0.5_alpha3000.0
2022-04-26,0.3328914708999532,0.27077907644129745,esn_n500_sr0.9_inp0.2_leak0.5_alpha3000.0
2022-04-27,0.3342040055155219,0.27574369085193956,esn_n500_sr0.9_inp0.2_leak0.5_alpha3000.0
2022-04-28,0.3298230386011225,0.26575004165306654,esn_n500_sr0.9_inp0.2_leak0.5_alpha3000.0
2022-04-29,0.313573052500523,0.31771699085672067,esn_n500_sr0.9_inp0.2_leak0.5_alpha3000.0
2022-05-02,0.3134855145523644,0.30771134916155185,esn_n500_sr0.9_inp0.2_leak0.5_alpha3000.0
2022-05-03,0.3143893797930115,0.27413191778226226,esn_n500_sr0.9_inp0.2_leak0.5_alpha3000.0
2022-05-04,0.3032916957518327,0.2516061021603862,esn_n500_sr0.9_inp0.2_leak0.5_alpha3000.0
2022-05-05,0.2809516415405313,0.30632258327290796,esn_n500_sr0.9_inp0.2_leak0.5_alpha3000.0
2022-05-06,0.2803545196440136,0.30521349121841185,esn_n500_sr0.9_inp0.2_leak0.5_alpha3000.0
2022-05-09,0.2576907129119684,0.34163234597460246,esn_n500_sr0.9_inp0.2_leak0.5_alpha3000.0
2022-05-10,0.2604670601636369,0.34067697914361644,esn_n500_sr0.9_inp0.2_leak0.5_alpha3000.0
2022-05-11,0.268164436691395,0.3573978123425984,esn_n500_sr0.9_inp0.2_leak0.5_alpha3000.0
2022-05-12,0.2877625188274092,0.33139442050997725,esn_n500_sr0.9_inp0.2_leak0.5_alpha3000.0
2022-05-13,0.3076564159376105,0.28691918826915047,esn_n500_sr0.9_inp0.2_leak0.5_alpha3000.0
2022-05-16,0.3075043934566952,0.26994257061358534,esn_n500_sr0.9_inp0.2_leak0.5_alpha3000.0
2022-05-17,0.3030840133390104,0.25606188918756473,esn_n500_sr0.9_inp0.2_leak0.5_alpha3000.0
2022-05-18,0.2912042844870798,0.30762881341810305,esn_n500_sr0.9_inp0.2_leak0.5_alpha3000.0
2022-05-19,0.2904871761869165,0.2939899779598822,esn_n500_sr0.9_inp0.2_leak0.5_alpha3000.0
2022-05-20,0.3035928770456373,0.32566057466136716,esn_n500_sr0.9_inp0.2_leak0.5_alpha3000.0
2022-05-23,0.2964463266216461,0.2790563216047128,esn_n500_sr0.9_inp0.2_leak0.5_alpha3000.0
2022-05-24,0.297219613456127,0.28109299222827655,esn_n500_sr0.9_inp0.2_leak0.5_alpha3000.0
2022-05-25,0.3157654557531271,0.2469504328792339,esn_n500_sr0.9_inp0.2_leak0.5_alpha3000.0
2022-05-26,0.3081566342544198,0.2288707970077912,esn_n500_sr0.9_inp0.2_leak0.5_alpha3000.0
2022-05-27,0.3048264375780813,0.2137399208670269,esn_n500_sr0.9_inp0.2_leak0.5_alpha3000.0
2022-05-31,0.3041851274449602,0.2230753381381263,esn_n500_sr0.9_inp0.2_leak0.5_alpha3000.0
2022-06-01,0.3041972780890867,0.2342687644194818,esn_n500_sr0.9_inp0.2_leak0.5_alpha3000.0
2022-06-02,0.2990764453881688,0.21123330602916507,esn_n500_sr0.9_inp0.2_leak0.5_alpha3000.0
2022-06-03,0.2933281090801971,0.21678449449531068,esn_n500_sr0.9_inp0.2_leak0.5_alpha3000.0
2022-06-06,0.2933737629897562,0.21000345323007277,esn_n500_sr0.9_inp0.2_leak0.5_alpha3000.0
2022-06-07,0.2961494037935536,0.19226871961469444,esn_n500_sr0.9_inp0.2_leak0.5_alpha3000.0
2022-06-08,0.2936107915728478,0.19942889433827188,esn_n500_sr0.9_inp0.2_leak0.5_alpha3000.0
2022-06-09,0.2838491422634702,0.2326500210096618,esn_n500_sr0.9_inp0.2_leak0.5_alpha3000.0
2022-06-10,0.2658135978130592,0.26401998365967944,esn_n500_sr0.9_inp0.2_leak0.5_alpha3000.0
2022-06-13,0.2283146824630523,0.3134675792578398,esn_n500_sr0.9_inp0.2_leak0.5_alpha3000.0
2022-06-14,0.2282264915701486,0.3177374998735312,esn_n500_sr0.9_inp0.2_leak0.5_alpha3000.0
2022-06-15,0.23254079644233,0.3144866321781403,esn_n500_sr0.9_inp0.2_leak0.5_alpha3000.0
2022-06-16,0.2016656676173078,0.3409343772385678,esn_n500_sr0.9_inp0.2_leak0.5_alpha3000.0
2022-06-17,0.2226356561286464,0.3273357480769846,esn_n500_sr0.9_inp0.2_leak0.5_alpha3000.0
2022-06-21,0.205637853098005,0.2992538846503776,esn_n500_sr0.9_inp0.2_leak0.5_alpha3000.0
2022-06-22,0.2086595665014665,0.2938056327407204,esn_n500_sr0.9_inp0.2_leak0.5_alpha3000.0
2022-06-23,0.2084097271289021,0.2821674730066396,esn_n500_sr0.9_inp0.2_leak0.5_alpha3000.0
2022-06-24,0.1763801429290557,0.2517600057872755,esn_n500_sr0.9_inp0.2_leak0.5_alpha3000.0
2022-06-27,0.1808594881959178,0.2459841577886335,esn_n500_sr0.9_inp0.2_leak0.5_alpha3000.0
2022-06-28,0.1887331105990739,0.28341803427649287,esn_n500_sr0.9_inp0.2_leak0.5_alpha3000.0
2022-06-29,0.1938283261092905,0.2653110934041194,esn_n500_sr0.9_inp0.2_leak0.5_alpha3000.0
2022-06-30,0.19841972680207,0.277273907488994,esn_n500_sr0.9_inp0.2_leak0.5_alpha3000.0
2022-07-01,0.1951576037976559,0.2504213090106922,esn_n500_sr0.9_inp0.2_leak0.5_alpha3000.0
2022-07-05,0.1964528325711191,0.24386576047601594,esn_n500_sr0.9_inp0.2_leak0.5_alpha3000.0
2022-07-06,0.2036972200646342,0.22741834234129396,esn_n500_sr0.9_inp0.2_leak0.5_alpha3000.0
2022-07-07,0.1967579910069169,0.2133774432281245,esn_n500_sr0.9_inp0.2_leak0.5_alpha3000.0
2022-07-08,0.1968279015465187,0.20058501200415782,esn_n500_sr0.9_inp0.2_leak0.5_alpha3000.0
2022-07-11,0.1926005008308797,0.20341449826826585,esn_n500_sr0.9_inp0.2_leak0.5_alpha3000.0
2022-07-12,0.1905231005745014,0.21290203597778,esn_n500_sr0.9_inp0.2_leak0.5_alpha3000.0
2022-07-13,0.2034547621243354,0.20751710517590805,esn_n500_sr0.9_inp0.2_leak0.5_alpha3000.0
2022-07-14,0.2032716135598573,0.20260446372447843,esn_n500_sr0.9_inp0.2_leak0.5_alpha3000.0
2022-07-15,0.200891679949985,0.18455001020054296,esn_n500_sr0.9_inp0.2_leak0.5_alpha3000.0
2022-07-18,0.1992595144620317,0.20235433584146562,esn_n500_sr0.9_inp0.2_leak0.5_alpha3000.0
2022-07-19,0.1754896152259286,0.189151734619114,esn_n500_sr0.9_inp0.2_leak0.5_alpha3000.0
2022-07-20,0.1758620074940471,0.18024117908486365,esn_n500_sr0.9_inp0.2_leak0.5_alpha3000.0
2022-07-21,0.1724534711183858,0.1743814963489748,esn_n500_sr0.9_inp0.2_leak0.5_alpha3000.0
2022-07-22,0.1759310314698845,0.18868418799602993,esn_n500_sr0.9_inp0.2_leak0.5_alpha3000.0
2022-07-25,0.1910814171979664,0.17911107330230808,esn_n500_sr0.9_inp0.2_leak0.5_alpha3000.0
2022-07-26,0.1865510395603663,0.19268245636798445,esn_n500_sr0.9_inp0.2_leak0.5_alpha3000.0
2022-07-27,0.1632483524845573,0.1813382298491514,esn_n500_sr0.9_inp0.2_leak0.5_alpha3000.0
2022-07-28,0.1648290441425352,0.1780354934729905,esn_n500_sr0.9_inp0.2_leak0.5_alpha3000.0
2022-07-29,0.1986705315310008,0.1713223661113109,esn_n500_sr0.9_inp0.2_leak0.5_alpha3000.0
2022-08-01,0.199784159845057,0.17324452116042954,esn_n500_sr0.9_inp0.2_leak0.5_alpha3000.0
2022-08-02,0.2022298696130606,0.17980251425379007,esn_n500_sr0.9_inp0.2_leak0.5_alpha3000.0
2022-08-03,0.1964432755761195,0.16885338349300147,esn_n500_sr0.9_inp0.2_leak0.5_alpha3000.0
2022-08-04,0.1967431561840973,0.16048368324356155,esn_n500_sr0.9_inp0.2_leak0.5_alpha3000.0
2022-08-05,0.2002188824066753,0.1570872835684884,esn_n500_sr0.9_inp0.2_leak0.5_alpha3000.0
2022-08-08,0.2006257062424531,0.15906204556853973,esn_n500_sr0.9_inp0.2_leak0.5_alpha3000.0
2022-08-09,0.2098711211423826,0.1551402835083942,esn_n500_sr0.9_inp0.2_leak0.5_alpha3000.0
2022-08-10,0.1978295440517113,0.1465448145713365,esn_n500_sr0.9_inp0.2_leak0.5_alpha3000.0
2022-08-11,0.2052581188683132,0.15007608905506722,esn_n500_sr0.9_inp0.2_leak0.5_alpha3000.0
2022-08-12,0.2000501251745,0.14609845823129594,esn_n500_sr0.9_inp0.2_leak0.5_alpha3000.0
2022-08-15,0.2543796417461356,0.13988416671889403,esn_n500_sr0.9_inp0.2_leak0.5_alpha3000.0
2022-08-16,0.2546438816129741,0.1362575514631641,esn_n500_sr0.9_inp0.2_leak0.5_alpha3000.0
2022-08-17,0.2566064209009475,0.14266428169261114,esn_n500_sr0.9_inp0.2_leak0.5_alpha3000.0
2022-08-18,0.2578361506940325,0.13706569091197746,esn_n500_sr0.9_inp0.2_leak0.5_alpha3000.0
2022-08-19,0.2548040257935227,0.1522382219429644,esn_n500_sr0.9_inp0.2_leak0.5_alpha3000.0
2022-08-22,0.2470334939701197,0.17982769386042247,esn_n500_sr0.9_inp0.2_leak0.5_alpha3000.0
2022-08-23,0.2546638058209657,0.1875018729237172,esn_n500_sr0.9_inp0.2_leak0.5_alpha3000.0
2022-08-24,0.2561668771879982,0.18036716069088976,esn_n500_sr0.9_inp0.2_leak0.5_alpha3000.0
2022-08-25,0.2583458103965717,0.17170635050024935,esn_n500_sr0.9_inp0.2_leak0.5_alpha3000.0
2022-08-26,0.2303197405628605,0.22019298644671403,esn_n500_sr0.9_inp0.2_leak0.5_alpha3000.0
2022-08-29,0.2292923298439402,0.22500678440201705,esn_n500_sr0.9_inp0.2_leak0.5_alpha3000.0
2022-08-30,0.2362704124885474,0.2449116533674303,esn_n500_sr0.9_inp0.2_leak0.5_alpha3000.0
2022-08-31,0.2463813562428823,0.2467182265607474,esn_n500_sr0.9_inp0.2_leak0.5_alpha3000.0
2022-09-01,0.2522702430071133,0.23288590667437126,esn_n500_sr0.9_inp0.2_leak0.5_alpha3000.0
2022-09-02,0.2660463144922483,0.24958065191453085,esn_n500_sr0.9_inp0.2_leak0.5_alpha3000.0
2022-09-06,0.2869395306153949,0.23936459666211835,esn_n500_sr0.9_inp0.2_leak0.5_alpha3000.0
2022-09-07,0.2800143982221157,0.21319757255084051,esn_n500_sr0.9_inp0.2_leak0.5_alpha3000.0
2022-09-08,0.2814748228570213,0.1984244281006156,esn_n500_sr0.9_inp0.2_leak0.5_alpha3000.0
2022-09-09,0.2937995005508539,0.1851930882990563,esn_n500_sr0.9_inp0.2_leak0.5_alpha3000.0
2022-09-12,0.2926060715450665,0.17484325473007215,esn_n500_sr0.9_inp0.2_leak0.5_alpha3000.0
2022-09-13,0.2474365895160523,0.22854114263761968,esn_n500_sr0.9_inp0.2_leak0.5_alpha3000.0
2022-09-14,0.247345188038413,0.21561888578239508,esn_n500_sr0.9_inp0.2_leak0.5_alpha3000.0
2022-09-15,0.2609338291746739,0.23029257768809067,esn_n500_sr0.9_inp0.2_leak0.5_alpha3000.0
2022-09-16,0.272109286444349,0.22280561637891155,esn_n500_sr0.9_inp0.2_leak0.5_alpha3000.0
2022-09-19,0.2853118463793576,0.2018658688747589,esn_n500_sr0.9_inp0.2_leak0.5_alpha3000.0
2022-09-20,0.2853817121662837,0.2097136418591801,esn_n500_sr0.9_inp0.2_leak0.5_alpha3000.0
2022-09-21,0.2796032075920666,0.24241915358689656,esn_n500_sr0.9_inp0.2_leak0.5_alpha3000.0
2022-09-22,0.2795977758710039,0.23664228790399708,esn_n500_sr0.9_inp0.2_leak0.5_alpha3000.0
2022-09-23,0.2860801657383587,0.25365809502030523,esn_n500_sr0.9_inp0.2_leak0.5_alpha3000.0
2022-09-26,0.2871588885926464,0.2732360633728822,esn_n500_sr0.9_inp0.2_leak0.5_alpha3000.0
2022-09-27,0.292472681622451,0.2861386660274731,esn_n500_sr0.9_inp0.2_leak0.5_alpha3000.0
2022-09-28,0.285441521209332,0.26168274084670995,esn_n500_sr0.9_inp0.2_leak0.5_alpha3000.0
2022-09-29,0.2760849840197367,0.28239234708905525,esn_n500_sr0.9_inp0.2_leak0.5_alpha3000.0
2022-09-30,0.2830694700468309,0.29837294912893825,esn_n500_sr0.9_inp0.2_leak0.5_alpha3000.0
2022-10-03,0.26876449842646,0.27098019946730234,esn_n500_sr0.9_inp0.2_leak0.5_alpha3000.0
2022-10-04,0.2464608841828414,0.2598110523625319,esn_n500_sr0.9_inp0.2_leak0.5_alpha3000.0
2022-10-05,0.2623242490440555,0.2525081536038893,esn_n500_sr0.9_inp0.2_leak0.5_alpha3000.0
2022-10-06,0.2623147609907249,0.261540417909212,esn_n500_sr0.9_inp0.2_leak0.5_alpha3000.0
2022-10-07,0.2475836980764121,0.30987266820715653,esn_n500_sr0.9_inp0.2_leak0.5_alpha3000.0
2022-10-10,0.2483938663919743,0.2962775548635557,esn_n500_sr0.9_inp0.2_leak0.5_alpha3000.0
2022-10-11,0.2481043048833477,0.30274110722469877,esn_n500_sr0.9_inp0.2_leak0.5_alpha3000.0
2022-10-12,0.2586087995455596,0.2800650727444088,esn_n500_sr0.9_inp0.2_leak0.5_alpha3000.0
2022-10-13,0.3072289561466299,0.25659507404410414,esn_n500_sr0.9_inp0.2_leak0.5_alpha3000.0
2022-10-14,0.2980986873273247,0.29575981394432377,esn_n500_sr0.9_inp0.2_leak0.5_alpha3000.0
2022-10-17,0.2857815065050649,0.2756119951612499,esn_n500_sr0.9_inp0.2_leak0.5_alpha3000.0
2022-10-18,0.2843599747482689,0.2612638013248914,esn_n500_sr0.9_inp0.2_leak0.5_alpha3000.0
2022-10-19,0.2845387253033212,0.2499687965039175,esn_n500_sr0.9_inp0.2_leak0.5_alpha3000.0
2022-10-20,0.2831733036911341,0.2499335292672418,esn_n500_sr0.9_inp0.2_leak0.5_alpha3000.0
2022-10-21,0.2705207466293716,0.22783066583507536,esn_n500_sr0.9_inp0.2_leak0.5_alpha3000.0
2022-10-24,0.2673665459667721,0.2120673302199141,esn_n500_sr0.9_inp0.2_leak0.5_alpha3000.0
2022-10-25,0.2656575931289537,0.19541995482598803,esn_n500_sr0.9_inp0.2_leak0.5_alpha3000.0
2022-10-26,0.2652367287971626,0.2021147421036244,esn_n500_sr0.9_inp0.2_leak0.5_alpha3000.0
2022-10-27,0.2645560691555034,0.20629267632134932,esn_n500_sr0.9_inp0.2_leak0.5_alpha3000.0
2022-10-28,0.2574578311607262,0.19519904010552003,esn_n500_sr0.9_inp0.2_leak0.5_alpha3000.0
2022-10-31,0.2562412790154851,0.19561111956421676,esn_n500_sr0.9_inp0.2_leak0.5_alpha3000.0
2022-11-01,0.2784552178472514,0.20377136549982575,esn_n500_sr0.9_inp0.2_leak0.5_alpha3000.0
2022-11-02,0.2634475824225811,0.24638616591156745,esn_n500_sr0.9_inp0.2_leak0.5_alpha3000.0
2022-11-03,0.2609053598461033,0.23825351943246223,esn_n500_sr0.9_inp0.2_leak0.5_alpha3000.0
2022-11-04,0.2639140293777321,0.23452953870531149,esn_n500_sr0.9_inp0.2_leak0.5_alpha3000.0
2022-11-07,0.2667675759673797,0.21470264387736682,esn_n500_sr0.9_inp0.2_leak0.5_alpha3000.0
2022-11-08,0.2661515676909991,0.2124388015652604,esn_n500_sr0.9_inp0.2_leak0.5_alpha3000.0
2022-11-09,0.2571840561666948,0.2323246539190451,esn_n500_sr0.9_inp0.2_leak0.5_alpha3000.0
2022-11-10,0.1754748469551319,0.22023463150875858,esn_n500_sr0.9_inp0.2_leak0.5_alpha3000.0
2022-11-11,0.1794551122313835,0.20709823968767505,esn_n500_sr0.9_inp0.2_leak0.5_alpha3000.0
2022-11-14,0.1788888322298428,0.21910640637476994,esn_n500_sr0.9_inp0.2_leak0.5_alpha3000.0
2022-11-15,0.1777942367416796,0.2273175511205895,esn_n500_sr0.9_inp0.2_leak0.5_alpha3000.0
2022-11-16,0.1964686759715093,0.21959024937850638,esn_n500_sr0.9_inp0.2_leak0.5_alpha3000.0
2022-11-17,0.2006453244080643,0.2091601958363167,esn_n500_sr0.9_inp0.2_leak0.5_alpha3000.0
2022-11-18,0.202271351750544,0.19981220127958005,esn_n500_sr0.9_inp0.2_leak0.5_alpha3000.0
2022-11-21,0.2019159682656851,0.18513700366143657,esn_n500_sr0.9_inp0.2_leak0.5_alpha3000.0
2022-11-22,0.2032093898670545,0.17357930753623954,esn_n500_sr0.9_inp0.2_leak0.5_alpha3000.0
2022-11-23,0.2083224254400236,0.16478385639665774,esn_n500_sr0.9_inp0.2_leak0.5_alpha3000.0
2022-11-25,0.2093134508053907,0.15232435582775394,esn_n500_sr0.9_inp0.2_leak0.5_alpha3000.0
2022-11-28,0.2018629455151254,0.1716048394983784,esn_n500_sr0.9_inp0.2_leak0.5_alpha3000.0
2022-11-29,0.2065962476329387,0.1692400209747281,esn_n500_sr0.9_inp0.2_leak0.5_alpha3000.0
2022-11-30,0.1859360295314082,0.1703324577694131,esn_n500_sr0.9_inp0.2_leak0.5_alpha3000.0
2022-12-01,0.1861532549367418,0.16429262148484294,esn_n500_sr0.9_inp0.2_leak0.5_alpha3000.0
2022-12-02,0.1867096730662759,0.15891610626718733,esn_n500_sr0.9_inp0.2_leak0.5_alpha3000.0
2022-12-05,0.1773518191462626,0.18385124005283904,esn_n500_sr0.9_inp0.2_leak0.5_alpha3000.0
2022-12-06,0.1745212081356631,0.2090714023804011,esn_n500_sr0.9_inp0.2_leak0.5_alpha3000.0
2022-12-07,0.1920896852877608,0.2002387349317789,esn_n500_sr0.9_inp0.2_leak0.5_alpha3000.0
2022-12-08,0.1900926539752712,0.18876522206363325,esn_n500_sr0.9_inp0.2_leak0.5_alpha3000.0
2022-12-09,0.1898475457685396,0.1902335453456991,esn_n500_sr0.9_inp0.2_leak0.5_alpha3000.0
2022-12-12,0.1882839552439521,0.18968839130462642,esn_n500_sr0.9_inp0.2_leak0.5_alpha3000.0
2022-12-13,0.1868170602405432,0.1956254888480577,esn_n500_sr0.9_inp0.2_leak0.5_alpha3000.0
2022-12-14,0.1859331681147897,0.1954614801233206,esn_n500_sr0.9_inp0.2_leak0.5_alpha3000.0
2022-12-15,0.1639676910313546,0.2152668843316223,esn_n500_sr0.9_inp0.2_leak0.5_alpha3000.0
2022-12-16,0.1682244938159498,0.2177646015791013,esn_n500_sr0.9_inp0.2_leak0.5_alpha3000.0
2022-12-19,0.1675063819770957,0.21301438741175813,esn_n500_sr0.9_inp0.2_leak0.5_alpha3000.0
2022-12-20,0.1797983885370402,0.19331297123976043,esn_n500_sr0.9_inp0.2_leak0.5_alpha3000.0
2022-12-21,0.1770436704818218,0.17827955313845603,esn_n500_sr0.9_inp0.2_leak0.5_alpha3000.0
2022-12-22,0.169580765421102,0.20635350544741662,esn_n500_sr0.9_inp0.2_leak0.5_alpha3000.0
2022-12-23,0.1683593984267283,0.18962899715533102,esn_n500_sr0.9_inp0.2_leak0.5_alpha3000.0
2022-12-27,0.1722020417245436,0.18363269572117125,esn_n500_sr0.9_inp0.2_leak0.5_alpha3000.0
2022-12-28,0.1665812874233216,0.19376005933186657,esn_n500_sr0.9_inp0.2_leak0.5_alpha3000.0
2022-12-29,0.1604612494922751,0.1782721203570538,esn_n500_sr0.9_inp0.2_leak0.5_alpha3000.0
2022-12-30,0.168358718990132,0.17225392951311608,esn_n500_sr0.9_inp0.2_leak0.5_alpha3000.0
2023-01-03,0.1718387890162545,0.18104923122800598,esn_n500_sr0.9_inp0.2_leak0.5_alpha3000.0
2023-01-04,0.1772425977180793,0.17028007232629425,esn_n500_sr0.9_inp0.2_leak0.5_alpha3000.0
2023-01-05,0.1766165216836836,0.17392265550715633,esn_n500_sr0.9_inp0.2_leak0.5_alpha3000.0
2023-01-06,0.1587121906958229,0.16899981838833916,esn_n500_sr0.9_inp0.2_leak0.5_alpha3000.0
2023-01-09,0.1652661099937541,0.1694953065866288,esn_n500_sr0.9_inp0.2_leak0.5_alpha3000.0
2023-01-10,0.1679904749352954,0.15459772852026757,esn_n500_sr0.9_inp0.2_leak0.5_alpha3000.0
2023-01-11,0.1648804846431692,0.14851572928962206,esn_n500_sr0.9_inp0.2_leak0.5_alpha3000.0
2023-01-12,0.1645831748708206,0.14072677463591357,esn_n500_sr0.9_inp0.2_leak0.5_alpha3000.0
2023-01-13,0.1691594214525186,0.13923970934827462,esn_n500_sr0.9_inp0.2_leak0.5_alpha3000.0
2023-01-17,0.1690420478476195,0.13903138795225084,esn_n500_sr0.9_inp0.2_leak0.5_alpha3000.0
2023-01-18,0.1597393773034683,0.16125352662627623,esn_n500_sr0.9_inp0.2_leak0.5_alpha3000.0
2023-01-19,0.165124416737017,0.16195891346389354,esn_n500_sr0.9_inp0.2_leak0.5_alpha3000.0
2023-01-20,0.1518297723799201,0.15486238735404273,esn_n500_sr0.9_inp0.2_leak0.5_alpha3000.0
2023-01-23,0.1625857725258886,0.1468215433736626,esn_n500_sr0.9_inp0.2_leak0.5_alpha3000.0
2023-01-24,0.1626147720003063,0.13549702275705494,esn_n500_sr0.9_inp0.2_leak0.5_alpha3000.0
2023-01-25,0.1636961901923428,0.13571428648922312,esn_n500_sr0.9_inp0.2_leak0.5_alpha3000.0
2023-01-26,0.1635372396291447,0.13187264093003995,esn_n500_sr0.9_inp0.2_leak0.5_alpha3000.0
2023-01-27,0.1637794760537563,0.1300334456163539,esn_n500_sr0.9_inp0.2_leak0.5_alpha3000.0
2023-01-30,0.1580750841219586,0.1436976248001304,esn_n500_sr0.9_inp0.2_leak0.5_alpha3000.0
2023-01-31,0.1499644651318289,0.139194876327388,esn_n500_sr0.9_inp0.2_leak0.5_alpha3000.0
2023-02-01,0.1477747254180441,0.1394230469901944,esn_n500_sr0.9_inp0.2_leak0.5_alpha3000.0
2023-02-02,0.1496508156019928,0.13759666540574303,esn_n500_sr0.9_inp0.2_leak0.5_alpha3000.0
2023-02-03,0.1447848239973305,0.14065287115266442,esn_n500_sr0.9_inp0.2_leak0.5_alpha3000.0
2023-02-06,0.153283547812589,0.14097935327928074,esn_n500_sr0.9_inp0.2_leak0.5_alpha3000.0
2023-02-07,0.1462941443008337,0.13761660748226032,esn_n500_sr0.9_inp0.2_leak0.5_alpha3000.0
2023-02-08,0.1557182495153781,0.13892384378098863,esn_n500_sr0.9_inp0.2_leak0.5_alpha3000.0
2023-02-09,0.1611049386199123,0.1527986643163641,esn_n500_sr0.9_inp0.2_leak0.5_alpha3000.0
2023-02-10,0.1609720022092784,0.14195346453507215,esn_n500_sr0.9_inp0.2_leak0.5_alpha3000.0
2023-02-13,0.1660800056628619,0.1326443705796745,esn_n500_sr0.9_inp0.2_leak0.5_alpha3000.0
2023-02-14,0.1675584877263012,0.12710080353582398,esn_n500_sr0.9_inp0.2_leak0.5_alpha3000.0
2023-02-15,0.1781997044479166,0.12080196860458148,esn_n500_sr0.9_inp0.2_leak0.5_alpha3000.0
2023-02-16,0.1762839395152749,0.13268475793221327,esn_n500_sr0.9_inp0.2_leak0.5_alpha3000.0
2023-02-17,0.1793073011745217,0.13208037078227589,esn_n500_sr0.9_inp0.2_leak0.5_alpha3000.0
2023-02-21,0.1706487138248422,0.1567596640728789,esn_n500_sr0.9_inp0.2_leak0.5_alpha3000.0
2023-02-22,0.1811676580761216,0.1596201259491558,esn_n500_sr0.9_inp0.2_leak0.5_alpha3000.0
2023-02-23,0.180440827451077,0.1579138949355297,esn_n500_sr0.9_inp0.2_leak0.5_alpha3000.0
2023-02-24,0.177889186729458,0.1623710029967852,esn_n500_sr0.9_inp0.2_leak0.5_alpha3000.0
2023-02-27,0.1776031101036707,0.15609339830185717,esn_n500_sr0.9_inp0.2_leak0.5_alpha3000.0
2023-02-28,0.1772956274552231,0.15133665424073992,esn_n500_sr0.9_inp0.2_leak0.5_alpha3000.0
2023-03-01,0.1840419545015813,0.147413509691077,esn_n500_sr0.9_inp0.2_leak0.5_alpha3000.0
2023-03-02,0.1831520619662628,0.14003468732370106,esn_n500_sr0.9_inp0.2_leak0.5_alpha3000.0
2023-03-03,0.1811721224867674,0.1319317052092714,esn_n500_sr0.9_inp0.2_leak0.5_alpha3000.0
2023-03-06,0.1816577744721167,0.12848875518292896,esn_n500_sr0.9_inp0.2_leak0.5_alpha3000.0
2023-03-07,0.1743067796094325,0.1454974831224229,esn_n500_sr0.9_inp0.2_leak0.5_alpha3000.0
2023-03-08,0.1744590491522717,0.13767260070102422,esn_n500_sr0.9_inp0.2_leak0.5_alpha3000.0
2023-03-09,0.1620417333198135,0.1721855659011823,esn_n500_sr0.9_inp0.2_leak0.5_alpha3000.0
2023-03-10,0.1536520436610459,0.19726900652043522,esn_n500_sr0.9_inp0.2_leak0.5_alpha3000.0
2023-03-13,0.1535715768492947,0.20774331385642375,esn_n500_sr0.9_inp0.2_leak0.5_alpha3000.0
2023-03-14,0.1428553026640356,0.19171184777855554,esn_n500_sr0.9_inp0.2_leak0.5_alpha3000.0
2023-03-15,0.1486792170402611,0.18867118405842,esn_n500_sr0.9_inp0.2_leak0.5_alpha3000.0
2023-03-16,0.1355327411607442,0.16887170632607415,esn_n500_sr0.9_inp0.2_leak0.5_alpha3000.0
2023-03-17,0.1295678361008988,0.17933145457269795,esn_n500_sr0.9_inp0.2_leak0.5_alpha3000.0
2023-03-20,0.1250570516394734,0.16001658925546458,esn_n500_sr0.9_inp0.2_leak0.5_alpha3000.0
2023-03-21,0.1161698879521693,0.14640672369753827,esn_n500_sr0.9_inp0.2_leak0.5_alpha3000.0
2023-03-22,0.1007375136737609,0.17367424283880473,esn_n500_sr0.9_inp0.2_leak0.5_alpha3000.0
2023-03-23,0.1003186400932295,0.17324603480263695,esn_n500_sr0.9_inp0.2_leak0.5_alpha3000.0
2023-03-24,0.0976651776775789,0.15687356388131135,esn_n500_sr0.9_inp0.2_leak0.5_alpha3000.0
2023-03-27,0.1127855391137513,0.14206306695640608,esn_n500_sr0.9_inp0.2_leak0.5_alpha3000.0
2023-03-28,0.1135074704236087,0.1347020071799329,esn_n500_sr0.9_inp0.2_leak0.5_alpha3000.0
2023-03-29,0.1231107905721833,0.13069775347342757,esn_n500_sr0.9_inp0.2_leak0.5_alpha3000.0
2023-03-30,0.1250477132968527,0.1254098611250175,esn_n500_sr0.9_inp0.2_leak0.5_alpha3000.0
2023-03-31,0.1148107126430651,0.1233185951086847,esn_n500_sr0.9_inp0.2_leak0.5_alpha3000.0
2023-04-03,0.120867387378538,0.11731915299169038,esn_n500_sr0.9_inp0.2_leak0.5_alpha3000.0
2023-04-04,0.1217238564679368,0.12162047530079347,esn_n500_sr0.9_inp0.2_leak0.5_alpha3000.0
2023-04-05,0.1239624747554156,0.1217248097420838,esn_n500_sr0.9_inp0.2_leak0.5_alpha3000.0
2023-04-06,0.1393387200218606,0.11850448378499788,esn_n500_sr0.9_inp0.2_leak0.5_alpha3000.0
2023-04-10,0.1392943452092413,0.11992202953269845,esn_n500_sr0.9_inp0.2_leak0.5_alpha3000.0
2023-04-11,0.1401620287432875,0.11957842761095656,esn_n500_sr0.9_inp0.2_leak0.5_alpha3000.0
2023-04-12,0.1403887029319691,0.1261826062196278,esn_n500_sr0.9_inp0.2_leak0.5_alpha3000.0
2023-04-13,0.1324898234114204,0.1213827124383876,esn_n500_sr0.9_inp0.2_leak0.5_alpha3000.0
2023-04-14,0.1322870302021149,0.12128089351482396,esn_n500_sr0.9_inp0.2_leak0.5_alpha3000.0
2023-04-17,0.1322409827862827,0.11680597747478455,esn_n500_sr0.9_inp0.2_leak0.5_alpha3000.0
2023-04-18,0.1343457844432699,0.11501122377393079,esn_n500_sr0.9_inp0.2_leak0.5_alpha3000.0
2023-04-19,0.1410063594311222,0.11091114245104108,esn_n500_sr0.9_inp0.2_leak0.5_alpha3000.0
2023-04-20,0.1437483558085993,0.11868485581899225,esn_n500_sr0.9_inp0.2_leak0.5_alpha3000.0
2023-04-21,0.1438148211441445,0.11705902359237007,esn_n500_sr0.9_inp0.2_leak0.5_alpha3000.0
2023-04-24,0.1437744312389138,0.11544196508886886,esn_n500_sr0.9_inp0.2_leak0.5_alpha3000.0
2023-04-25,0.1380217685312606,0.13479625398836456,esn_n500_sr0.9_inp0.2_leak0.5_alpha3000.0
2023-04-26,0.1396036654503653,0.14005920564144844,esn_n500_sr0.9_inp0.2_leak0.5_alpha3000.0
2023-04-27,0.1246188998936697,0.13348405545902958,esn_n500_sr0.9_inp0.2_leak0.5_alpha3000.0
2023-04-28,0.1292515413823511,0.12599785220575102,esn_n500_sr0.9_inp0.2_leak0.5_alpha3000.0
2023-05-01,0.1292088532652997,0.12504696467085236,esn_n500_sr0.9_inp0.2_leak0.5_alpha3000.0
2023-05-02,0.1243979168524704,0.1416171109506382,esn_n500_sr0.9_inp0.2_leak0.5_alpha3000.0
2023-05-03,0.1265058973193618,0.14768140908494828,esn_n500_sr0.9_inp0.2_leak0.5_alpha3000.0
2023-05-04,0.134031954337899,0.15361423879376507,esn_n500_sr0.9_inp0.2_leak0.5_alpha3000.0
2023-05-05,0.1173513977065018,0.13706527984524622,esn_n500_sr0.9_inp0.2_leak0.5_alpha3000.0
2023-05-08,0.1176012880026968,0.12891978767916332,esn_n500_sr0.9_inp0.2_leak0.5_alpha3000.0
2023-05-09,0.1172085482158593,0.1271281722909416,esn_n500_sr0.9_inp0.2_leak0.5_alpha3000.0
2023-05-10,0.1179926279697103,0.1252752776159149,esn_n500_sr0.9_inp0.2_leak0.5_alpha3000.0
2023-05-11,0.1180015551901874,0.11817321920780452,esn_n500_sr0.9_inp0.2_leak0.5_alpha3000.0
2023-05-12,0.1221897302631297,0.11919262307766997,esn_n500_sr0.9_inp0.2_leak0.5_alpha3000.0
2023-05-15,0.123794083674698,0.11401034984086603,esn_n500_sr0.9_inp0.2_leak0.5_alpha3000.0
2023-05-16,0.1215580208288314,0.11706349041555547,esn_n500_sr0.9_inp0.2_leak0.5_alpha3000.0
2023-05-17,0.121880550893569,0.11348350213363358,esn_n500_sr0.9_inp0.2_leak0.5_alpha3000.0
2023-05-18,0.1176579042144644,0.10970916195666103,esn_n500_sr0.9_inp0.2_leak0.5_alpha3000.0
2023-05-19,0.1189856781375594,0.11066147397730426,esn_n500_sr0.9_inp0.2_leak0.5_alpha3000.0
2023-05-22,0.1203660830730093,0.1092233819161477,esn_n500_sr0.9_inp0.2_leak0.5_alpha3000.0
2023-05-23,0.1142216768826389,0.12308841465603203,esn_n500_sr0.9_inp0.2_leak0.5_alpha3000.0
2023-05-24,0.1144816106178851,0.13403516248883685,esn_n500_sr0.9_inp0.2_leak0.5_alpha3000.0
2023-05-25,0.1112673397331122,0.13305214013247135,esn_n500_sr0.9_inp0.2_leak0.5_alpha3000.0
2023-05-26,0.1085920241854753,0.12625345786828643,esn_n500_sr0.9_inp0.2_leak0.5_alpha3000.0
2023-05-30,0.1085983672002145,0.1218984252220127,esn_n500_sr0.9_inp0.2_leak0.5_alpha3000.0
2023-05-31,0.1076985254239304,0.12526880101037252,esn_n500_sr0.9_inp0.2_leak0.5_alpha3000.0
2023-06-01,0.1104830261645152,0.11872245078230247,esn_n500_sr0.9_inp0.2_leak0.5_alpha3000.0
2023-06-02,0.0981107384599108,0.11507637406104251,esn_n500_sr0.9_inp0.2_leak0.5_alpha3000.0
2023-06-05,0.0980166826323445,0.11487550953459673,esn_n500_sr0.9_inp0.2_leak0.5_alpha3000.0
2023-06-06,0.1016186242340663,0.1093177923519011,esn_n500_sr0.9_inp0.2_leak0.5_alpha3000.0
2023-06-07,0.1012703679749955,0.1109105493533179,esn_n500_sr0.9_inp0.2_leak0.5_alpha3000.0
2023-06-08,0.0993881005451452,0.10602795156508349,esn_n500_sr0.9_inp0.2_leak0.5_alpha3000.0
2023-06-09,0.1017118913163815,0.10685850612506134,esn_n500_sr0.9_inp0.2_leak0.5_alpha3000.0
2023-06-12,0.1006322377333368,0.10671826017847356,esn_n500_sr0.9_inp0.2_leak0.5_alpha3000.0
2023-06-13,0.1018342002014756,0.10489617313945539,esn_n500_sr0.9_inp0.2_leak0.5_alpha3000.0
2023-06-14,0.1017705516847287,0.10468362565736883,esn_n500_sr0.9_inp0.2_leak0.5_alpha3000.0
2023-06-15,0.092713218340906,0.10687759025004442,esn_n500_sr0.9_inp0.2_leak0.5_alpha3000.0
2023-06-16,0.0956017927796715,0.1067182132494439,esn_n500_sr0.9_inp0.2_leak0.5_alpha3000.0
2023-06-20,0.0941325480554639,0.10855228636961167,esn_n500_sr0.9_inp0.2_leak0.5_alpha3000.0
2023-06-21,0.0953243971492922,0.10824012208748583,esn_n500_sr0.9_inp0.2_leak0.5_alpha3000.0
2023-06-22,0.0944624933299643,0.10527195908573952,esn_n500_sr0.9_inp0.2_leak0.5_alpha3000.0
2023-06-23,0.091912358873018,0.11016399644711809,esn_n500_sr0.9_inp0.2_leak0.5_alpha3000.0
2023-06-26,0.0912706595956608,0.1135451729111684,esn_n500_sr0.9_inp0.2_leak0.5_alpha3000.0
2023-06-27,0.0826597177928597,0.10946205607945993,esn_n500_sr0.9_inp0.2_leak0.5_alpha3000.0
2023-06-28,0.0859475608288838,0.1050587530623965,esn_n500_sr0.9_inp0.2_leak0.5_alpha3000.0
2023-06-29,0.0915861140632179,0.10163813985189186,esn_n500_sr0.9_inp0.2_leak0.5_alpha3000.0
2023-06-30,0.0818499894555952,0.10117769254670483,esn_n500_sr0.9_inp0.2_leak0.5_alpha3000.0
2023-07-03,0.0823786396716683,0.09772174613595004,esn_n500_sr0.9_inp0.2_leak0.5_alpha3000.0
2023-07-05,0.0960776258369543,0.10056057281580297,esn_n500_sr0.9_inp0.2_leak0.5_alpha3000.0
2023-07-06,0.0924987734068415,0.11058753627412514,esn_n500_sr0.9_inp0.2_leak0.5_alpha3000.0
2023-07-07,0.0934580402306125,0.11320077035034055,esn_n500_sr0.9_inp0.2_leak0.5_alpha3000.0
2023-07-10,0.0980078451471102,0.11206310548066979,esn_n500_sr0.9_inp0.2_leak0.5_alpha3000.0
2023-07-11,0.0966284172081981,0.1085828306366179,esn_n500_sr0.9_inp0.2_leak0.5_alpha3000.0
2023-07-12,0.0953667440748528,0.10527055769808893,esn_n500_sr0.9_inp0.2_leak0.5_alpha3000.0
2023-07-13,0.0911536283376591,0.10396652804688707,esn_n500_sr0.9_inp0.2_leak0.5_alpha3000.0
2023-07-14,0.0911503100467932,0.10360442588632163,esn_n500_sr0.9_inp0.2_leak0.5_alpha3000.0
2023-07-17,0.092405781394505,0.10159301637382352,esn_n500_sr0.9_inp0.2_leak0.5_alpha3000.0
2023-07-18,0.0978681353877588,0.1009702848116979,esn_n500_sr0.9_inp0.2_leak0.5_alpha3000.0
2023-07-19,0.1009926527544676,0.10086984348482977,esn_n500_sr0.9_inp0.2_leak0.5_alpha3000.0
2023-07-20,0.1018747094255712,0.10635314257453261,esn_n500_sr0.9_inp0.2_leak0.5_alpha3000.0
2023-07-21,0.1018890327256418,0.10390149667463458,esn_n500_sr0.9_inp0.2_leak0.5_alpha3000.0
2023-07-24,0.1032520362808725,0.1024503858661346,esn_n500_sr0.9_inp0.2_leak0.5_alpha3000.0
2023-07-25,0.1032474185613816,0.09984700470527574,esn_n500_sr0.9_inp0.2_leak0.5_alpha3000.0
2023-07-26,0.1104785696326524,0.09802590570566289,esn_n500_sr0.9_inp0.2_leak0.5_alpha3000.0
2023-07-27,0.1187520212559967,0.11214034129421793,esn_n500_sr0.9_inp0.2_leak0.5_alpha3000.0
2023-07-28,0.1163094127992176,0.10810875702465836,esn_n500_sr0.9_inp0.2_leak0.5_alpha3000.0
2023-07-31,0.118261451542234,0.10505050827052426,esn_n500_sr0.9_inp0.2_leak0.5_alpha3000.0
2023-08-01,0.1283640659449643,0.10438901424184681,esn_n500_sr0.9_inp0.2_leak0.5_alpha3000.0
2023-08-02,0.119237735405843,0.12061520376340269,esn_n500_sr0.9_inp0.2_leak0.5_alpha3000.0
2023-08-03,0.1189153642455444,0.11881441612618315,esn_n500_sr0.9_inp0.2_leak0.5_alpha3000.0
2023-08-04,0.1180073074773794,0.129813662432747,esn_n500_sr0.9_inp0.2_leak0.5_alpha3000.0
2023-08-07,0.114936735656745,0.11922844008621183,esn_n500_sr0.9_inp0.2_leak0.5_alpha3000.0
2023-08-08,0.1163804832539367,0.12001134933639344,esn_n500_sr0.9_inp0.2_leak0.5_alpha3000.0
2023-08-09,0.1144404506331408,0.12333346292955837,esn_n500_sr0.9_inp0.2_leak0.5_alpha3000.0
2023-08-10,0.1145579937094751,0.12367634389301811,esn_n500_sr0.9_inp0.2_leak0.5_alpha3000.0
2023-08-11,0.1168787993345129,0.11476703068313195,esn_n500_sr0.9_inp0.2_leak0.5_alpha3000.0
2023-08-14,0.1168763165513214,0.10930597145672863,esn_n500_sr0.9_inp0.2_leak0.5_alpha3000.0
2023-08-15,0.1093035338476327,0.12157784581662147,esn_n500_sr0.9_inp0.2_leak0.5_alpha3000.0
2023-08-16,0.110419606798281,0.12655289250537666,esn_n500_sr0.9_inp0.2_leak0.5_alpha3000.0
2023-08-17,0.1153536102952739,0.13643068491409654,esn_n500_sr0.9_inp0.2_leak0.5_alpha3000.0
2023-08-18,0.115359722815126,0.1286424278282529,esn_n500_sr0.9_inp0.2_leak0.5_alpha3000.0
2023-08-21,0.113279355780151,0.12199198046332156,esn_n500_sr0.9_inp0.2_leak0.5_alpha3000.0
2023-08-22,0.1175343081090465,0.12099442192064488,esn_n500_sr0.9_inp0.2_leak0.5_alpha3000.0
2023-08-23,0.1255726553320253,0.11332420965729317,esn_n500_sr0.9_inp0.2_leak0.5_alpha3000.0
2023-08-24,0.1156644031236963,0.1296731454794709,esn_n500_sr0.9_inp0.2_leak0.5_alpha3000.0
2023-08-25,0.1139223549647532,0.12223574685474907,esn_n500_sr0.9_inp0.2_leak0.5_alpha3000.0
2023-08-28,0.1234291159113652,0.11402631271146713,esn_n500_sr0.9_inp0.2_leak0.5_alpha3000.0
2023-08-29,0.1124353961344948,0.10796797302839616,esn_n500_sr0.9_inp0.2_leak0.5_alpha3000.0
2023-08-30,0.1133573123185738,0.1031909523200063,esn_n500_sr0.9_inp0.2_leak0.5_alpha3000.0
2023-08-31,0.1135660811880547,0.10182945763005562,esn_n500_sr0.9_inp0.2_leak0.5_alpha3000.0
2023-09-01,0.1133820654513693,0.10045540680178035,esn_n500_sr0.9_inp0.2_leak0.5_alpha3000.0
2023-09-05,0.1220962946232297,0.1037430121058813,esn_n500_sr0.9_inp0.2_leak0.5_alpha3000.0
2023-09-06,0.1224645063696119,0.1106976538806824,esn_n500_sr0.9_inp0.2_leak0.5_alpha3000.0
2023-09-07,0.1219845010325659,0.1084024956361304,esn_n500_sr0.9_inp0.2_leak0.5_alpha3000.0
2023-09-08,0.128867970287098,0.10360867835100934,esn_n500_sr0.9_inp0.2_leak0.5_alpha3000.0
2023-09-11,0.1287583318247567,0.10104006461061373,esn_n500_sr0.9_inp0.2_leak0.5_alpha3000.0
2023-09-12,0.1285964303848208,0.10372982586865975,esn_n500_sr0.9_inp0.2_leak0.5_alpha3000.0
2023-09-13,0.1293463813681909,0.09993149037085967,esn_n500_sr0.9_inp0.2_leak0.5_alpha3000.0
2023-09-14,0.1275653083859597,0.09871062132554356,esn_n500_sr0.9_inp0.2_leak0.5_alpha3000.0
2023-09-15,0.1213915137841409,0.11050228605619068,esn_n500_sr0.9_inp0.2_leak0.5_alpha3000.0
2023-09-18,0.1269326079679688,0.10796827845731365,esn_n500_sr0.9_inp0.2_leak0.5_alpha3000.0
2023-09-19,0.1267186584918584,0.10794346359625429,esn_n500_sr0.9_inp0.2_leak0.5_alpha3000.0
2023-09-20,0.1313400760354207,0.11955286527438648,esn_n500_sr0.9_inp0.2_leak0.5_alpha3000.0
2023-09-21,0.1213736512635546,0.13700487206317133,esn_n500_sr0.9_inp0.2_leak0.5_alpha3000.0
2023-09-22,0.1288174402186171,0.13596750381054662,esn_n500_sr0.9_inp0.2_leak0.5_alpha3000.0
2023-09-25,0.1281014015802397,0.12661906767862707,esn_n500_sr0.9_inp0.2_leak0.5_alpha3000.0
2023-09-26,0.1198368640970246,0.14018332503052988,esn_n500_sr0.9_inp0.2_leak0.5_alpha3000.0
2023-09-27,0.130353440961388,0.13567635688912844,esn_n500_sr0.9_inp0.2_leak0.5_alpha3000.0
2023-09-28,0.1356450928435112,0.12747023142059952,esn_n500_sr0.9_inp0.2_leak0.5_alpha3000.0
2023-09-29,0.1363277638944003,0.12970160451375617,esn_n500_sr0.9_inp0.2_leak0.5_alpha3000.0
2023-10-02,0.1426992380541914,0.12443459497132062,esn_n500_sr0.9_inp0.2_leak0.5_alpha3000.0
2023-10-03,0.1362664287567975,0.14197591953188912,esn_n500_sr0.9_inp0.2_leak0.5_alpha3000.0
2023-10-04,0.139007678090756,0.1318384452968527,esn_n500_sr0.9_inp0.2_leak0.5_alpha3000.0
2023-10-05,0.1544726910566483,0.1268746495199296,esn_n500_sr0.9_inp0.2_leak0.5_alpha3000.0
2023-10-06,0.1521375221884577,0.12479101059569658,esn_n500_sr0.9_inp0.2_leak0.5_alpha3000.0
2023-10-09,0.1506625338855357,0.11718461463405767,esn_n500_sr0.9_inp0.2_leak0.5_alpha3000.0
2023-10-10,0.1498712685256031,0.1107102854570643,esn_n500_sr0.9_inp0.2_leak0.5_alpha3000.0
2023-10-11,0.1491897958182106,0.10417921187870387,esn_n500_sr0.9_inp0.2_leak0.5_alpha3000.0
2023-10-12,0.1501958555718745,0.11005207885439001,esn_n500_sr0.9_inp0.2_leak0.5_alpha3000.0
2023-10-13,0.1589517663364319,0.12460415069160106,esn_n500_sr0.9_inp0.2_leak0.5_alpha3000.0
2023-10-16,0.1545859393279643,0.11626501415131782,esn_n500_sr0.9_inp0.2_leak0.5_alpha3000.0
2023-10-17,0.1689642112836681,0.11405257248674466,esn_n500_sr0.9_inp0.2_leak0.5_alpha3000.0
2023-10-18,0.1622894347750445,0.1258600234126838,esn_n500_sr0.9_inp0.2_leak0.5_alpha3000.0
2023-10-19,0.1592965132607969,0.1412418355084237,esn_n500_sr0.9_inp0.2_leak0.5_alpha3000.0
2023-10-20,0.1531947374659621,0.15169730939077375,esn_n500_sr0.9_inp0.2_leak0.5_alpha3000.0
2023-10-23,0.1554721869819683,0.14176323876691613,esn_n500_sr0.9_inp0.2_leak0.5_alpha3000.0
2023-10-24,0.1533647099777552,0.13058730817569994,esn_n500_sr0.9_inp0.2_leak0.5_alpha3000.0
2023-10-25,0.1451711663145673,0.14212936964677045,esn_n500_sr0.9_inp0.2_leak0.5_alpha3000.0
2023-10-26,0.1387473178060428,0.150413170396797,esn_n500_sr0.9_inp0.2_leak0.5_alpha3000.0
2023-10-27,0.1379553935241013,0.15115291625978625,esn_n500_sr0.9_inp0.2_leak0.5_alpha3000.0
2023-10-30,0.1313933956958189,0.1359214727369322,esn_n500_sr0.9_inp0.2_leak0.5_alpha3000.0
2023-10-31,0.1295245647874249,0.12535307263764447,esn_n500_sr0.9_inp0.2_leak0.5_alpha3000.0
2023-11-01,0.1247127531180292,0.12002912581395467,esn_n500_sr0.9_inp0.2_leak0.5_alpha3000.0
2023-11-02,0.1070100636602508,0.11554427836505192,esn_n500_sr0.9_inp0.2_leak0.5_alpha3000.0
2023-11-03,0.103734734003644,0.11122507349798987,esn_n500_sr0.9_inp0.2_leak0.5_alpha3000.0
2023-11-06,0.1034159147707707,0.10813432200471244,esn_n500_sr0.9_inp0.2_leak0.5_alpha3000.0
2023-11-07,0.103915915801192,0.10526363595214921,esn_n500_sr0.9_inp0.2_leak0.5_alpha3000.0
2023-11-08,0.107330240095116,0.10230312904491853,esn_n500_sr0.9_inp0.2_leak0.5_alpha3000.0
2023-11-09,0.1047822578229109,0.11212738405938807,esn_n500_sr0.9_inp0.2_leak0.5_alpha3000.0
2023-11-10,0.0902672073741586,0.1109517317987433,esn_n500_sr0.9_inp0.2_leak0.5_alpha3000.0
2023-11-13,0.0916423381986303,0.10851506347411796,esn_n500_sr0.9_inp0.2_leak0.5_alpha3000.0
2023-11-14,0.0781643992629439,0.10835811204548693,esn_n500_sr0.9_inp0.2_leak0.5_alpha3000.0
2023-11-15,0.0786301232925649,0.10814151983923671,esn_n500_sr0.9_inp0.2_leak0.5_alpha3000.0
2023-11-16,0.0787278356199521,0.10566258312040697,esn_n500_sr0.9_inp0.2_leak0.5_alpha3000.0
2023-11-17,0.0810866423139954,0.10380005138675404,esn_n500_sr0.9_inp0.2_leak0.5_alpha3000.0
2023-11-20,0.0793552003376554,0.10233340245728635,esn_n500_sr0.9_inp0.2_leak0.5_alpha3000.0
2023-11-21,0.0932241027843911,0.10289516061713355,esn_n500_sr0.9_inp0.2_leak0.5_alpha3000.0
2023-11-22,0.0981111511312397,0.10089234092799458,esn_n500_sr0.9_inp0.2_leak0.5_alpha3000.0
2023-11-24,0.0983454321940435,0.09653325916427578,esn_n500_sr0.9_inp0.2_leak0.5_alpha3000.0
2023-11-27,0.0992703122404884,0.09693346205211854,esn_n500_sr0.9_inp0.2_leak0.5_alpha3000.0
2023-11-28,0.0994151207229915,0.09684754932621237,esn_n500_sr0.9_inp0.2_leak0.5_alpha3000.0
2023-11-29,0.0993927709305954,0.09832581192651513,esn_n500_sr0.9_inp0.2_leak0.5_alpha3000.0
2023-11-30,0.0989456979680941,0.09693333814748509,esn_n500_sr0.9_inp0.2_leak0.5_alpha3000.0
2023-12-01,0.0987356192792739,0.09534544985474183,esn_n500_sr0.9_inp0.2_leak0.5_alpha3000.0
2023-12-04,0.1012274303531644,0.09871973762484419,esn_n500_sr0.9_inp0.2_leak0.5_alpha3000.0
2023-12-05,0.1018707510320199,0.09634940587202322,esn_n500_sr0.9_inp0.2_leak0.5_alpha3000.0
2023-12-06,0.1009743030202914,0.10153556365360118,esn_n500_sr0.9_inp0.2_leak0.5_alpha3000.0
2023-12-07,0.1095422923504594,0.09936422766348628,esn_n500_sr0.9_inp0.2_leak0.5_alpha3000.0
2023-12-08,0.1086124236948033,0.09697031886459478,esn_n500_sr0.9_inp0.2_leak0.5_alpha3000.0
2023-12-11,0.10957869949841,0.09678549469616993,esn_n500_sr0.9_inp0.2_leak0.5_alpha3000.0
2023-12-12,0.1083896955797108,0.09588062153746353,esn_n500_sr0.9_inp0.2_leak0.5_alpha3000.0
2023-12-13,0.0969066353625176,0.10133084881504872,esn_n500_sr0.9_inp0.2_leak0.5_alpha3000.0
2023-12-14,0.0971183477631206,0.10417862994262521,esn_n500_sr0.9_inp0.2_leak0.5_alpha3000.0
2023-12-15,0.0989407398251809,0.10442007615341511,esn_n500_sr0.9_inp0.2_leak0.5_alpha3000.0
2023-12-18,0.101884670530858,0.10301086489623766,esn_n500_sr0.9_inp0.2_leak0.5_alpha3000.0
2023-12-19,0.1088639607563253,0.10094972000407733,esn_n500_sr0.9_inp0.2_leak0.5_alpha3000.0
2023-12-20,0.0972322366770748,0.11942264846499885,esn_n500_sr0.9_inp0.2_leak0.5_alpha3000.0
2023-12-21,0.091863124763516,0.11491979352161667,esn_n500_sr0.9_inp0.2_leak0.5_alpha3000.0
2023-12-22,0.0916682885095538,0.11041676866267638,esn_n500_sr0.9_inp0.2_leak0.5_alpha3000.0
2023-12-26,0.0924666156147963,0.10700624403841999,esn_n500_sr0.9_inp0.2_leak0.5_alpha3000.0
2023-12-27,0.092354313243516,0.10446050398027214,esn_n500_sr0.9_inp0.2_leak0.5_alpha3000.0
2023-12-28,0.0964962409749784,0.10363665530860111,esn_n500_sr0.9_inp0.2_leak0.5_alpha3000.0
2023-12-29,0.0959851654109754,0.10568686639026222,esn_n500_sr0.9_inp0.2_leak0.5_alpha3000.0
2024-01-02,0.1105744737195717,0.10820371493828676,esn_n500_sr0.9_inp0.2_leak0.5_alpha3000.0
2024-01-03,0.1162319010041279,0.11367561828530634,esn_n500_sr0.9_inp0.2_leak0.5_alpha3000.0
2024-01-04,0.1214931413770564,0.1140450720956425,esn_n500_sr0.9_inp0.2_leak0.5_alpha3000.0
2024-01-05,0.1220846233234554,0.1090981499213655,esn_n500_sr0.9_inp0.2_leak0.5_alpha3000.0
2024-01-08,0.1117087144753469,0.10562332505457613,esn_n500_sr0.9_inp0.2_leak0.5_alpha3000.0
2024-01-09,0.1154080453120454,0.10260331477523232,esn_n500_sr0.9_inp0.2_leak0.5_alpha3000.0
2024-01-10,0.1136694525864751,0.10081384628040756,esn_n500_sr0.9_inp0.2_leak0.5_alpha3000.0
2024-01-11,0.1154846914025857,0.10173717697059478,esn_n500_sr0.9_inp0.2_leak0.5_alpha3000.0
2024-01-12,0.1154690373447079,0.10183718484690302,esn_n500_sr0.9_inp0.2_leak0.5_alpha3000.0
2024-01-16,0.1248444367149378,0.10894146592727492,esn_n500_sr0.9_inp0.2_leak0.5_alpha3000.0
2024-01-17,0.1273806207685467,0.11299310995285007,esn_n500_sr0.9_inp0.2_leak0.5_alpha3000.0
2024-01-18,0.1258327389770513,0.11016293890712556,esn_n500_sr0.9_inp0.2_leak0.5_alpha3000.0
2024-01-19,0.1192222342469219,0.10759915367231541,esn_n500_sr0.9_inp0.2_leak0.5_alpha3000.0
2024-01-22,0.1205892017129767,0.10448608181722385,esn_n500_sr0.9_inp0.2_leak0.5_alpha3000.0
2024-01-23,0.1201882233880188,0.10038671495230819,esn_n500_sr0.9_inp0.2_leak0.5_alpha3000.0
2024-01-24,0.1404177868959578,0.10433493673173914,esn_n500_sr0.9_inp0.2_leak0.5_alpha3000.0
2024-01-25,0.1391130408597811,0.1038374139729604,esn_n500_sr0.9_inp0.2_leak0.5_alpha3000.0
2024-01-26,0.1396485914119358,0.10348158576586745,esn_n500_sr0.9_inp0.2_leak0.5_alpha3000.0
2024-01-29,0.1369712781655157,0.10171720952744844,esn_n500_sr0.9_inp0.2_leak0.5_alpha3000.0
2024-01-30,0.1370241770861665,0.09899987058114265,esn_n500_sr0.9_inp0.2_leak0.5_alpha3000.0
2024-01-31,0.1246093404473094,0.11476772987003453,esn_n500_sr0.9_inp0.2_leak0.5_alpha3000.0
2024-02-01,0.1204047622155905,0.10938119180049356,esn_n500_sr0.9_inp0.2_leak0.5_alpha3000.0
2024-02-02,0.114585947753343,0.1063273472370326,esn_n500_sr0.9_inp0.2_leak0.5_alpha3000.0
2024-02-05,0.1193042869654522,0.10589471556580407,esn_n500_sr0.9_inp0.2_leak0.5_alpha3000.0
2024-02-06,0.1202061710834544,0.10302458994093956,esn_n500_sr0.9_inp0.2_leak0.5_alpha3000.0
2024-02-07,0.1216947392054665,0.10228181355727409,esn_n500_sr0.9_inp0.2_leak0.5_alpha3000.0
2024-02-08,0.1235468195063519,0.10020786986438572,esn_n500_sr0.9_inp0.2_leak0.5_alpha3000.0
2024-02-09,0.1218799593268043,0.09921890194884052,esn_n500_sr0.9_inp0.2_leak0.5_alpha3000.0
2024-02-12,0.1276510882074324,0.10023238542434351,esn_n500_sr0.9_inp0.2_leak0.5_alpha3000.0
2024-02-13,0.1179080940048079,0.11627238966623221,esn_n500_sr0.9_inp0.2_leak0.5_alpha3000.0
2024-02-14,0.113668218681114,0.11010446246671772,esn_n500_sr0.9_inp0.2_leak0.5_alpha3000.0
2024-02-15,0.1136791506718618,0.10485338633539244,esn_n500_sr0.9_inp0.2_leak0.5_alpha3000.0
2024-02-16,0.1142424317085227,0.10708416993506341,esn_n500_sr0.9_inp0.2_leak0.5_alpha3000.0
2024-02-20,0.1142552708983269,0.11200862305234074,esn_n500_sr0.9_inp0.2_leak0.5_alpha3000.0
2024-02-21,0.1187939161456135,0.10892600166739695,esn_n500_sr0.9_inp0.2_leak0.5_alpha3000.0
2024-02-22,0.0946686858653886,0.10683638490815743,esn_n500_sr0.9_inp0.2_leak0.5_alpha3000.0
2024-02-23,0.0948764502128778,0.10344541292060441,esn_n500_sr0.9_inp0.2_leak0.5_alpha3000.0
2024-02-26,0.0944898756136481,0.10525132390061608,esn_n500_sr0.9_inp0.2_leak0.5_alpha3000.0
2024-02-27,0.0944880564092115,0.10298209649799163,esn_n500_sr0.9_inp0.2_leak0.5_alpha3000.0
2024-02-28,0.0989363660188138,0.102847887412504,esn_n500_sr0.9_inp0.2_leak0.5_alpha3000.0
2024-02-29,0.0981153292368613,0.10374430902108028,esn_n500_sr0.9_inp0.2_leak0.5_alpha3000.0
2024-03-01,0.092544910573783,0.1007139913149567,esn_n500_sr0.9_inp0.2_leak0.5_alpha3000.0
2024-03-04,0.095198151741531,0.0992840878150964,esn_n500_sr0.9_inp0.2_leak0.5_alpha3000.0
2024-03-05,0.0883551411075722,0.10984346316562817,esn_n500_sr0.9_inp0.2_leak0.5_alpha3000.0
2024-03-06,0.0968770880470867,0.1091823026274494,esn_n500_sr0.9_inp0.2_leak0.5_alpha3000.0
2024-03-07,0.0975539705803584,0.10720601493979415,esn_n500_sr0.9_inp0.2_leak0.5_alpha3000.0
2024-03-08,0.0952053139271028,0.11339254041086448,esn_n500_sr0.9_inp0.2_leak0.5_alpha3000.0
2024-03-11,0.0952447587435166,0.11140223114546072,esn_n500_sr0.9_inp0.2_leak0.5_alpha3000.0
2024-03-12,0.0943669882879732,0.10795319626379807,esn_n500_sr0.9_inp0.2_leak0.5_alpha3000.0
2024-03-13,0.0979100755940749,0.10671973284136478,esn_n500_sr0.9_inp0.2_leak0.5_alpha3000.0
2024-03-14,0.1094131057111908,0.11164716649953624,esn_n500_sr0.9_inp0.2_leak0.5_alpha3000.0
2024-03-15,0.11565344271636,0.11360958572235305,esn_n500_sr0.9_inp0.2_leak0.5_alpha3000.0
