path,file,index,sha256,eligible,failure_reason,columns,date_column,high_column,low_column,open_column,close_column,volume_column,rows,usable_rows,valid_fraction,start,end,span_years,duplicate_dates,invalid_ranges,maximum_gap_days,gaps_over_10_days
data/raw/transition_forecasting/global_stock_indices_historical_data/all_indices_data.csv,all_indices_data.csv,all_indices_data,000a8ff4ebcad59439f1a24b4166cf8a21b5c682e535ddb2b95987ce12967bf5,False,duplicate_dates,"['date', 'open', 'high', 'low', 'close', 'volume', 'ticker']",date,high,low,open,close,volume,291102,291102,1.0,1927-12-30,2024-06-24,96.48658083328199,266046,0,12,1
data/raw/transition_forecasting/global_stock_indices_historical_data/individual_indices_data/000001.SS_data.csv,000001.SS_data.csv,000001.SS_data,bebdd1c028f704454d1ded98ad56dd70af693a3717ec0050e2e60afbc50fb15a,True,,"['date', 'open', 'high', 'low', 'close', 'volume']",date,high,low,open,close,volume,6534,6534,1.0,1997-07-02,2024-06-24,26.979335646864754,0,0,20,14
data/raw/transition_forecasting/global_stock_indices_historical_data/individual_indices_data/399001.SZ_data.csv,399001.SZ_data.csv,399001.SZ_data,fca04e62c41d0e2dce134ed707b1d3c0e49ff7c58504b5ca005544319eb1aa45,True,,"['date', 'open', 'high', 'low', 'close', 'volume']",date,high,low,open,close,volume,6501,6501,1.0,1997-08-22,2024-06-24,26.83970238950834,0,0,20,14
data/raw/transition_forecasting/global_stock_indices_historical_data/individual_indices_data/IMOEX.ME_data.csv,IMOEX.ME_data.csv,IMOEX.ME_data,8d3d96471abafa35a2a787afe09f4b109c64391bb2375aa4bd6f2f9ed419bac5,False,insufficient_history,"['date', 'open', 'high', 'low', 'close', 'volume']",date,high,low,open,close,volume,2780,2780,1.0,2013-03-05,2024-06-14,11.277438961785663,0,0,28,3
data/raw/transition_forecasting/global_stock_indices_historical_data/individual_indices_data/^AORD_data.csv,^AORD_data.csv,^AORD_data,a570cf864cbf477f54c09ec67af7a8b7c476d8b16011c980375fc21aa03f5b07,True,,"['date', 'open', 'high', 'low', 'close', 'volume']",date,high,low,open,close,volume,10081,10081,1.0,1984-08-03,2024-06-24,39.89130509182255,0,0,7,0
data/raw/transition_forecasting/global_stock_indices_historical_data/individual_indices_data/^AXJO_data.csv,^AXJO_data.csv,^AXJO_data,902ae708032e63a9db090cfedfa183398b1adb3829d5acf788bfe8080e3c77a4,True,,"['date', 'open', 'high', 'low', 'close', 'volume']",date,high,low,open,close,volume,7982,7982,1.0,1992-11-23,2024-06-24,31.584495232619425,0,0,7,0
data/raw/transition_forecasting/global_stock_indices_historical_data/individual_indices_data/^BFX_data.csv,^BFX_data.csv,^BFX_data,ce2b59841564645f3d643ea657654bc4ce40e29ef4f7809a3d76e7bf39dae9cd,True,,"['date', 'open', 'high', 'low', 'close', 'volume']",date,high,low,open,close,volume,8427,8427,1.0,1991-04-09,2024-06-24,33.210811994770594,0,0,5,0
data/raw/transition_forecasting/global_stock_indices_historical_data/individual_indices_data/^BSESN_data.csv,^BSESN_data.csv,^BSESN_data,55cde110cefa5214d1a875a438ceab5c2dd015316d1616ee078567b0315558c3,True,,"['date', 'open', 'high', 'low', 'close', 'volume']",date,high,low,open,close,volume,6644,6644,1.0,1997-07-01,2024-06-24,26.982073553871743,0,0,6,0
data/raw/transition_forecasting/global_stock_indices_historical_data/individual_indices_data/^BUK100P_data.csv,^BUK100P_data.csv,^BUK100P_data,38eb7c3fe8ac25b9093575f7e5f4a9ea130374f1230da4dd86fa6174899bc828,False,insufficient_history,"['date', 'open', 'high', 'low', 'close', 'volume']",date,high,low,open,close,volume,3485,3485,1.0,2010-09-17,2024-06-24,13.768934338145204,0,0,6,0
data/raw/transition_forecasting/global_stock_indices_historical_data/individual_indices_data/^BVSP_data.csv,^BVSP_data.csv,^BVSP_data,209a897707f9f376ea4f99a4775681dac29f195cf9b3a0dad4f79fff9b1273f6,True,,"['date', 'open', 'high', 'low', 'close', 'volume']",date,high,low,open,close,volume,7713,7713,1.0,1993-04-27,2024-06-24,31.160119646536206,0,0,6,0
data/raw/transition_forecasting/global_stock_indices_historical_data/individual_indices_data/^CASE30_data.csv,^CASE30_data.csv,^CASE30_data,1e45bc9c6b51ff973e2830d1cd41986a7e1a9b5bb5ad96c9cd8020de1dd1ac5d,False,insufficient_valid_ohlc;insufficient_history,"['date', 'open', 'high', 'low', 'close', 'volume']",date,high,low,open,close,volume,0,0,0.0,,,0.0,0,0,0,0
data/raw/transition_forecasting/global_stock_indices_historical_data/individual_indices_data/^DJI_data.csv,^DJI_data.csv,^DJI_data,2618278127be7e63acafcf8155871e756a92ba1ce5a609c0e8a18082214f73a0,True,,"['date', 'open', 'high', 'low', 'close', 'volume']",date,high,low,open,close,volume,8179,8179,1.0,1992-01-02,2024-06-24,32.47705291689768,0,0,7,0
data/raw/transition_forecasting/global_stock_indices_historical_data/individual_indices_data/^FCHI_data.csv,^FCHI_data.csv,^FCHI_data,9b6b6c74817ea9fea163632eb97aadf7d40407c822a43f75b68c66838c137a17,True,,"['date', 'open', 'high', 'low', 'close', 'volume']",date,high,low,open,close,volume,8712,8712,1.0,1990-03-01,2024-06-24,34.316926425593955,0,0,6,0
data/raw/transition_forecasting/global_stock_indices_historical_data/individual_indices_data/^FTSE_data.csv,^FTSE_data.csv,^FTSE_data,71b5b322261d050bec4e8515ada4fd6ead414552dd32ee3bb8c03f21c583f0b3,True,,"['date', 'open', 'high', 'low', 'close', 'volume']",date,high,low,open,close,volume,10223,10223,1.0,1984-01-03,2024-06-24,40.47447928431111,0,0,5,0
data/raw/transition_forecasting/global_stock_indices_historical_data/individual_indices_data/^GDAXI_data.csv,^GDAXI_data.csv,^GDAXI_data,b6f46e1546a1f9c2939fba6736c8f34abd69ef451037e1c056dcdbca3761c0c5,True,,"['date', 'open', 'high', 'low', 'close', 'volume']",date,high,low,open,close,volume,9224,9224,1.0,1987-12-30,2024-06-24,36.485348775128855,0,0,6,0
data/raw/transition_forecasting/global_stock_indices_historical_data/individual_indices_data/^GSPC_data.csv,^GSPC_data.csv,^GSPC_data,38860bf3b8890e5db7fc55a092cd0ad4f6657e082a9a18c5b339743589df1820,True,,"['date', 'open', 'high', 'low', 'close', 'volume']",date,high,low,open,close,volume,24235,24235,1.0,1927-12-30,2024-06-24,96.48658083328199,0,0,12,1
data/raw/transition_forecasting/global_stock_indices_historical_data/individual_indices_data/^GSPTSE_data.csv,^GSPTSE_data.csv,^GSPTSE_data,06bc902692b8fe5a4f26cb304cb0a0dd27fb49224c234602a694b45f98a82508,True,,"['date', 'open', 'high', 'low', 'close', 'volume']",date,high,low,open,close,volume,11296,11296,1.0,1979-06-29,2024-06-24,44.989287938835155,0,0,5,0
data/raw/transition_forecasting/global_stock_indices_historical_data/individual_indices_data/^HSI_data.csv,^HSI_data.csv,^HSI_data,977c81e3d8cfbf42add66ca762d9f27a5b52249eef4156cd12cdb1ec353d4940,True,,"['date', 'open', 'high', 'low', 'close', 'volume']",date,high,low,open,close,volume,9251,9251,1.0,1986-12-31,2024-06-24,37.481946925672666,0,0,7,0
data/raw/transition_forecasting/global_stock_indices_historical_data/individual_indices_data/^IPSA_data.csv,^IPSA_data.csv,^IPSA_data,270e2e74d8f476232b10823a992c923f365c3710807936aa59138e99f832a18a,True,,"['date', 'open', 'high', 'low', 'close', 'volume']",date,high,low,open,close,volume,4346,4346,1.0,2002-01-02,2019-06-14,17.44594344853077,0,0,10,0
data/raw/transition_forecasting/global_stock_indices_historical_data/individual_indices_data/^IXIC_data.csv,^IXIC_data.csv,^IXIC_data,c639db65b98c009301195564d4ea5a96be3608a3af1203193d955a43de9fd15b,True,,"['date', 'open', 'high', 'low', 'close', 'volume']",date,high,low,open,close,volume,13461,13461,1.0,1971-02-05,2024-06-24,53.38371082226192,0,0,7,0
data/raw/transition_forecasting/global_stock_indices_historical_data/individual_indices_data/^JKSE_data.csv,^JKSE_data.csv,^JKSE_data,73d06f11c86f2aa7839be873ae408fd892f6ea6d17a5c34f35b386082b0c7887,True,,"['date', 'open', 'high', 'low', 'close', 'volume']",date,high,low,open,close,volume,8337,8337,1.0,1990-04-06,2024-06-24,34.218361773342366,0,0,12,5
data/raw/transition_forecasting/global_stock_indices_historical_data/individual_indices_data/^JN0U.JO_data.csv,^JN0U.JO_data.csv,^JN0U.JO_data,df316c45255eb472f4d632092a112a44dd4403537c1f4c1592e327aaac188070,False,insufficient_history,"['date', 'open', 'high', 'low', 'close', 'volume']",date,high,low,open,close,volume,1685,1685,1.0,2017-09-26,2024-06-24,6.743464958212694,0,0,5,0
data/raw/transition_forecasting/global_stock_indices_historical_data/individual_indices_data/^KLSE_data.csv,^KLSE_data.csv,^KLSE_data,7aec8613f2195d0254fbf50ba0b7d8634ee9897f6baee76f529d40fb4a90c56c,True,,"['date', 'open', 'high', 'low', 'close', 'volume']",date,high,low,open,close,volume,7506,7506,1.0,1993-12-03,2024-06-24,30.557780104998734,0,0,10,0
data/raw/transition_forecasting/global_stock_indices_historical_data/individual_indices_data/^KS11_data.csv,^KS11_data.csv,^KS11_data,a3171e6eca59d9e4407a47971b7db9f0ae39b54b0ada9d9129b766bdf15b4090,True,,"['date', 'open', 'high', 'low', 'close', 'volume']",date,high,low,open,close,volume,6784,6784,1.0,1996-12-11,2024-06-24,27.53513076928342,0,0,11,1
data/raw/transition_forecasting/global_stock_indices_historical_data/individual_indices_data/^MERV_data.csv,^MERV_data.csv,^MERV_data,f3b17cdd028ee91a3d77f9569b540a118175523dfe92a16e5dbd852b58f44ba1,True,,"['date', 'open', 'high', 'low', 'close', 'volume']",date,high,low,open,close,volume,6778,6778,1.0,1996-10-08,2024-06-24,27.710356817730684,0,0,13,1
data/raw/transition_forecasting/global_stock_indices_historical_data/individual_indices_data/^MXX_data.csv,^MXX_data.csv,^MXX_data,87e414decff910e34c336808d895698d11b38873bd93ce89994f835bea54ce33,True,,"['date', 'open', 'high', 'low', 'close', 'volume']",date,high,low,open,close,volume,8169,8169,1.0,1991-11-08,2024-06-24,32.627637802282045,0,0,7,0
data/raw/transition_forecasting/global_stock_indices_historical_data/individual_indices_data/^N100_data.csv,^N100_data.csv,^N100_data,63919d64e5381459568adb4acdf8b8e0c82b76ae35802800e7cc6ef8fc3a8cd8,True,,"['date', 'open', 'high', 'low', 'close', 'volume']",date,high,low,open,close,volume,6260,6260,1.0,1999-12-31,2024-06-24,24.482364456491236,0,0,6,0
data/raw/transition_forecasting/global_stock_indices_historical_data/individual_indices_data/^N225_data.csv,^N225_data.csv,^N225_data,fde8aed326650c6927af0e0ee47f45654d499d0286ea0a3c55df71b5688ead88,True,,"['date', 'open', 'high', 'low', 'close', 'volume']",date,high,low,open,close,volume,14624,14624,1.0,1965-01-05,2024-06-24,59.467340191790385,0,0,11,1
data/raw/transition_forecasting/global_stock_indices_historical_data/individual_indices_data/^NYA_data.csv,^NYA_data.csv,^NYA_data,f8e9809380a59acb41617b09978c11a72ab372a7cbaa0d5ee283d11b2857f746,True,,"['date', 'open', 'high', 'low', 'close', 'volume']",date,high,low,open,close,volume,14718,14718,1.0,1965-12-31,2024-06-24,58.48169366927452,0,0,7,0
data/raw/transition_forecasting/global_stock_indices_historical_data/individual_indices_data/^NZ50_data.csv,^NZ50_data.csv,^NZ50_data,068619349391a4c49665bc2509b8e91d24f571e909f21f8466cb2591e8d95df7,True,,"['date', 'open', 'high', 'low', 'close', 'volume']",date,high,low,open,close,volume,5292,5292,1.0,2003-01-03,2024-06-24,21.473404655810864,0,0,8,0
data/raw/transition_forecasting/global_stock_indices_historical_data/individual_indices_data/^RUT_data.csv,^RUT_data.csv,^RUT_data,dbc6a8b2baf7674f9a2b51654e707311a68e5f646c05eab1263c4036538a22bb,True,,"['date', 'open', 'high', 'low', 'close', 'volume']",date,high,low,open,close,volume,9269,9269,1.0,1987-09-10,2024-06-24,36.789256452904574,0,0,7,0
data/raw/transition_forecasting/global_stock_indices_historical_data/individual_indices_data/^STI_data.csv,^STI_data.csv,^STI_data,e492151fd9ccd026c257c21a3ff1b6ec5a3979545c4f13bb091c2ca2586af785,True,,"['date', 'open', 'high', 'low', 'close', 'volume']",date,high,low,open,close,volume,9112,9112,1.0,1987-12-28,2024-06-24,36.49082458914283,0,0,7,0
data/raw/transition_forecasting/global_stock_indices_historical_data/individual_indices_data/^STOXX50E_data.csv,^STOXX50E_data.csv,^STOXX50E_data,e76b6f55a148e77ddcbe19e6b5ea36cd5177debf626f780ec8c2d0017acd3e68,True,,"['date', 'open', 'high', 'low', 'close', 'volume']",date,high,low,open,close,volume,4321,4321,1.0,2007-03-30,2024-06-24,17.237862515999645,0,0,7,0
data/raw/transition_forecasting/global_stock_indices_historical_data/individual_indices_data/^TA125.TA_data.csv,^TA125.TA_data.csv,^TA125.TA_data,bdd89f75181218d565366fed5ad64de6759aae521c4812de670594e4e226e8d4,True,,"['date', 'open', 'high', 'low', 'close', 'volume']",date,high,low,open,close,volume,6701,6701,1.0,1992-10-08,2024-06-24,31.710438954940894,0,0,8,0
data/raw/transition_forecasting/global_stock_indices_historical_data/individual_indices_data/^TWII_data.csv,^TWII_data.csv,^TWII_data,98f4cc5eb9d7b9198f2fa08724349b7f54325781031dba7dd18b1ea605aa73bc,True,,"['date', 'open', 'high', 'low', 'close', 'volume']",date,high,low,open,close,volume,6616,6616,1.0,1997-07-02,2024-06-24,26.979335646864754,0,0,13,19
data/raw/transition_forecasting/global_stock_indices_historical_data/individual_indices_data/^VIX_data.csv,^VIX_data.csv,^VIX_data,5bb7fe62b61afc67c20074ddad66a473b35b10533a56b6d75beb06bb18ecdaf4,True,,"['date', 'open', 'high', 'low', 'close', 'volume']",date,high,low,open,close,volume,8685,8685,1.0,1990-01-02,2024-06-24,34.47572503199929,0,0,7,0
data/raw/transition_forecasting/global_stock_indices_historical_data/individual_indices_data/^XAX_data.csv,^XAX_data.csv,^XAX_data,1e74c29df2adcee84b87ab836d58a769dec8c60a3ea5ed1a29d098dbcd906b13,True,,"['date', 'open', 'high', 'low', 'close', 'volume']",date,high,low,open,close,volume,7171,7171,1.0,1995-12-27,2024-06-24,28.4933982217294,0,0,7,0
