market_key,market,episode_id,branch_date,landmark_date,event_type,y_recovery,event_day,current_return_5d_from_branch,distance_to_recovery_barrier,distance_to_relapse_barrier,barrier_width,stress_ratio,drawdown_120d,rv_ratio_5_20_branch,return_5d_branch,rv_5d_change_5d_branch,worst_return_5d_in_prior_window,downside_shock_pressure_day5
nikkei_225,Nikkei 225,1,1952-07-25,1952-08-01,recovery,1,11,0.028745185485505864,0.03353723927014624,0.10801372608360853,0.14155096535375478,1.2520382893438906,-0.06230991484184922,1.006362986241358,0.03234394616130043,-0.03483371862152085,-0.09667973034936761,0.0
nikkei_225,Nikkei 225,2,1953-02-23,1953-03-02,relapse,0,7,-0.07713615023474185,0.15697051803808343,0.02447122696951104,0.18144174500759447,1.647178701045082,-0.10208039120628964,0.736930498292246,-0.0013840183304489884,-0.29483523586540583,-0.14168646234325433,0.1441196947691939
nikkei_225,Nikkei 225,3,1953-04-07,1953-04-14,recovery,1,7,0.014389857369255132,0.08299509243163786,0.13833433893402802,0.22132943136566585,1.9407586512487098,-0.3349914634403389,1.067031055786715,0.02714808120586021,-0.06810010066190292,-0.17703966001940152,0.006554881204573819
nikkei_225,Nikkei 225,4,1954-01-11,1954-01-19,relapse,0,34,-0.05383412410210198,0.11084651110964394,0.018727095725678697,0.12957360683532265,1.171591568355101,-0.16323995830283677,0.5746521287366199,0.038888910385249886,-0.22200347082003744,-0.10939103432459873,0.12021274862191036
nikkei_225,Nikkei 225,5,1954-04-08,1954-04-15,recovery,1,10,0.006112431698206411,0.04437441284271299,0.07036841565937656,0.11474282850208956,1.0411704711847831,-0.2672095916751499,0.847265160903233,0.003835333024064802,0.05934762024212023,-0.07561464166575949,0.010100528055788616
nikkei_225,Nikkei 225,6,1957-06-05,1957-06-12,relapse,0,33,0.011046209010467933,0.035329953008029796,0.07007041521582866,0.10540036822385845,1.1272288496610348,-0.12790639027588635,0.6226651671495581,0.008498991210959872,-0.020130000682268695,-0.07238367863514572,0.0
nikkei_225,Nikkei 225,7,1959-12-28,1960-01-08,recovery,1,10,0.04276014996342359,0.021163625549909346,0.12411768243493822,0.14528130798484756,1.69126821689224,-0.10445988965432529,1.1174009616821214,0.023628747002612194,-0.08094472394238061,-0.09412317286494698,0.005655607748245581
nikkei_225,Nikkei 225,8,1960-05-24,1960-05-31,recovery,1,26,-0.03321498782312715,0.08292216142947083,0.03004868767585571,0.11297084910532654,1.3196424930007222,-0.0723145182510232,1.3621915681012489,-0.0077261088050155635,-0.0036193893983952896,-0.056019261405981347,0.10837749542879882
nikkei_225,Nikkei 225,9,1961-09-21,1961-09-28,relapse,0,11,0.019704598185331657,0.030545549568339096,0.08365933169000352,0.1142048812583426,1.331374231944345,-0.18262157464995032,1.0329959172513683,-0.009376930019989516,-0.030461591077006633,-0.0677649639874609,0.009076725174268595
nikkei_225,Nikkei 225,10,1961-10-26,1961-11-02,recovery,1,49,0.013397753208643337,0.05235317654045704,0.09708075470749836,0.1494339312479554,1.7286140636802012,-0.26247444992184676,0.9313820242814136,0.025464503924534476,-0.006662723018095895,-0.0997464511792785,0.032760416521843534
nikkei_225,Nikkei 225,11,1961-12-26,1962-01-08,recovery,1,10,0.01950187298046946,0.031564909147063634,0.08449595932460248,0.1160608684716661,1.3302673092755521,-0.23549793959797571,0.7132778070113414,0.10612016345935604,0.03189228521402179,-0.052585096723224645,0.062463964736745
nikkei_225,Nikkei 225,12,1962-04-30,1962-05-08,recovery,1,7,0.014059575455956708,0.027036283655837302,0.06636339614369453,0.09339967979953184,1.0679691163047773,-0.132938305152979,0.7781611602115264,0.025399286973080137,-0.09266382533271766,-0.05748995464571216,0.01715740184489387
nikkei_225,Nikkei 225,13,1962-10-08,1962-10-15,relapse,0,15,-0.04143036821136192,0.09509648167097928,0.026871958009969263,0.12196843968094856,1.4043952429937006,-0.10720145239376011,1.189282307189697,0.05096949554663155,-0.016771640836912682,-0.05917429660911111,0.1477729915974161
nikkei_225,Nikkei 225,15,1963-08-05,1963-08-12,relapse,0,79,0.008004771246056697,0.05987904329359521,0.09440235338743183,0.15428139668102703,1.7809312879965602,-0.14849758622588505,0.922610088496154,0.028379692107846743,-0.12179253325068884,-0.06019877593649525,0.020889443417737557
nikkei_225,Nikkei 225,16,1963-09-13,1963-09-20,relapse,0,10,-0.007289581338671747,0.04906763511686088,0.045882487106296235,0.09495012222315712,1.088701392428282,-0.1564456028928577,0.8933577204185095,0.05437956554148915,0.08651793458297768,-0.060180645514999576,0.10520332296927384
nikkei_225,Nikkei 225,17,1963-12-09,1963-12-16,recovery,1,24,-0.03379274734877069,0.0793561524378839,0.024197040946464285,0.10355319338434818,1.1838731758370538,-0.2125740449993433,0.8050396381039746,0.0012320411708888201,-0.05985532845321989,-0.05410568309322361,0.11930874959005229
nikkei_225,Nikkei 225,19,1966-07-25,1966-08-01,relapse,0,85,0.016927490516526422,0.02311270744121713,0.06788774246274548,0.09100044990396261,1.0620629106900341,-0.07411580318871047,0.678562725310936,0.024987017505320175,-0.10547454486488377,-0.053264238720678314,0.003496430965094313
nikkei_225,Nikkei 225,20,1967-08-24,1967-08-31,relapse,0,59,-0.00608483233399959,0.047821559448637696,0.04703463853917617,0.09485619798781386,1.1270397019988385,-0.10295230885692652,1.3233723542912845,-0.0073752085906360065,-0.030961878104303286,-0.05506439240930483,0.04601828489253074
nikkei_225,Nikkei 225,21,1967-11-28,1967-12-05,recovery,1,50,0.0027983100402109162,0.04417890800152138,0.06258749663877929,0.10676640464030067,1.2685886996221112,-0.14632236824496136,0.6674726656435132,0.0019144017458740947,-0.2508753292918242,-0.06629356387983965,0.048741644842483556
nikkei_225,Nikkei 225,22,1968-10-22,1968-10-29,recovery,1,60,0.02451031495059719,0.02759459284052778,0.09082565213930169,0.11842024497982948,1.421883258165539,-0.0674429783579712,0.6970751151555359,0.011006592709586371,-0.17977006909330787,-0.07213136742195836,0.000777184114335463
nikkei_225,Nikkei 225,23,1969-06-19,1969-06-26,recovery,1,62,0.016068910197597708,0.03459975974659233,0.08055630830838502,0.11515606805497736,1.3994771826828256,-0.06019935060775816,1.3371734958033163,-0.009704204582712705,-0.03691385818954962,-0.06660819376314553,0.05008392767484159
nikkei_225,Nikkei 225,24,1969-08-04,1969-08-11,recovery,1,20,-0.0005004951707541228,0.03923870963632343,0.04880268687633408,0.08804139651265751,1.0604914019426197,-0.07462098256298066,0.9672209840116986,0.001673265976020133,0.030175801195997554,-0.04042568754106224,0.06928731147109747
nikkei_225,Nikkei 225,25,1970-05-08,1970-05-15,relapse,0,7,-0.07844184538972121,0.15912505255183373,0.024245872816603814,0.18337092536843758,2.2193525468906046,-0.13569413482215076,0.7296977512673907,0.03541484097668146,-0.317009695724575,-0.14178829218070188,0.14699868337559846
nikkei_225,Nikkei 225,27,1970-10-06,1970-10-13,relapse,0,41,5.72967398153601e-05,0.03920096576039814,0.050022358103723435,0.08922332386412157,1.0717978797176657,-0.16314306834755155,0.8269893952782023,0.03571495733024577,-0.051889735217120425,-0.040332036203078125,0.013066595709531515
nikkei_225,Nikkei 225,28,1971-08-27,1971-09-03,recovery,1,78,0.03510071939272841,0.07313974999658625,0.17286131679731068,0.24600106679389694,2.989854822602682,-0.1688576875137474,1.0727608709580796,-0.007334571791303368,-0.19553864869690407,-0.211090342517946,0.000705643203814285
nikkei_225,Nikkei 225,30,1973-03-12,1973-03-19,relapse,0,24,0.02398097350880879,0.03832965436507211,0.1032854089846572,0.14161506334972931,1.732051784248941,-0.06645658184911951,0.5118970102723608,0.04745969489818869,-0.25216490971477923,-0.07228318160722047,0.010606856069462357
nikkei_225,Nikkei 225,31,1973-05-01,1973-05-09,recovery,1,51,0.009230300458141771,0.054545403030759845,0.09039937762583473,0.14494478065659458,1.7674598823547394,-0.14274759596547593,0.9963513445123474,0.02188687154115243,-0.10383527618889193,-0.09436647824049516,0.007184954338939885
nikkei_225,Nikkei 225,32,1973-10-02,1973-10-09,relapse,0,36,-0.02463893646627724,0.06893131790077739,0.0317331853594502,0.10066450326022758,1.2287317204678099,-0.10085785390133217,0.9217667402799116,0.029464722833981938,-0.03528971247794124,-0.055493936224527474,0.11365194937100309
nikkei_225,Nikkei 225,33,1973-11-20,1973-11-28,relapse,0,13,-0.020083793160118768,0.06151667302647453,0.03264896303342492,0.09416563605989944,1.1482576490060614,-0.1329937051676181,0.9527475744717039,0.0030438746969245756,-0.06597075735888605,-0.05775581112943229,0.25379089007824607
nikkei_225,Nikkei 225,34,1974-01-04,1974-01-11,recovery,1,20,-0.02068228775356873,0.08890427437975434,0.06614569522521295,0.1550499696049673,1.8848430734246615,-0.16865271068169618,0.9774491771569549,0.05569966262814674,-0.15493748398146362,-0.07966495858624079,0.07250928797273308
nikkei_225,Nikkei 225,35,1974-08-12,1974-08-19,relapse,0,8,-0.012331809823028839,0.052008719797338614,0.03816607559881996,0.09017479539615858,1.0995755875776376,-0.10282564556162677,1.1880530304710875,0.0064558969527972465,-0.02592581308308564,-0.06213427913840697,0.12018331024650111
nikkei_225,Nikkei 225,36,1974-09-20,1974-09-30,relapse,0,7,-0.024322768848478504,0.06883117507703071,0.03232429362422429,0.101155468701255,1.2295748100918982,-0.15344177555846916,0.9222244688624085,-0.0077579564514014265,0.07763194136893864,-0.058960714803481196,0.10622231118773817
nikkei_225,Nikkei 225,37,1974-11-05,1974-11-12,recovery,1,16,0.06036292509646435,0.029554636409447693,0.17480345792217056,0.20435809433161825,2.472442213494597,-0.25593703408632307,0.8607369477130993,0.04444907999350178,0.02456969499712003,-0.12554685387802422,0.0
nikkei_225,Nikkei 225,38,1975-01-14,1975-01-22,recovery,1,10,0.011878820447370098,0.026875944510052603,0.061203066756817165,0.08807901126686976,1.0562985187252971,-0.18246958217918785,1.2514083642766014,-0.005581225393656908,-0.07272783354694809,-0.062960801434226,0.038010075144420306
nikkei_225,Nikkei 225,39,1975-10-08,1975-10-16,recovery,1,12,0.020159055307868323,0.022003981403417243,0.07382110203132268,0.09582508343473992,1.1611167000593654,-0.09092303243276412,1.0176592908148885,0.06970491464601203,-0.03496692335487395,-0.04101641613073603,0.008537271475550275
nikkei_225,Nikkei 225,40,1977-12-02,1977-12-09,recovery,1,56,-0.022714681440443196,0.07151083228304836,0.03938951054105429,0.11090034282410266,1.3810751316808383,-0.06466956020160186,1.1308745203357555,0.062128825941302424,-0.0070851256356446735,-0.0644887620003356,0.07614625912626916
nikkei_225,Nikkei 225,41,1981-10-06,1981-10-13,recovery,1,20,0.010279762483663024,0.04659963319545625,0.0826717206207239,0.12927135381618016,1.6876228039656225,-0.06398815833119265,0.6943818964129276,0.019959367321424892,-0.33836716256812793,-0.06671282732633443,0.002084969749196925
nikkei_225,Nikkei 225,42,1981-11-11,1981-11-18,relapse,0,90,0.01847716787921705,0.047998117017555755,0.10308207592965515,0.15108019294721092,1.960570755639446,-0.06121978167234898,0.10518454425311763,-0.005819745227070072,-0.532293758136312,-0.06974106243248812,0.00374060471188486
nikkei_225,Nikkei 225,43,1982-03-23,1982-03-30,recovery,1,30,0.013529544365859847,0.03336355650005587,0.07321167274066165,0.10657522924071752,1.3830326772674042,-0.10602887036297659,0.7914718767121899,0.02580417297212989,-0.06887983989032989,-0.05714476641569455,0.0027495175079535563
nikkei_225,Nikkei 225,44,1984-05-25,1984-06-01,recovery,1,66,-0.0225692903836483,0.06450232319316337,0.03080002410118906,0.09530234729435244,1.2701805636134034,-0.09366231166556449,1.139301412899632,0.0015018025436521754,-0.019035932122030613,-0.0674776018941401,0.12378678448983697
nikkei_225,Nikkei 225,46,1986-09-23,1986-09-30,relapse,0,18,0.008278974150443652,0.03517952787405771,0.06358979490889992,0.09876932278295764,1.3338297450768082,-0.06494917932276767,0.5594804563684732,0.013825271409217521,-0.18114390417932236,-0.07137880346215297,0.0649942860328021
nikkei_225,Nikkei 225,47,1986-10-29,1986-11-05,recovery,1,10,0.012620119851757483,0.04069000364621107,0.08046936794008108,0.12115937158629216,1.6309771896028602,-0.12836795575033833,0.9725694857501594,0.042443637951800284,0.1176866709791807,-0.07020961570322548,0.02530580167155484
nikkei_225,Nikkei 225,48,1987-07-13,1987-07-20,relapse,0,7,-0.032729483070949805,0.07730026511042615,0.02399696679747463,0.10129723190790078,1.3576702115728339,-0.06985925639678792,0.9153330481893844,0.010300815040920952,-0.05953696530213498,-0.04429934981816963,0.2701095781724146
nikkei_225,Nikkei 225,49,1987-10-27,1987-11-04,recovery,1,107,0.009878274365271444,0.14948810149927183,0.21270820728378104,0.36219630878305287,4.845651859494155,-0.1430386734733321,1.253964040730226,0.04134589003698608,-0.2051247488866036,-0.1864410686024165,0.020573803532571062
nikkei_225,Nikkei 225,50,1988-01-14,1988-01-22,recovery,1,19,0.012074598571469641,0.045919139593244306,0.08588481078110556,0.13180395037434986,1.7549075946822392,-0.15171938604908797,0.6722914491634613,-0.008303903272461,-0.3251669858860393,-0.06936570978783152,0.007271141997020182
ftse_100,FTSE 100,1,1988-04-07,1988-04-14,recovery,1,40,0.014877910278251028,0.02084634777696783,0.060345147803075025,0.08119149558004285,1.0039766970896558,-0.23497979929623358,0.6844274499355536,-0.002325516490027546,-0.10982928796573577,-0.05274943381627395,0.07852167979409838
ftse_100,FTSE 100,2,1989-10-23,1989-10-30,recovery,1,29,-0.035392976206786275,0.07524526867517273,0.015328123298432847,0.09057339197360559,1.2112040293906066,-0.09740313272877177,0.9957328220148587,0.012083489929507252,-0.06688556888694414,-0.043997046055221034,0.2947894650253598
russell_2000,Russell 2000,1,1989-10-24,1989-10-31,relapse,0,61,-0.013489632422243103,0.05071112696447934,0.033883178813330285,0.08459430577780963,1.8347268195446396,-0.060958070583029156,0.9995341772508708,-0.0013539369250059607,-0.07962385996677945,-0.05977795633175109,0.08430443043505488
russell_2000,Russell 2000,2,1990-02-06,1990-02-13,recovery,1,21,0.008221797323135771,0.022318466719806276,0.04709122428688019,0.06940969100668647,1.3315518619717581,-0.13209425821440424,0.44014028559266766,0.027657487877499776,-0.027241288048548758,-0.04978186576726262,0.015844929044777835
nikkei_225,Nikkei 225,51,1990-03-05,1990-03-12,relapse,0,10,-0.014092692612246216,0.07022089206821314,0.05734319760443894,0.1275640896726521,1.7285373944664686,-0.13029825621269686,1.0898204820876038,0.01558324906265618,-0.025591285108624462,-0.11070216551825851,0.08449639613954665
nikkei_225,Nikkei 225,52,1990-04-09,1990-04-16,relapse,0,87,-0.06364742599249362,0.16377726170992113,0.06379054673877776,0.2275678084486989,3.0785273857357023,-0.2188808833003092,0.8190100208891716,0.08209607797449081,-0.05404239405709954,-0.12846031429095284,0.09284709907087842
russell_2000,Russell 2000,3,1990-08-13,1990-08-20,relapse,0,6,-0.04161680627576114,0.08235637807003054,0.010233557826036278,0.09258993589606683,1.8533843653426232,-0.11983616149795218,0.8170310576162846,0.00941796361088798,-0.07264753877609267,-0.0832742278299694,0.23507109200256193
nikkei_225,Nikkei 225,53,1990-08-30,1990-09-06,relapse,0,19,-0.07238227095016891,0.1839735243742393,0.06964296068046608,0.25361648505470535,3.4074466500935263,-0.23070657328842448,0.8738438226034739,0.07825988395262407,0.09565589185190876,-0.1489206560235452,0.11639651787706987
ftse_100,FTSE 100,3,1990-08-31,1990-09-07,relapse,0,14,-0.01844830774921402,0.06016038511213118,0.03463979071268054,0.09480017582481173,1.2759003762521153,-0.10443064182194606,0.6324378455113007,0.041442524843051665,-0.015949519860049513,-0.06849154102255461,0.1269126089977324
nikkei_225,Nikkei 225,54,1990-10-09,1990-10-17,recovery,1,98,0.015503225990429526,0.1122431106513061,0.17808947262536576,0.2903325832766719,3.891586262275089,-0.29215605935075695,0.6575970102925105,0.025724838555772678,-0.7651172353236473,-0.16198943645266084,0.05937948178158756
russell_2000,Russell 2000,5,1990-11-02,1990-11-09,recovery,1,8,0.007977397374106632,0.02581419774961609,0.05098488207702646,0.07679907982664255,1.3655667997513632,-0.29584552369806905,0.8751123837218983,-0.00439451807916047,0.026794863788289727,-0.06218197228521394,0.06157366294408713
nikkei_225,Nikkei 225,55,1990-11-22,1990-11-30,recovery,1,51,-0.04041190960108165,0.10714350482633174,0.044519211594691174,0.15166271642102291,2.0290173231074893,-0.29501303005196966,1.0101879513095675,-0.0037195251184254374,-0.11687099351560287,-0.06959878072985148,0.12820235037402844
nikkei_225,Nikkei 225,56,1991-01-04,1991-01-11,recovery,1,29,-0.03440748708514374,0.09700259408078352,0.045259012727488696,0.1422616068082722,1.8977813449549854,-0.2744188822715834,0.5157803622691092,-0.0020926040625663944,-0.11695148774568268,-0.07746453082921434,0.36527451548083406
nikkei_225,Nikkei 225,57,1991-06-26,1991-07-03,relapse,0,8,-0.01653217696594933,0.05653514792042249,0.03438069515792559,0.09091584307834807,1.2064133250625075,-0.12452724822088401,1.0455389935368677,-0.00964642754329681,-0.0806214299214052,-0.052049135697030735,0.20490919249575976
nikkei_225,Nikkei 225,58,1991-08-26,1991-09-02,recovery,1,14,0.04060434590712325,0.027590107608746306,0.12739728674550266,0.15498739435424896,2.0473955918540847,-0.2046140794661344,1.0503024576413507,0.006295633029495207,-0.15521508827005964,-0.06883123103927424,0.00010733597154862692
russell_2000,Russell 2000,6,1991-12-02,1991-12-09,recovery,1,18,0.00022643645626940767,0.03382050418791278,0.04355890636704673,0.0773794105549595,1.3196107799774353,-0.06057221867687723,0.4628994588333067,-0.004067572412340681,-0.10317901798549176,-0.05729608076130788,0.018330217649489562
nikkei_225,Nikkei 225,60,1991-12-27,1992-01-09,relapse,0,49,0.030142637355976554,0.0367958776238092,0.11533711096661296,0.15213298859042218,1.9946011414687939,-0.1104166633627095,0.9689686007848846,0.02008372532266911,-0.14163123899544816,-0.05282995220610509,0.16197673335773
nikkei_225,Nikkei 225,61,1992-02-25,1992-03-03,relapse,0,22,0.0012442005084289942,0.048660852870035354,0.06475972299011087,0.11342057586014623,1.4819128534610817,-0.16638979505421392,1.123119210046054,0.007328379685283437,-0.029613786439222634,-0.056823596351726735,0.11291708579003214
russell_2000,Russell 2000,7,1992-04-15,1992-04-23,relapse,0,8,-0.024889823717948678,0.05321275505055113,0.011157543432636266,0.0643702984831874,1.0916148338556229,-0.06081557781854097,0.7808942891194188,0.033766862470817394,-0.027162974657536434,-0.04719789559136789,0.1953187089514796
nikkei_225,Nikkei 225,62,1992-04-20,1992-04-27,recovery,1,14,0.022210298417935093,0.07382388400009911,0.14443562149543315,0.21825950549553225,2.8330906510901377,-0.3231634887884838,0.8617447466401497,-0.009635725236808668,-0.3873830692878872,-0.09684613697143263,0.018888239532221053
nikkei_225,Nikkei 225,63,1992-05-22,1992-06-01,relapse,0,17,-0.011903298391965245,0.07472188282671816,0.06804762725226571,0.14276951007898386,1.8492682335864636,-0.23444972056007307,1.014525336134472,0.008085395113742067,-0.05504549974372669,-0.06377449436203264,0.12058428618676813
nikkei_225,Nikkei 225,64,1992-06-30,1992-07-07,recovery,1,9,0.03183479158686864,0.02846846053067935,0.10858438519102061,0.13705284572169996,1.7710171308403437,-0.32979247247405385,0.9938019809004519,-0.009686051961361741,-0.18607581364653664,-0.09864363255445063,0.021572043525663352
nikkei_225,Nikkei 225,65,1992-07-31,1992-08-07,relapse,0,12,-0.024638786998091855,0.09811770490112771,0.06887983578759013,0.16699754068871786,2.153173411370791,-0.28030969208110323,1.0088188228232535,0.026268008074724847,-0.15734654011349913,-0.09652462829371977,0.0910994039100421
ftse_100,FTSE 100,5,1992-08-17,1992-08-24,recovery,1,22,-0.027355751020579966,0.061883990828275774,0.01658928146194196,0.07847327229021774,1.0656386536355786,-0.13211337570311943,0.9395840593919732,0.021439419162756934,0.10259438437474686,-0.041514515323555656,0.29876669191887617
nikkei_225,Nikkei 225,67,1992-10-08,1992-10-15,recovery,1,107,0.016900569986115332,0.0465465974133657,0.09765151031272755,0.14419810772609326,1.8510478899288278,-0.08318811622516276,0.6244562924909499,-0.001982399940166246,0.0483337345868807,-0.06895698503054426,0.10108941205984233
ftse_100,FTSE 100,6,1992-10-12,1992-10-19,recovery,1,23,0.001955263569529242,0.06183957035635086,0.08314868856610391,0.14498825892245476,1.9444668650311747,-0.06596537365768151,0.32658101298735237,0.04433623094303396,-0.20863391606518217,-0.04543057952407015,0.040307611234199854
nikkei_225,Nikkei 225,68,1992-11-26,1992-12-03,relapse,0,37,-0.012527003771374168,0.06414556313801784,0.053169344513445044,0.11731490765146288,1.5025335803359798,-0.07559733812413172,0.23330364866749212,0.04088388007785859,-0.33239994137076656,-0.04476331691717661,0.11333068182363125
nikkei_225,Nikkei 225,69,1993-01-12,1993-01-20,recovery,1,17,-0.010243359980336875,0.04590318104745151,0.03514186683235447,0.08104504787980599,1.035743981456358,-0.11780011814811042,0.5076893428315282,-0.009636859140428555,-0.14660446188528747,-0.04676042171913686,0.17605095540229485
nikkei_225,Nikkei 225,70,1993-06-29,1993-07-06,recovery,1,22,0.014652501967414189,0.02661126296745908,0.0671700209754347,0.09378128394289378,1.1866581024060672,-0.07271683431391163,0.9786627951432122,0.0002620150816952105,-0.08635355631418959,-0.05984752505460733,0.07879419183579642
nikkei_225,Nikkei 225,71,1993-12-13,1993-12-20,recovery,1,19,0.00443865269490451,0.07610298488945565,0.10694619143863561,0.18304917632809126,2.3150770028703755,-0.18066768141455658,0.8765648850683344,0.028505449887536116,-0.14686022068930243,-0.10960314999715592,0.11609350017782963
nikkei_225,Nikkei 225,72,1994-02-21,1994-02-28,recovery,1,72,0.03110559277795044,0.057648687285530395,0.14406558558601695,0.20171427287154733,2.536362307505481,-0.0829468921809089,0.6805655724242656,-0.0033618892818196855,0.0027277456978234693,-0.06103767585464226,0.0007604499255719722
ftse_100,FTSE 100,7,1994-03-07,1994-03-14,relapse,0,12,-0.02193048791554497,0.055594598669141085,0.020914743952668263,0.07650934262180935,1.0793838938754097,-0.06090390023577541,1.1641767909319582,-0.006692819676976214,-0.03818403134153528,-0.047163892602934965,0.1708118072572402
russell_2000,Russell 2000,8,1994-04-12,1994-04-19,relapse,0,51,-0.028132789933921543,0.06682085065345106,0.02110656007275239,0.08792741072620346,1.6102362660220575,-0.06769219418621808,0.49002931006766454,-0.004855049107256981,-0.23127551134202373,-0.07563634190637991,0.12416709403171386
ftse_100,FTSE 100,8,1994-06-09,1994-06-16,relapse,0,11,0.00039618343292935343,0.030790229489495415,0.0400879816978336,0.07087821118732901,1.0,-0.13959037582024258,0.6357278679597781,0.01600779643882788,-0.1237507302471004,-0.052820916083788916,0.10542538742084459
russell_2000,Russell 2000,9,1994-12-15,1994-12-22,recovery,1,10,0.009991708126036558,0.017866948618980468,0.045448180346967314,0.06331512896594778,1.1784436766852395,-0.07155779668193551,0.8702985263430509,0.02141337659290876,-0.0175909127715497,-0.04036139222057411,0.006415851257772508
nikkei_225,Nikkei 225,73,1995-01-30,1995-02-06,relapse,0,20,-0.004567298462956115,0.061737663588481255,0.06819498442407587,0.12993264801255713,1.6322742763530549,-0.10113182477686322,0.9477872858473597,0.05296438429297723,-0.12215279968042445,-0.08333586273752935,0.01778978984648504
nikkei_225,Nikkei 225,74,1995-03-06,1995-03-13,relapse,0,11,-0.033043204747217336,0.08372691624063214,0.03146333715349241,0.11519025339412456,1.4434846746885661,-0.15425759212817813,1.2273648420556307,0.013709164519307038,-0.006247889948013063,-0.08575010502422309,0.19738447728907654
nikkei_225,Nikkei 225,75,1995-04-10,1995-04-17,relapse,0,43,0.008727291625549194,0.061386982052463526,0.0979636399430199,0.15935062199548344,1.9931512061332497,-0.19153828454812838,0.7240331301909168,0.04957841196266344,-0.2633249584449304,-0.06508805557118436,0.07880650556130002
nikkei_225,Nikkei 225,76,1995-06-01,1995-06-08,relapse,0,8,-0.009764296162061536,0.054360930362790126,0.04699505645704757,0.10135598681983769,1.264895737004716,-0.21052064042995033,1.102317711443449,0.0009706804602913621,-0.009207893949422286,-0.05066576681442925,0.1404773933677968
russell_2000,Russell 2000,10,1996-07-30,1996-08-06,recovery,1,13,0.03750717611787957,0.00891620662625292,0.09659148142859364,0.10550768805484656,1.9622570196777327,-0.14006746935081316,0.7677603644646124,0.005821594665024854,-0.13369233199930236,-0.08146050774347824,0.0
nikkei_225,Nikkei 225,78,1996-11-14,1996-11-21,relapse,0,25,0.005339726423419844,0.03073221550462036,0.051249470695471006,0.08198168620009136,1.007478097786146,-0.07216545785024786,1.1778507714133515,0.012436362728871941,-0.009188820340585324,-0.04119984074249672,0.03544803524551971
nikkei_225,Nikkei 225,79,1997-01-22,1997-01-29,recovery,1,69,0.017842907802205765,0.06073013511946551,0.11784496242978738,0.17857509754925288,2.190357002104973,-0.1664987067549496,1.131439848954516,-0.0043897363565044145,-0.14772589879038883,-0.11236134891328753,0.05454014439474206
nikkei_225,Nikkei 225,80,1997-03-12,1997-03-19,recovery,1,33,0.01707283673398674,0.023211521065763227,0.06834383757003215,0.09155535863579536,1.120568771399929,-0.15866104024097383,0.8064498351685402,-0.004950529602348652,-0.05704764173325322,-0.05290783570896984,0.08717161272398097
spy,SPY,1,1997-04-07,1997-04-14,recovery,1,16,-0.023394717430956113,0.06468746942963173,0.029159694203721935,0.09384716363335366,1.6032494740373167,-0.0664773870734796,0.9162910423851643,0.0117673803258727,-0.1074145900399995,-0.0554798243446254,0.3046603930277706
russell_2000,Russell 2000,11,1997-04-09,1997-04-16,recovery,1,18,-0.01871773426008716,0.047066269810653164,0.017362220076996844,0.06442848988765001,1.2153204618487217,-0.06453527586672048,0.8886891688379495,0.026121978468852447,-0.01787495182376475,-0.046269996544295644,0.23034830846189241
nikkei_225,Nikkei 225,81,1997-08-18,1997-08-25,relapse,0,21,-0.020215743838328692,0.06754704067293049,0.040024088496619044,0.10757112916954953,1.3109314874674576,-0.07929812142215087,0.8859606963586099,0.011457587163373972,-0.1255912348834072,-0.04509287455420896,0.1688243055094116
nikkei_225,Nikkei 225,82,1997-09-22,1997-09-30,relapse,0,21,-0.01723006902796065,0.062288014259510645,0.04011640672128479,0.10240442098079544,1.245456277290919,-0.11990433763823627,0.8955667508573689,0.013024168318718665,-0.0035840973186422598,-0.05568899775535385,0.13133106535752748
ftse_100,FTSE 100,9,1997-11-05,1997-11-12,recovery,1,22,-0.038282093596560984,0.08548852200138479,0.021798815282305678,0.10728733728369047,1.5775132511011407,-0.07925639678847451,0.7808388762643307,0.007464171013138454,-0.18382755982951932,-0.09434621738541438,0.17704343355031796
nikkei_225,Nikkei 225,83,1997-11-05,1997-11-12,relapse,0,32,-0.06164134958247325,0.12948570535013837,0.024706012303645997,0.15419171765378437,1.8714589894271045,-0.20468089900570907,1.1437812811600938,0.008263596626742142,-0.11718243241782128,-0.053552507202836,0.2780189394657203
russell_2000,Russell 2000,12,1997-11-07,1997-11-14,recovery,1,80,-0.01564725885758922,0.08006266447468573,0.06633598465507905,0.14639864912976477,2.7536614680637794,-0.06446551019969471,0.6972352961500805,0.00451364067700144,-0.34279177890793733,-0.07720255977831059,0.08090355021319706
russell_2000,Russell 2000,13,1997-12-19,1997-12-29,recovery,1,6,0.01578458681522754,0.014779239409128248,0.054684002009862176,0.06946324141899042,1.2929696455403836,-0.0971174308376862,1.0545300687111094,-0.006170954479406632,-0.018297572863061856,-0.04931515320650348,0.006703703184386984
nikkei_225,Nikkei 225,85,1998-04-09,1998-04-16,relapse,0,17,-0.03948137048231015,0.10272940380973124,0.04101612647986212,0.14374553028959336,1.7252761465470818,-0.06612060772023598,0.7514041800880708,0.05173432582759574,-0.09208401226337212,-0.07822728508930155,0.1420801339999482
nikkei_225,Nikkei 225,86,1998-05-13,1998-05-20,recovery,1,35,0.020147538323271874,0.02250244857938176,0.07442933983574013,0.09693178841512189,1.1600200349339929,-0.1112425960100415,0.6888332324249943,0.006536648350408569,-0.129358263348766,-0.049115488578452826,0.009518672972554796
russell_2000,Russell 2000,14,1998-06-04,1998-06-11,relapse,0,7,-0.016358967547704384,0.04221529995014331,0.01654909187358152,0.05876439182372484,1.077225742679053,-0.0807268879347185,0.8927357553617186,-0.008969262927957189,-0.07188224597722775,-0.04473561622397604,0.25196971091651627
spy,SPY,2,1998-08-11,1998-08-18,relapse,0,14,0.032749218072656294,0.015523732469486198,0.09418751876265583,0.10971125123214202,1.6096291370567095,-0.0985772357723577,0.697249945403565,-0.0011696175826685,-0.1854468970861889,-0.0542819447955097,0.058912453864947444
ftse_100,FTSE 100,10,1998-08-18,1998-08-25,relapse,0,8,0.001097694840834107,0.049340877683878494,0.06529224169046831,0.11463311937434681,1.6425587152519516,-0.0859038679397961,1.1069111326894423,0.03888225551142277,-0.006510838306721556,-0.057093680541116854,0.22662869139824132
russell_2000,Russell 2000,15,1998-08-18,1998-08-25,relapse,0,6,-0.052347492037248755,0.10685941010548702,0.01703131277687267,0.1238907228823597,2.2408850476270636,-0.16304104515577622,0.856672894512764,0.02633513855567493,-0.12167732150232177,-0.06670108366857885,0.12955986290445254
ftse_100,FTSE 100,11,1998-09-17,1998-09-24,relapse,0,12,0.006760310935338909,0.06557984022214125,0.09882959422667728,0.16440943444881853,2.3454497487854735,-0.1692992393591196,1.0156662104909506,-0.0007205803904959396,-0.0547842011628219,-0.08006825469922596,0.05931120889628834
nikkei_225,Nikkei 225,89,1998-09-24,1998-10-01,recovery,1,112,-0.07100349294442121,0.15735163924342194,0.038894147799761525,0.19624578704318346,2.3343893676068896,-0.1509772936997068,1.0122351495376158,0.0005689443841365716,-0.028977914103470337,-0.09472250558241058,0.20829159753700655
ftse_100,FTSE 100,12,1998-12-08,1998-12-15,recovery,1,11,-0.010433286796968533,0.05930809654671713,0.051771016520893304,0.11107911306761042,1.5584110014818813,-0.09116685547823267,0.4519499347534637,0.014028579057988821,-0.19998402601042609,-0.04602376655825502,0.10803675109169297
nikkei_225,Nikkei 225,90,1998-12-21,1998-12-29,relapse,0,8,-0.02162446698391507,0.064885981964735,0.033435642991673925,0.09832162495640892,1.16465816996827,-0.15413473169845404,0.44369793073412683,0.0029245114613196677,-0.16274752474499166,-0.05758751240266946,0.2661816340693848
russell_2000,Russell 2000,17,1999-02-22,1999-03-01,recovery,1,35,-0.008621989844653344,0.04839779179500901,0.04200175809216295,0.09039954988717197,1.568839407906425,-0.08152286842287537,1.0265661590932786,-0.0015572806000498929,-0.07925732332699653,-0.0627685618749858,0.051625887903483506
russell_2000,Russell 2000,18,1999-03-30,1999-04-07,recovery,1,9,-0.002532724810672571,0.036606565060413154,0.040833980961724525,0.07744054602213768,1.3373319619077948,-0.07930644379285667,1.0375797446321455,0.03940930609003157,-0.007969445452116308,-0.04038681102406105,0.04778766304475426
nikkei_225,Nikkei 225,91,1999-05-26,1999-06-02,recovery,1,11,0.011550461722729777,0.03539298991092849,0.0712966728928403,0.10668966280376879,1.2570667240207867,-0.061852732360304086,0.5213499602158249,0.0063253679054326994,-0.034801152570612254,-0.04954401694246968,0.04756024451051344
ftse_100,FTSE 100,13,1999-08-05,1999-08-12,recovery,1,14,0.008478090208977607,0.035243876851106026,0.0641242301036295,0.09936810695473552,1.344482785683064,-0.07839435219911106,1.2167866537392253,-0.0026057495057720814,-0.029142863253544288,-0.055740556420698084,0.15265696346458055
russell_2000,Russell 2000,19,1999-08-11,1999-08-18,recovery,1,21,0.011466872182909427,0.018265059105585485,0.04930751200463022,0.0675725711102157,1.1453804435264552,-0.08074280807213396,0.9256761952692262,-0.003520268471162602,-0.021859045429629714,-0.04092405086538076,0.031346668006829295
russell_2000,Russell 2000,20,1999-09-30,1999-10-07,recovery,1,27,0.0018956236835947493,0.033499510003748456,0.046943975649304276,0.08044348565305273,1.3548388421796673,-0.08265349935594679,1.0197978636003564,0.016731756330914394,-0.019409315190282272,-0.04077883743565369,0.05741343747065177
ftse_100,FTSE 100,14,1999-10-04,1999-10-11,recovery,1,20,0.0300518100474485,0.004328485142585638,0.07380854938021922,0.07813703452280485,1.045443643455381,-0.08575467893538835,1.0455351610592434,-0.004236924236023398,-0.08582506668547157,-0.0400813231579491,1.4554954791649357e-05
spy,SPY,4,1999-10-20,1999-10-27,recovery,1,6,0.014619762304379558,0.03151816073854012,0.0733407552680955,0.10485891600663563,1.2923104505451588,-0.093090288294738,1.0193116807869291,0.0004871201758608,-0.030387434646713,-0.0695933861320677,0.05301520669323885
ftse_100,FTSE 100,15,2000-01-27,2000-02-03,relapse,0,57,-0.01810907363331926,0.0724277386280438,0.05102377272360288,0.1234515113516467,1.6284517927899291,-0.07059392225332595,0.8018661375724003,0.014424356990119236,-0.0703611884944953,-0.05422737490055951,0.1342580256935891
spy,SPY,5,2000-04-24,2000-05-01,recovery,1,57,0.03383119918156652,0.02909453629701944,0.11391849888158499,0.14301303517860442,1.654766392330032,-0.073667499626581,0.8561537645138219,0.0276187144560023,-0.1245087398962348,-0.0902064201683978,0.022313810793705858
russell_2000,Russell 2000,22,2000-04-26,2000-05-03,recovery,1,53,0.023376837931604166,0.08899982689053751,0.16640168406887537,0.2554015109594129,4.1606207119227205,-0.20099001732530308,0.8177711121444684,-0.003813140357587841,-0.36475994394749783,-0.17961063586725246,0.05493754987464121
ftse_100,FTSE 100,16,2000-04-26,2000-05-04,recovery,1,25,-0.009102489718741835,0.06153967253227979,0.05763574295303374,0.11917541548531353,1.5532533256152523,-0.09720787278866416,0.554152333742691,0.04277165885634915,-0.09657673817691756,-0.08607036093168041,0.20279207232862498
nikkei_225,Nikkei 225,92,2000-05-01,2000-05-11,relapse,0,12,-0.08262856000191288,0.1541418483529301,0.008388352444836308,0.16253020079776642,1.9006516284850152,-0.11664693054982878,0.6819387598562985,-0.004179141152786059,-0.08730674414802625,-0.11292153892348722,0.2592260327380393
nikkei_225,Nikkei 225,93,2000-06-22,2000-06-29,relapse,0,25,0.02162339435087457,0.023696669788038402,0.07930347598221835,0.10300014577025675,1.2012829062802564,-0.1789066591274221,0.9109189525155371,0.04589333684530317,0.025095594030719842,-0.05173806288707539,0.025372748320009814
russell_2000,Russell 2000,24,2000-08-04,2000-08-11,recovery,1,17,0.013184282111867729,0.03400352034797325,0.07324148524257443,0.10724500559054767,1.7142471188563124,-0.168995957429255,0.7604890912021277,0.026987601548739804,-0.02213533969613382,-0.0641534157835455,0.03862692051908536
nikkei_225,Nikkei 225,94,2000-08-10,2000-08-17,recovery,1,11,0.011603909700074855,0.037673971891227606,0.0743212135435507,0.11199518543477831,1.3042417269119855,-0.2331642603324211,1.0240918907695784,0.010142241302490973,-0.08653467471292062,-0.059614476674861194,0.03950845440070555
nikkei_225,Nikkei 225,95,2000-09-19,2000-09-26,relapse,0,20,-0.01212898136278473,0.05374667989986683,0.04083899859350158,0.09458567849336841,1.0987279709306652,-0.22603429812304487,0.62671239520236,-0.0004160583707424337,-0.0887965731204754,-0.04105354669573735,0.3469380094189495
ftse_100,FTSE 100,17,2000-09-27,2000-10-04,relapse,0,102,0.010463621370032428,0.02581735639197051,0.056639411248945254,0.08245676764091577,1.0699934150037091,-0.0777751299635484,0.9170963913370017,-0.0016781936825243093,-0.07036553051048033,-0.055890592956011176,0.0031346703358930113
russell_2000,Russell 2000,25,2000-10-20,2000-10-27,relapse,0,28,-0.015591342701815503,0.07912219406459604,0.0652661044871779,0.14438829855177393,2.293444375700234,-0.1058916321215011,1.1490104469717484,0.014589447072785866,-0.05397087605928025,-0.08227163400699489,0.11340524907305842
spy,SPY,6,2000-10-20,2000-10-27,relapse,0,42,-0.004466805418371633,0.06354725139410858,0.07072648945983902,0.1342737408539476,1.5344163883292743,-0.0795095241767563,1.1900080695667297,0.0168935180040809,-0.0059604388555082,-0.079825951261261,0.1051976818998247
nikkei_225,Nikkei 225,96,2000-11-01,2000-11-09,relapse,0,34,0.012618012303335258,0.03851347902747597,0.07769445581527681,0.11620793484275278,1.3465794329016276,-0.1556811201578685,1.0523983394620853,0.0021485654547870325,-0.02478420124251915,-0.048941393734569516,0.0952304408020004
spy,SPY,7,2000-11-17,2000-11-27,relapse,0,22,-0.004459559213600528,0.050947107329463,0.05470641111567897,0.10565351844514197,1.1893753316692748,-0.1009952389263434,1.0698038501620335,0.0001140068732708,-0.0161155232626259,-0.0588597756015089,0.2038334136305109
russell_2000,Russell 2000,26,2000-12-12,2000-12-19,relapse,0,76,-0.039727059611520454,0.11732271255585179,0.05903104413581031,0.1763537566916621,2.7789927708875077,-0.12366557834109826,1.0953223921620474,0.013889551272890266,-0.05738512033138743,-0.07140097644342447,0.08535301429473273
spy,SPY,8,2000-12-28,2001-01-05,relapse,0,49,-0.033886377722150085,0.09547559531300226,0.04449989921166177,0.139975494524664,1.545931652696306,-0.1175260681974079,0.8367546285936864,0.0574749460191622,-0.0940037188500545,-0.072369149196487,0.21452641451338048
nikkei_225,Nikkei 225,97,2000-12-28,2001-01-10,relapse,0,40,-0.036876136448372954,0.09711615204071096,0.039792974305511764,0.1369091263462227,1.5800243267296432,-0.20632709410289163,0.9606851817466503,0.038276265200241966,0.07787207936768803,-0.10619908401076117,0.12053972282835945
russell_2000,Russell 2000,27,2001-03-06,2001-03-13,relapse,0,6,-0.03922016918504356,0.08197330657461116,0.015192914765315188,0.09716622133992633,1.5082837535251468,-0.10771313588397846,0.6699948598476366,0.00495896336474555,-0.14202321889939634,-0.06369383524172889,0.35770142849892606
ftse_100,FTSE 100,18,2001-03-29,2001-04-05,recovery,1,35,0.005967697488735713,0.0623220059712431,0.09288186552870874,0.15520387149995185,1.9900522431428704,-0.1372393425109265,1.114682227314123,0.05021062563064227,-0.018753685216407745,-0.07509342180722456,0.09515484843333873
spy,SPY,10,2001-04-10,2001-04-18,recovery,1,6,0.06300956757907894,0.00836316528692986,0.1538475912267265,0.16221075651365635,1.7534797489680127,-0.184033226746587,0.9951017748383892,0.0551577560721028,-0.0326402514419656,-0.0771633948266821,0.012975324274855326
russell_2000,Russell 2000,28,2001-04-12,2001-04-20,recovery,1,12,0.025691178409740223,0.04703488786117965,0.11825162639091095,0.16528651425209062,2.55276365554421,-0.11069851072978154,0.8916336192598667,0.02287401757781815,-0.19124382884081126,-0.06961136133552603,0.029793392909963967
nikkei_225,Nikkei 225,99,2001-04-16,2001-04-23,relapse,0,81,0.03475773846482322,0.06600842498408005,0.16300558285433644,0.2290140078384165,2.633899746899098,-0.1392727362457824,0.815800597441231,0.03166418043192287,0.012122863520615146,-0.06901574981567116,0.02718390330925412
nikkei_225,Nikkei 225,100,2001-05-23,2001-05-30,relapse,0,9,-0.04082756953873057,0.08905023811703851,0.020546735924570438,0.10959697404160895,1.257539346976506,-0.07258245279088227,0.883998740035033,0.026903892222730263,-0.038019105911030054,-0.04622892436746895,0.1596847640393725
nikkei_225,Nikkei 225,101,2001-06-21,2001-06-28,relapse,0,12,-0.0217976104788995,0.06353112185284202,0.03131776763339096,0.09484888948623296,1.0866934255845477,-0.10784883900998044,1.1173726235670611,0.008971317971584014,-0.04201996940004282,-0.04881406577612424,0.15239318870253055
ftse_100,FTSE 100,19,2001-07-19,2001-07-26,relapse,0,35,-0.02783668019634289,0.06337949757529132,0.01739963283140966,0.08077913040670098,1.0302033731442157,-0.14162060957955835,1.0059510029019223,-0.008086857802528158,-0.03198394953460226,-0.04431803209542373,0.2064048432140886
russell_2000,Russell 2000,29,2001-07-23,2001-07-30,relapse,0,33,0.004164077066501015,0.046786441099557076,0.06901019109602949,0.11579663219558656,1.7333026891738825,-0.06675946870831162,0.8204104136832966,-0.002276255509479519,-0.08947474430082308,-0.053718434816118155,0.08297265398683075
nikkei_225,Nikkei 225,102,2001-07-26,2001-08-02,relapse,0,24,0.04559069566625307,0.011410058905687907,0.11813711057599612,0.12954716948168402,1.4815244847840023,-0.1838237065372923,1.0554948470701322,-0.002864706558550978,-0.0607751516913107,-0.06223805407695515,0.0574109279691984
nikkei_225,Nikkei 225,103,2001-08-27,2001-09-03,relapse,0,10,-0.07674760377152656,0.14386501618522265,0.00867455748226846,0.1525395736674911,1.7419323323497302,-0.22398707173932042,0.7271422660745562,0.0015151148221121957,-0.155295823793607,-0.06463402903738391,0.25270372635923394
nikkei_225,Nikkei 225,104,2001-09-25,2001-10-02,recovery,1,12,0.04565621721544422,0.049747923242755995,0.16707966870769903,0.216827591950455,2.473307059897838,-0.33280360317452673,0.8108038507164981,0.019748141300206967,-0.3621832513991897,-0.10246516622916424,0.002010745300347785
spy,SPY,11,2001-09-26,2001-10-03,recovery,1,11,0.05878243048115883,0.011650098755825622,0.14842383132822995,0.16007393008405557,1.7228802568488457,-0.2247761242708315,1.0988074137166948,-0.0017729290015696,-0.0843316412546917,-0.1196077014088838,0.00031609632252948167
ftse_100,FTSE 100,20,2001-09-27,2001-10-04,recovery,1,14,0.05302888763401015,0.0360823389151925,0.16644317596935895,0.20252551488455145,2.5695863454828727,-0.2029558513005678,0.9382839049195921,0.04436741487048046,-0.06215632252314285,-0.12531979577919472,0.04027174944778541
russell_2000,Russell 2000,30,2001-10-01,2001-10-08,recovery,1,8,0.0366700201207244,0.035171331068287404,0.1281044670885576,0.163275798156845,2.405375399982431,-0.23128975504127758,0.9586252713175473,0.009628702500629416,-0.15562580961723654,-0.15118651756208212,0.006599706453359531
nikkei_225,Nikkei 225,105,2001-11-06,2001-11-13,relapse,0,56,-0.05672144837366411,0.11487030410838923,0.017286186197804226,0.13215649030619347,1.50554666151805,-0.24992258495023223,0.6924695129993798,0.011434619309694583,0.04383713166852196,-0.05021174932149641,0.3752659850284661
nikkei_225,Nikkei 225,106,2001-12-05,2001-12-12,relapse,0,37,0.008186630153045549,0.06269098036033316,0.0983944980791639,0.16108547843949705,1.8326236817963548,-0.17867916327126687,0.9948189431684046,0.008341731197640812,-0.05264316990365564,-0.06474690065853572,0.07383795586854103
ftse_100,FTSE 100,21,2001-12-17,2001-12-24,recovery,1,11,0.008001853470682052,0.02802083795729054,0.053848915288101706,0.08186975324539225,1.0290296476914131,-0.1015222121930911,0.9300062301936989,-0.00944263339134288,-0.1310404347503513,-0.056488000998454524,0.04313576236039416
nikkei_225,Nikkei 225,107,2002-01-24,2002-01-31,relapse,0,9,-0.007568951911098298,0.057533785041773144,0.05602265389157876,0.1135564389333519,1.289723971568453,-0.18752419510936202,0.9709415024215406,-0.005358827172809555,0.09886948312428964,-0.06946487114026212,0.128008363999963
russell_2000,Russell 2000,31,2002-02-15,2002-02-25,recovery,1,12,-0.002258923814597802,0.04224582467613205,0.0486334954637185,0.09087932013985055,1.294524288896159,-0.06018425796114557,0.7858300885035551,0.005513305699744286,-0.09092012323217019,-0.052481506159830715,0.24489674997782643
nikkei_225,Nikkei 225,108,2002-04-09,2002-04-16,recovery,1,9,0.020888947671013236,0.03269487237192396,0.08908653681656965,0.12178140918849362,1.37677773598155,-0.06752158264327601,0.8945435694345668,-0.008064928399280191,-0.04646515314592414,-0.04059476341506851,0.07272827066458629
ftse_100,FTSE 100,22,2002-06-27,2002-07-04,relapse,0,10,-0.015297369319370535,0.06417816920370434,0.046914557806145216,0.11109272700984957,1.4027055093240883,-0.14709716441011622,1.1612329329960283,-0.008703057567293726,-0.07548813224578438,-0.06066666704631096,0.3038794633758715
spy,SPY,12,2002-06-28,2002-07-08,relapse,0,7,-0.008992940107537262,0.06003259501763646,0.05596662068713444,0.1159992157047709,1.2220348076271457,-0.1544860797281813,0.8983012305928512,-0.0032282174912313,-0.0867798820948192,-0.069720943003057,0.17895417519707862
nikkei_225,Nikkei 225,109,2002-07-03,2002-07-10,relapse,0,17,-0.005515940179240286,0.07339125726093075,0.08087082701563847,0.15426208427656923,1.7398069546343906,-0.09745948405030125,0.7500764842982015,0.07067094055459577,-0.14732727087943615,-0.07809044465388837,0.07990626085227319
russell_2000,Russell 2000,33,2002-07-30,2002-08-06,relapse,0,38,-0.05018582724302212,0.13069843357564942,0.05228476263486716,0.18298319621051656,2.5146840860223993,-0.23336839085954686,0.9756496621886377,0.09661056848175509,0.06846723649154252,-0.11234996142777565,0.1871199453680785
spy,SPY,13,2002-07-31,2002-08-07,relapse,0,47,-0.033568498172135364,0.1275630906792536,0.08606098320056053,0.2136240738798141,2.2260081404072727,-0.2211285996202684,0.8858484106993008,0.073264952367654,-0.2307858202762964,-0.1246099976951973,0.16757303347377936
nikkei_225,Nikkei 225,110,2002-08-07,2002-08-14,relapse,0,39,-0.0199290246481737,0.08806334987235748,0.06678738927351474,0.15485073914587222,1.7434963285101148,-0.17908821896768334,1.0782623155630116,-0.004417544624921277,-0.0690956112507718,-0.06695641112400175,0.09783247985743404
ftse_100,FTSE 100,24,2002-09-10,2002-09-17,relapse,0,9,-0.0360122811051079,0.10776107058696209,0.055304360053615595,0.16306543064057769,2.043016565634328,-0.21454758872625823,0.8380760300136462,0.035807569200542844,-0.022033742104773046,-0.09940984060554214,0.18634518036075287
spy,SPY,14,2002-09-10,2002-09-17,relapse,0,9,-0.04220217295454687,0.1028807180566923,0.03502506626636551,0.1379057843230578,1.4268458743455152,-0.2018362718848444,0.6502109077298643,0.0380095410753672,-0.1492455115140019,-0.0760978556013725,0.19788170454718446
russell_2000,Russell 2000,34,2002-09-11,2002-09-18,relapse,0,8,-0.042250298700968525,0.10917771434610536,0.042930048483751065,0.15210776282985644,2.0771641613264067,-0.24778659527679514,0.9222150110188043,0.009245136847952473,-0.09835569786662707,-0.0727260364511384,0.11964286887607797
nikkei_225,Nikkei 225,111,2002-09-11,2002-09-19,relapse,0,16,0.028674224049157093,0.023552798149190514,0.09514497957432676,0.11869777772351728,1.3338805069599868,-0.21534242916230173,0.8001761439467957,0.035184902420930086,0.004257934872743813,-0.0734484145184151,0.07278974846688797
spy,SPY,15,2002-10-14,2002-10-21,recovery,1,16,0.06546283807766029,0.019267178094752105,0.17330104047891243,0.19256821857366452,1.9802023855692212,-0.2307912824468121,1.1533237899833877,0.0671969817921466,-0.0036766088989885,-0.0673640815829264,0.04307208976302646
nikkei_225,Nikkei 225,112,2002-10-17,2002-10-24,relapse,0,93,-0.038569712987227556,0.10394415773347462,0.04463412578072323,0.14857828351419786,1.6654265227853382,-0.2520874635325151,0.8981643106313795,0.04807311259841107,-0.03425483490920078,-0.07698768459811767,0.19191564324088758
russell_2000,Russell 2000,35,2002-10-17,2002-10-24,recovery,1,14,0.009515403922001342,0.07298148616884223,0.11451144585580225,0.18749293202464448,2.5448422823239136,-0.2939790473965027,1.140177799997938,0.07557082829568618,-0.012598475146825716,-0.0966324683336266,0.03262964831497293
ftse_100,FTSE 100,25,2002-10-22,2002-10-29,relapse,0,64,-0.04441741444276115,0.1289851928638226,0.06321430354768068,0.19219949641150327,2.3993506843169823,-0.21681044891626144,0.7047827188234076,-0.0027760251837722905,-0.12959444781773943,-0.044748964435713745,0.23476460329528498
nikkei_225,Nikkei 225,113,2002-11-22,2002-11-29,relapse,0,68,0.05049837219694142,0.004331589016193141,0.12028195919547631,0.12461354821166945,1.3935051398712195,-0.24788599324238014,1.0146376419746128,0.031140240735723523,-0.049940647280509676,-0.07168140757848462,0.03042208361272919
spy,SPY,16,2002-12-16,2002-12-23,relapse,0,27,-0.012973988112503498,0.06432884870927953,0.05238674355612054,0.11671559226540007,1.183661291261732,-0.0741236947596172,0.9964184239980374,0.0237382501305746,-0.0067076765345669,-0.0504376761121523,0.06847513234648984
ftse_100,FTSE 100,26,2002-12-24,2003-01-03,relapse,0,18,0.015943278962989194,0.03111350764201571,0.07583373464208634,0.10694724228410205,1.3280600310279391,-0.13225796510629673,0.94375574152846,0.008506179955398707,-0.11084914476065147,-0.0544977947200973,0.19575638551800453
nikkei_225,Nikkei 225,114,2002-12-24,2003-01-06,relapse,0,49,0.023607996362939865,0.02124994791577782,0.08069992544494418,0.101949873360722,1.1378525486285076,-0.22334162085718845,0.9642665639957663,0.0072427219140607235,0.06776256471235356,-0.044953376521208455,0.0836334160725899
spy,SPY,17,2003-01-31,2003-02-07,relapse,0,26,-0.03067515560742473,0.07674640759630183,0.02796098328750976,0.10470739088381159,1.051964403221179,-0.1014877209189102,1.189766271010066,-0.0037113576906432,-0.0117909738522883,-0.0632498396208854,0.10152876717260198
nikkei_225,Nikkei 225,115,2003-02-05,2003-02-13,relapse,0,22,0.0058258332017520065,0.037111698114266206,0.06047360033122973,0.09758529844549593,1.0866546892598503,-0.15076769960288994,0.7049245789635339,0.025920639299705783,-0.12285448227349663,-0.055440602761660074,0.04339413084397062
russell_2000,Russell 2000,37,2003-02-06,2003-02-13,relapse,0,23,-0.027334539672095315,0.06642924374961094,0.02242235642656093,0.08885160017617187,1.1652224143331409,-0.11091068642745705,0.6931871881196842,-0.007865024976932311,-0.128328822893169,-0.051605253970969045,0.17083622066671927
ftse_100,FTSE 100,27,2003-02-11,2003-02-18,relapse,0,21,0.016442231434014465,0.048072615535458815,0.09855203666788954,0.14662465220334836,1.8110019908108237,-0.17540654243413067,1.0964847456272973,0.021799108215548202,-0.06996259705836427,-0.08208544604086754,0.031187591191517417
ftse_100,FTSE 100,28,2003-03-19,2003-03-26,recovery,1,47,0.007353741803725056,0.07508162214469229,0.11227147773807439,0.18735309988276666,2.3036031441163307,-0.10132935560859191,0.941973888457499,0.13587460079852676,0.02445130565647774,-0.08076696905686909,0.08258885124890204
nikkei_225,Nikkei 225,116,2003-03-20,2003-03-28,relapse,0,26,0.010385537611119044,0.039099843855700096,0.07336693220525249,0.1124667760609526,1.2508001777273416,-0.14011839957021932,0.9924011376905453,0.04065524108718854,-0.006571163146545933,-0.07564067389725437,0.13889681979901167
nikkei_225,Nikkei 225,117,2003-04-18,2003-04-25,recovery,1,27,-0.022224874944599793,0.07775358765799537,0.04844803214517637,0.12620161980317174,1.4017128842613085,-0.14552018542551937,0.5486067104822834,0.007395355864144193,-0.12052121520083806,-0.06224700169916275,0.2097492125838275
nikkei_225,Nikkei 225,118,2003-11-27,2003-12-04,recovery,1,26,0.026232414806885096,0.03947987520306957,0.1098662384559183,0.14934611365898787,1.6451925007890982,-0.08944238830788476,0.5967301637014985,0.05550828747960779,-0.1804488443296305,-0.07076994035391415,0.015378628642132804
russell_2000,Russell 2000,38,2004-05-06,2004-05-13,recovery,1,34,-0.028272567440373764,0.06946558294315074,0.024154906835887828,0.09362048977903856,1.1437817934395114,-0.07140619073533527,0.9167849988504045,-0.0073606503920888855,0.0001057230243848295,-0.053745626155749626,0.2910317736732704
nikkei_225,Nikkei 225,119,2004-05-20,2004-05-27,recovery,1,19,0.027986455582929226,0.03849471566414939,0.11259885535193835,0.15109357101608772,1.6606549656755432,-0.10702579520202815,1.192061976162101,0.003406630447763348,-0.08071558806540047,-0.10128153993397859,0.020535465783462072
russell_2000,Russell 2000,39,2004-07-29,2004-08-05,relapse,0,7,-0.03177345725042291,0.07561010120572105,0.024018635056320167,0.09962873626204122,1.1848450215242265,-0.0932733059582116,1.256464011040185,0.006038236068698133,-0.008726008267029406,-0.053491657368438084,0.20465760278992687
nikkei_225,Nikkei 225,120,2005-04-25,2005-05-06,recovery,1,38,0.010691932377139723,0.029983760729930926,0.06246099633159327,0.09244475706152419,1.0194140492433605,-0.07461712470198523,0.6551825731607664,0.012296057967395413,-0.11119017053542905,-0.07119891705116288,0.007307683718775396
russell_2000,Russell 2000,40,2005-05-03,2005-05-10,recovery,1,14,0.018067341910758206,0.030051627785611254,0.07930966697886477,0.10936129476447604,1.3072458162389908,-0.10707792902210611,0.8973077048304544,-0.005425986318951637,-0.10262771747969376,-0.050315682481878454,0.043164233804977324
russell_2000,Russell 2000,41,2005-10-17,2005-10-24,recovery,1,13,0.020888264363642106,0.01758750196481588,0.06985742150895227,0.08744492347376814,1.0489795895807548,-0.08008598277439682,1.092235620164417,-0.007236490748221414,-0.013059941157700428,-0.05219436113379672,0.1320607003630163
ftse_100,FTSE 100,29,2006-05-31,2006-06-07,recovery,1,92,-0.0030608982478455005,0.05669734944642857,0.06520367600489659,0.12190102545132515,1.5507313577017117,-0.06667982011303253,1.3175883703131632,0.007910573309342084,-0.02260256829993046,-0.06940520313309406,0.05520646994894826
nikkei_225,Nikkei 225,121,2006-06-20,2006-06-27,recovery,1,10,0.03573084041203112,0.02820706412720314,0.11710635528014743,0.14531341940735057,1.5978110693251053,-0.1659681484817549,0.84808974922703,0.02978083050476954,-0.10495388762821128,-0.0788329423150671,9.875257837921714e-05
russell_2000,Russell 2000,42,2006-06-23,2006-06-30,recovery,1,6,0.050033326571420345,0.008717481109342777,0.12480708180148249,0.13352456291082526,1.6041306028741495,-0.11727613419797145,0.8026568707961897,-0.0042365286288337245,-0.16408833249371793,-0.05528697390557724,0.04558243554444688
nikkei_225,Nikkei 225,122,2006-07-25,2006-08-01,recovery,1,14,0.029034523939637014,0.023679766091036766,0.0961254385241309,0.11980520461516767,1.3156459386739523,-0.14565143249843282,0.9984544848762569,0.03858849397101416,0.10441840072310013,-0.07443035023328015,0.017883507459352146
russell_2000,Russell 2000,43,2006-07-27,2006-08-03,recovery,1,33,0.027257215359710596,0.03488660414639611,0.10634934927657366,0.14123595342296977,1.6842155617853445,-0.12296790862463702,1.0206497812457107,0.0030380509746930073,-0.043442804912308286,-0.04738337773668633,0.04679805250673787
russell_2000,Russell 2000,44,2007-03-14,2007-03-21,recovery,1,18,0.040983395214521545,0.00787944574509488,0.10317246552676063,0.11105191127185551,1.335030710647048,-0.06481481481481499,1.0185187469197707,-0.00028358189906363407,-0.061293918890613336,-0.08039686799853296,0.008792134864708794
russell_2000,Russell 2000,45,2007-08-02,2007-08-09,recovery,1,41,0.0011224632967257175,0.04187814357623864,0.05585050840777125,0.09772865198400989,1.1792869815613902,-0.08387767741332364,0.9272441013529845,-0.00950834535721956,-0.03876940667381182,-0.07350584446731201,0.3025451485779475
ftse_100,FTSE 100,30,2007-08-07,2007-08-14,relapse,0,7,-0.026206085429334114,0.07334757330913311,0.033792171872228244,0.10713974518136135,1.3724577006259706,-0.06291367120194868,1.105603956020505,-0.008093848328835307,-0.08088901349426861,-0.06522088062170717,0.3052330540841541
spy,SPY,18,2007-08-17,2007-08-24,recovery,1,22,0.02501562582005734,0.028658249620056475,0.09332783092565673,0.12198608054571321,1.3883070401314233,-0.0668086118138612,0.8349277486000174,-1.8388068845354155e-16,-0.0711195130512533,-0.0604573580916073,0.0002710899078984876
nikkei_225,Nikkei 225,123,2007-08-24,2007-08-31,recovery,1,31,0.01970094104426323,0.04575350701911603,0.10300660221583682,0.14876010923495286,1.6384882442947886,-0.11022955889777564,0.8001287308699667,0.06189843653981342,-0.1393752484455569,-0.09310801308385663,0.039193346326045084
russell_2000,Russell 2000,46,2007-09-05,2007-09-12,recovery,1,22,-0.01588948207372931,0.07393545547038491,0.05798721134019598,0.13192266681058087,1.5798403874077052,-0.07631723477102481,0.900575225776287,0.029046700005187276,-0.046366465563003584,-0.05704752426145898,0.12430934702745733
nikkei_225,Nikkei 225,124,2007-09-27,2007-10-04,relapse,0,30,0.015462606833798631,0.03910273222547384,0.0849094020001454,0.12401213422561924,1.3633319693335642,-0.0782916200762458,0.7105633646674677,0.02713981571247892,-0.170344041338588,-0.047079759677085775,0.011867575541726488
russell_2000,Russell 2000,47,2007-11-14,2007-11-21,relapse,0,36,-0.05389344000408969,0.1158745758392637,0.02499164196794995,0.14086621780721365,1.666423118079704,-0.08565385559203986,0.9179043422868972,0.008354610558311215,-0.1096185823667804,-0.0649363362200086,0.17273208681009458
ftse_100,FTSE 100,31,2007-11-16,2007-11-23,recovery,1,15,-0.00462075477096513,0.04073120767556397,0.04133800347125158,0.08206921114681555,1.0436279300653932,-0.06553680708216969,0.9701191623570786,-0.0021752842400264427,0.04402033008157526,-0.05135460713099249,0.3759313691532817
nikkei_225,Nikkei 225,125,2007-11-26,2007-12-03,recovery,1,9,0.032623267202767536,0.0165992997315475,0.09527017057371394,0.11186947030526144,1.2286605080524846,-0.17121746929960502,1.1612473380668624,-0.0012809585961690573,-0.03445759007896382,-0.07161337258042444,0.007463701331035845
russell_2000,Russell 2000,48,2007-12-21,2007-12-31,relapse,0,10,-0.02491089613034625,0.08905817323285646,0.05673109290921219,0.14578926614206866,1.7126344712713881,-0.08199633078981494,0.952696276971489,0.041148231538318925,0.0023084273607591466,-0.06817167185771922,0.173903322033972
ftse_100,FTSE 100,32,2008-01-29,2008-02-05,recovery,1,76,-0.0029242647708505043,0.07752071848125135,0.0920166763151142,0.16953739479636554,2.142146787606414,-0.12561379111564752,1.2819437364815043,0.024969147618030263,-0.050446271850563995,-0.10820521874964228,0.07700939409771868
nikkei_225,Nikkei 225,126,2008-01-29,2008-02-05,relapse,0,33,0.01978208839619966,0.0755151256768134,0.14106945176185262,0.21658457743866602,2.3718751617763405,-0.2279697897586227,1.150374385428222,0.0695668977962356,-0.021187714909372546,-0.10554478172964821,0.016164666662656913
russell_2000,Russell 2000,50,2008-02-25,2008-03-03,relapse,0,10,-0.03693381752667291,0.09527822403601253,0.03732269984885024,0.13260092388486278,1.5443414264153947,-0.1599347301707421,0.9081692351893702,0.012663238099820617,-0.029391398345985698,-0.044221560707670804,0.21800969100401207
nikkei_225,Nikkei 225,127,2008-03-25,2008-04-01,recovery,1,23,-0.006967317943511353,0.08348397549456495,0.09041751893964775,0.1739014944342127,1.900692681916249,-0.26999057218692046,0.43343291107163023,0.07811580303481591,-0.23888664588809855,-0.0784927346292914,0.08090748049223209
ftse_100,FTSE 100,33,2008-03-27,2008-04-03,recovery,1,19,0.0304068058074638,0.03255289638835385,0.11053733587486807,0.14309023226322193,1.7989502308447907,-0.15053983903629775,1.0517972831534526,0.019729975422118073,-0.15126536752007236,-0.053935810260799855,0.005516834977811443
nikkei_225,Nikkei 225,128,2008-06-05,2008-06-12,relapse,0,19,-0.03155402088539805,0.0815260125444388,0.03204669577156288,0.11357270831600168,1.2371464035345525,-0.10617823184200148,0.9737509591345471,0.015222181124748602,-0.11548769713338058,-0.04145258310454558,0.240186517255277
russell_2000,Russell 2000,51,2008-06-13,2008-06-20,relapse,0,11,-0.010741402107386722,0.056575454613056894,0.04759284653619349,0.10416830114925038,1.2004015815419287,-0.07957040512904157,1.089109590846532,-0.009172508983756877,-0.10158009165035306,-0.058582869912845226,0.10179382822228905
nikkei_225,Nikkei 225,129,2008-07-07,2008-07-14,relapse,0,40,-0.026188544345675635,0.06817845581673862,0.027253161162949964,0.09543161697968858,1.0385059147589346,-0.07794642166985055,0.6568084548027278,-0.009041312015558134,-0.00828254111845142,-0.04405519009384129,0.2953415405964236
ftse_100,FTSE 100,34,2008-07-08,2008-07-15,relapse,0,49,-0.04937037152766932,0.09760100009867265,0.012014064835425796,0.10961506493409844,1.3732546275185276,-0.14678608450730724,1.030904314436691,-0.007219520682117064,-0.08725074070950362,-0.043243392344427534,0.3387589853135686
russell_2000,Russell 2000,52,2008-07-16,2008-07-23,recovery,1,17,0.047236985802693976,0.01620877431092295,0.12798613503820644,0.14419490934912937,1.6554889796762304,-0.10025285940754902,1.0532309313623802,0.034064752419234345,-0.11576767621233203,-0.06333490866705294,0.0038325814898743545
spy,SPY,20,2008-07-23,2008-07-30,relapse,0,37,0.0028081818527452285,0.041507531409748485,0.05920999873228267,0.10071753014203116,1.1113198655648406,-0.0995365857601638,0.6022560810895414,0.0333985354610789,-0.1056187073106359,-0.0503662375696395,0.17183118256589988
nikkei_225,Nikkei 225,130,2008-09-24,2008-10-01,relapse,0,7,-0.0616399629220894,0.13620461102954215,0.03326049830557773,0.16946510933511988,1.8401898091556257,-0.16387175763866646,1.002461575377197,0.042604152255929506,-0.013819068589523753,-0.08379352369085424,0.2069926448092105
spy,SPY,21,2008-09-24,2008-10-01,relapse,0,8,-0.02413151989534912,0.10613528569190452,0.08023690930026682,0.18637219499217134,2.0326602461157783,-0.1596168677838186,1.1119863479184262,0.0254704705232899,-0.0856833159277717,-0.0591856291511749,0.3456546586805076
russell_2000,Russell 2000,53,2008-10-22,2008-10-29,relapse,0,21,-0.022092953762177125,0.19948542591278884,0.20367928352041956,0.40316470943320837,4.573187826062854,-0.3423428144693227,0.9905631077854834,-0.00027886224385920144,-0.513011690286225,-0.2448140910947938,0.07741274654488442
spy,SPY,22,2008-10-22,2008-10-29,relapse,0,93,0.02691935922125399,0.16348909662146138,0.26925739393016446,0.43274649055162584,4.694978778926593,-0.3595192968808693,0.7819052583751338,0.0068639603089987,-0.6522902828574376,-0.2205635522949812,0.060009000301238374
ftse_100,FTSE 100,36,2008-11-18,2008-11-25,relapse,0,73,-0.008862910028394566,0.12491210963471493,0.13883607128874043,0.26374818092345537,3.267683370109355,-0.3052561203096884,0.5558406086099802,-0.009021685649793554,-0.22633354891079455,-0.10583099747439029,0.14369264541247023
russell_2000,Russell 2000,54,2008-11-26,2008-12-04,relapse,0,64,-0.0625559868617499,0.2401339131454093,0.16345228295381659,0.40358619609922586,4.55570279204987,-0.378482992656221,1.105013422098356,0.1283589620598029,-0.14377969027095872,-0.24286424478895263,0.2692729598327504
spy,SPY,23,2008-11-28,2008-12-05,relapse,0,62,-0.02397648064104596,0.1726259154950907,0.16521370917319278,0.3378396246682835,3.63957942963229,-0.3315365334877822,0.9871159791327448,0.1773385191746673,-0.1547048142526162,-0.1892554697357888,0.216127274599166
spy,SPY,24,2008-12-30,2009-01-07,relapse,0,32,0.019107123833188355,0.056203125442312055,0.11495653200200703,0.1711596574443191,1.8357330554444011,-0.3098335716896858,0.5587217949521667,0.0217011562636191,-0.1802917496885775,-0.0561878357134771,0.13644002677384331
nikkei_225,Nikkei 225,133,2009-01-22,2009-01-29,relapse,0,30,0.02477725311547574,0.05833780346912951,0.13056005240497331,0.18889785587410282,2.0414932111715043,-0.4081043510733785,0.9313369294762125,0.0035371622037700945,-0.051525689850722756,-0.141108576250355,0.11478801163124157
ftse_100,FTSE 100,37,2009-01-26,2009-02-02,relapse,0,20,-0.03117835310441175,0.09707906239104429,0.05269527689675692,0.1497743392878012,1.8442825617091958,-0.2532728004953331,0.9875981580865151,0.02417676921942835,-0.044926430595898126,-0.08914747410254087,0.14139153728041795
russell_2000,Russell 2000,55,2009-01-27,2009-02-03,relapse,0,22,-0.0058826111769612055,0.11577498599469771,0.13398041131833976,0.24975539731303747,2.801180687192767,-0.3960868527797662,0.9347358216816539,0.0493335753227333,-0.18030850260924491,-0.09252388207780537,0.11493002627815424
nikkei_225,Nikkei 225,134,2009-02-27,2009-03-06,recovery,1,15,-0.05223283063043538,0.10948375314042848,0.02063197983682856,0.13011573297725704,1.402160626203737,-0.42105903294379887,0.9909520083715941,0.020293259526686924,0.11648839469104647,-0.05317659691899834,0.4236455587900933
ftse_100,FTSE 100,38,2009-03-11,2009-03-18,recovery,1,16,0.030099003467964014,0.053019829647464614,0.1358866092512368,0.1889064388987014,2.3163477801465957,-0.2892446055624185,1.2066102780732584,0.013063425587258592,-0.13691110810523355,-0.10372057979895644,0.015601853017699969
russell_2000,Russell 2000,56,2009-03-17,2009-03-24,recovery,1,13,0.03268168190490339,0.09304701694752196,0.19270002589889929,0.2857470428464213,3.1864808295897564,-0.4281321733216199,0.9294627923016878,0.0929961516840141,-0.24736110915656873,-0.13328206097057738,0.08795788048261563
spy,SPY,25,2009-03-17,2009-03-24,recovery,1,17,0.03833833081751559,0.05450236403905302,0.15649921518042106,0.2110015792194741,2.23146783746123,-0.3478275879349417,0.839576299429756,0.0799903436066571,-0.1841387375758278,-0.1031342673080028,0.05752854423747712
nikkei_225,Nikkei 225,135,2009-04-06,2009-04-13,recovery,1,36,0.007507397326463439,0.08045933850606012,0.11946506111331158,0.1999243996193717,2.1518886009091855,-0.15422000574806483,0.8991188820491718,0.07278860043722979,-0.11207161396530885,-0.04564883139846998,0.0686859779022009
russell_2000,Russell 2000,57,2009-05-21,2009-05-29,recovery,1,7,0.042309130958812835,0.043352295424432405,0.15133276453748856,0.19468505996192098,2.1462489856990894,-0.0650657651881642,0.9039423114796892,0.0010603683174164047,-0.18107426224092676,-0.07289133745513432,0.0419583558036883
russell_2000,Russell 2000,59,2009-11-06,2009-11-13,recovery,1,30,0.01021797191350049,0.051229119627733945,0.08842336114779885,0.1396524807755328,1.4953865761346865,-0.06986248677757478,0.9772175643270816,0.03076035089920648,-0.09929005876914399,-0.06618034126896788,0.07903339891260296
russell_2000,Russell 2000,60,2010-02-11,2010-02-19,recovery,1,11,0.04320681795659498,0.006222014399913642,0.10611624095578776,0.1123382553557014,1.194481452109073,-0.06730339674959551,0.7768306602703376,0.026408482823459423,-0.11803451860046713,-0.05867012855437448,0.0
spy,SPY,26,2010-02-11,2010-02-19,recovery,1,15,0.027837540739704014,0.016933259577376777,0.08481855932507956,0.10175181890245634,1.0565963664311895,-0.0602290638997562,0.6262524932655992,0.0157532410615637,-0.1479333069304969,-0.0512652437041409,0.00024356910044721425
nikkei_225,Nikkei 225,136,2010-02-15,2010-02-22,recovery,1,15,0.03866557478553534,0.006601882431375883,0.09627870215251325,0.10288058458388913,1.0973329934548555,-0.08821627921800035,0.7139858514792189,-0.004363649085577848,-0.11717505099947384,-0.046263538112784275,0.09546694670294652
nikkei_225,Nikkei 225,137,2010-05-13,2010-05-20,relapse,0,6,-0.05557527623334002,0.11373633674707619,0.01844789169323327,0.13218422844030947,1.4087152107182699,-0.0633857469155944,1.2791279833311073,-0.007050053032326531,-0.04787676397513663,-0.07445945071172133,0.16085266729428382
russell_2000,Russell 2000,61,2010-05-17,2010-05-24,relapse,0,14,-0.07833723821707317,0.16176046941259964,0.027837783304505967,0.18959825271710562,2.012917267048203,-0.06228434332542587,0.808896472228247,0.008806686433642241,-0.2983061265818562,-0.09299091513430469,0.24145289762737723
ftse_100,FTSE 100,40,2010-05-18,2010-05-25,relapse,0,32,-0.06908545523746357,0.13354212215924255,0.012950302662982388,0.1464924248222249,1.7760318253577558,-0.08887023369916958,0.9572860648043933,-0.00505002694249157,-0.20087549987779674,-0.08064643600692634,0.23106176508975232
spy,SPY,27,2010-05-27,2010-06-04,recovery,1,96,-0.03557279330074281,0.10590601229296422,0.053942212689357144,0.15984822498232137,1.6605895137230262,-0.0907332756592077,0.8573042063631928,0.0295032425591453,-0.0451535526397868,-0.0756411591150038,0.20611199961037213
nikkei_225,Nikkei 225,138,2010-06-14,2010-06-21,relapse,0,49,0.036251562523722525,0.023979758760127978,0.1129096077940777,0.1368893665542057,1.456286473374061,-0.12870723942395024,0.6833158581894323,0.03701845057219799,-0.215364812691977,-0.07949864379422422,0.007877335819045735
russell_2000,Russell 2000,62,2010-07-07,2010-07-14,recovery,1,13,0.04659451329169806,0.018932031559887624,0.129991934011898,0.14892396557178564,1.5686203740552922,-0.1755714901876213,1.1189913279157733,-0.007005453781609106,-0.010644500162352633,-0.08369815290521032,0.026966209316934987
spy,SPY,28,2010-07-07,2010-07-14,recovery,1,13,0.03339528931411673,0.016551001961472668,0.09696329639213959,0.11351429835361226,1.1743875444218776,-0.1247809218828503,1.053378037743992,0.0180441450813611,-0.0158146439263819,-0.0565940310564794,2.1914177812586228e-06
ftse_100,FTSE 100,41,2010-07-08,2010-07-15,recovery,1,13,0.02073078768766723,0.027644551686521503,0.0822994014366347,0.10994395312315619,1.3280618960193724,-0.12352940166626325,0.8645609106368154,0.060495478954566195,-0.05342466117629108,-0.06551962985377635,0.01859799427640136
nikkei_225,Nikkei 225,139,2010-07-26,2010-08-02,relapse,0,22,0.007013087589412992,0.045490571281776665,0.07383592615274527,0.11932649743452194,1.2665504820368747,-0.16188300865132765,0.8912526173145665,0.010078331839299182,-0.10684313578209251,-0.07710327039260356,0.07014566451348142
russell_2000,Russell 2000,63,2010-08-18,2010-08-25,recovery,1,22,-0.0368925546143557,0.09985995537229478,0.043247773623021304,0.1431077289953161,1.4992476021054923,-0.15349363812810002,0.6575864510746879,0.012255546167983411,-0.1263058712047781,-0.06972744148777199,0.2217449288295547
nikkei_225,Nikkei 225,140,2010-09-07,2010-09-14,recovery,1,40,0.007946022111424256,0.0462300574356375,0.07689739608041195,0.12312745351604945,1.3043473792418194,-0.18636952898327053,0.7011820255229965,0.044543503570192655,-0.17793180401531206,-0.04995247259582669,0.10613990116426959
russell_2000,Russell 2000,64,2011-06-21,2011-06-28,recovery,1,11,0.013566972977665293,0.03666920755713398,0.07750393002195527,0.11417313757908926,1.1861358631775818,-0.0680927781437437,1.0254396185275294,0.015471827534739191,-0.005311216084120107,-0.061689818195231894,0.026986842024416584
nikkei_225,Nikkei 225,142,2011-08-15,2011-08-22,relapse,0,22,-0.050435760657949746,0.09850258423055816,0.010740196616279125,0.10924278084683728,1.1579084459455598,-0.1631236570380188,0.9054989667157675,-0.0012263550145998892,-0.035284047147049746,-0.09588548348288128,0.20603930726144287
spy,SPY,29,2011-08-15,2011-08-22,recovery,1,107,-0.06541174937250627,0.1608417487643988,0.05604461348990239,0.2168863622543012,2.2857537177595226,-0.11150334048685,1.3161231938303626,0.0718269869205279,-0.0431727326633136,-0.1372874697301833,0.13566504848128808
russell_2000,Russell 2000,65,2011-08-16,2011-08-23,recovery,1,111,-0.030776434530904062,0.157250740828696,0.1301908643935584,0.28744160522225437,2.979757220479257,-0.1855216170301286,1.1362770462409941,0.012277800350058321,-0.33046041702080176,-0.19718585224717522,0.12229457006795787
ftse_100,FTSE 100,42,2011-08-17,2011-08-24,recovery,1,51,-0.02358579038187414,0.09036044920024777,0.06140013902332865,0.1517605882235764,1.8377171542542925,-0.12350728602241035,0.86657144866,0.06278249264784463,-0.09919025050610047,-0.1303058546747753,0.2263893331589492
spy,SPY,30,2011-09-13,2011-09-20,recovery,1,29,0.02591828471994906,0.04078161476965374,0.11080906588853442,0.15159068065818815,1.5857675346997702,-0.13271734643753,0.9653740460524884,0.0063906540074674,0.0855511844379757,-0.0676492203468405,0.017889893500795
nikkei_225,Nikkei 225,143,2011-09-20,2011-09-28,recovery,1,98,-0.012107223284762325,0.0631079829406033,0.052802834459035275,0.11591081739963857,1.227015132643408,-0.13972457344987488,1.1782099605895495,0.02150757618769994,-0.015063494735572502,-0.04720920314988497,0.17541014736517924
ftse_100,FTSE 100,43,2011-09-29,2011-10-06,recovery,1,20,0.01816873330716362,0.05955107967385803,0.11708485891937298,0.176635938593231,2.1325552538853367,-0.14566126571623972,0.9070105812258589,0.030325273043672496,-0.08848316671070505,-0.05782034703451622,0.09793712253357391
russell_2000,Russell 2000,66,2011-10-10,2011-10-17,recovery,1,13,0.005402248503431295,0.10175364847520374,0.14178248102169405,0.2435361294968978,2.504904134436706,-0.20847345976493425,1.0827908712709344,0.11665030030802193,-0.024156825918640434,-0.10339875305216051,0.06201790462055246
spy,SPY,31,2011-10-11,2011-10-18,recovery,1,12,0.02406030565881867,0.04339070542990128,0.10990704704446223,0.1532977524743635,1.5941018182508502,-0.113718502580309,0.9748104391345452,0.0634584245484413,-0.0498495643751418,-0.0680292147168647,0.04685067187384213
spy,SPY,32,2011-11-29,2011-12-06,recovery,1,18,0.051728974466462185,0.007572714564358991,0.12720385141478002,0.13477656597913903,1.3938497280715259,-0.1085178163998547,0.9604076838713896,0.0032454133393375,0.0460395116120306,-0.0625206193063039,0.00013136749192625257
ftse_100,FTSE 100,44,2011-12-05,2011-12-12,recovery,1,44,-0.025161818691226245,0.076163655852205,0.0397496104227467,0.1159132662749517,1.392971945125405,-0.08036765738163865,0.8972692554279915,0.04691726486884207,-0.03906348411997379,-0.06937647191229424,0.12859127687064048
russell_2000,Russell 2000,67,2011-12-05,2011-12-12,recovery,1,40,-0.0185802444346278,0.10641870719763667,0.09321416271829255,0.1996328699159292,2.0420523258113183,-0.12944727365955422,1.0450183334332281,0.06802951894586506,-0.07212888222976932,-0.07911830016999488,0.11804652626678268
nikkei_225,Nikkei 225,144,2011-12-21,2011-12-29,recovery,1,21,-0.007221057260182628,0.053116743396701104,0.05119163418629542,0.10430837758299652,1.1005022414311136,-0.16549562870583456,0.9882640729495319,-0.006967413402168887,0.03044993599076895,-0.042212906331222655,0.0386376783078425
russell_2000,Russell 2000,68,2012-04-23,2012-04-30,relapse,0,28,0.03160952200543021,0.013132502788785048,0.08855391719806782,0.10168641998685286,1.0385515489067014,-0.06415089879805702,0.9669304437570854,-0.007836863113881876,-0.08809747255054276,-0.0695512821474713,0.03232640164468982
nikkei_225,Nikkei 225,145,2012-05-25,2012-06-01,recovery,1,25,-0.0163325909428359,0.05863584502508699,0.03750791425275638,0.09614375927784337,1.0161888204600165,-0.16330916661384776,0.9454733956398991,-0.0035970885182496914,-0.05409194451262239,-0.05126957950412958,0.08341181937461031
ftse_100,FTSE 100,45,2012-05-30,2012-06-06,recovery,1,14,0.016391431074060714,0.02624173045138912,0.07065181847008777,0.09689354892147689,1.163387977128703,-0.11202598909075068,0.9932284248870089,0.005844565274792046,-0.0868276104857903,-0.05680693889685173,0.041473544337982345
russell_2000,Russell 2000,69,2012-06-08,2012-06-15,recovery,1,17,0.002769146764778574,0.048162021872925606,0.06759063412185662,0.11575265599478222,1.1802981169750555,-0.09093165352841759,0.835280435457464,0.04218040535618517,-0.09654548045797229,-0.05576262182142688,0.15824347393016772
nikkei_225,Nikkei 225,146,2013-06-12,2013-06-19,recovery,1,25,-0.003318454217371536,0.10349011667849381,0.12417275255132953,0.22766286922982334,2.3987781407912983,-0.14960652091281523,0.8747557668639923,0.02086815520386409,-0.13326671881745417,-0.09601562720630241,0.19788732927553107
ftse_100,FTSE 100,46,2013-06-13,2013-06-20,recovery,1,21,-0.02301800422863831,0.061006346659447146,0.025330795228754747,0.0863371418882019,1.0445781212009393,-0.07830685046058128,0.7548432124625563,-0.0049807313620569005,-0.02217635223929218,-0.04940241496674602,0.3267831513179801
nikkei_225,Nikkei 225,147,2013-08-14,2013-08-21,recovery,1,63,-0.04454255325206258,0.11493654187708378,0.045049795907055296,0.15998633778413907,1.6814552760896528,-0.10091980295969993,0.8083833757411408,0.01615957618012054,-0.21597299288415983,-0.07489237785829417,0.14134757770103
nikkei_225,Nikkei 225,148,2013-11-01,2013-11-11,recovery,1,8,0.004807214976935592,0.0381995172328875,0.059543055971255886,0.0977425732041434,1.0244313202245734,-0.09123096435331601,1.1810049501572184,0.008015664117547061,-0.025141098823061175,-0.05113330937096272,0.05615948971250858
nikkei_225,Nikkei 225,150,2014-03-24,2014-03-31,recovery,1,60,0.024353899401048817,0.02324434719371407,0.08493348597620157,0.10817783316991564,1.1284033164011096,-0.11147108489127022,0.9477241761755494,0.010251813915946428,-0.062358694983655816,-0.06396468469016625,0.003666955171365086
nikkei_225,Nikkei 225,151,2014-05-14,2014-05-21,recovery,1,14,-0.025239209871606882,0.06777492387447506,0.028897153404770802,0.09667207727924587,1.0058296335852785,-0.11573961823818957,0.756203633439416,0.02618436107841937,-0.10307922657953436,-0.0626054666430722,0.1357521668618638
russell_2000,Russell 2000,70,2014-10-16,2014-10-23,recovery,1,8,0.02797138411394795,0.01781451191833213,0.08624434270048623,0.10405885461881835,1.081910230913889,-0.10101394694367438,0.8898309123511986,0.01682412831849689,-0.10899015791276129,-0.04766293254331888,0.060463678951422246
ftse_100,FTSE 100,47,2014-10-22,2014-10-29,recovery,1,18,0.008459731894939315,0.031502042614362354,0.05932017217950507,0.09082221479386743,1.1105263991706216,-0.06960248542921488,0.9791520208420857,0.02983085071885938,-0.04080482797433391,-0.042641178386455536,0.014988921325513245
nikkei_225,Nikkei 225,153,2015-01-14,2015-01-21,recovery,1,9,0.028847413306533287,0.020456785201525003,0.09159821140769837,0.11205499660922338,1.1661867780638293,-0.06354275621053951,0.8708742981258205,-0.005180071056095414,-0.006854226500459665,-0.06123404053394843,0.05583889119488235
ftse_100,FTSE 100,48,2015-09-01,2015-09-08,relapse,0,117,0.014452326798205517,0.05201412746891519,0.09904599586545004,0.15106012333436525,1.847216863092657,-0.14716257647121744,1.3177055614798059,-0.0037562194696239004,-0.06527099876904657,-0.10475004298041135,0.0735213685922026
russell_2000,Russell 2000,71,2015-08-31,2015-09-08,relapse,0,89,0.001992323946698793,0.04949967177833391,0.06752759123310405,0.11702726301143795,1.2225487459426057,-0.10522457169316246,0.9243194390879128,0.042064374763858936,0.006965314453706656,-0.09713293070125406,0.1482710453800345
spy,SPY,33,2015-08-31,2015-09-08,recovery,1,41,-0.0012141852285356691,0.06074185649026034,0.07454830546820482,0.13529016195846516,1.510253112278885,-0.0701819154716325,1.2337015899407997,0.0419466342935405,-0.0699692228842601,-0.1144603604603166,0.14877882040477566
nikkei_225,Nikkei 225,154,2015-09-17,2015-09-29,relapse,0,80,-0.0814565975867324,0.18227272220140078,0.046854833741027335,0.22912755594242812,2.3853684397849193,-0.11672208636847836,0.4021736662802308,0.00722263823923619,-0.4903720889152547,-0.14350364456673326,0.22183248404698194
russell_2000,Russell 2000,72,2015-10-05,2015-10-12,recovery,1,24,0.019936232087172767,0.027137684934067534,0.07984849011420586,0.1069861750482734,1.1142622782057214,-0.11896897669393414,0.9654025150829176,0.04576532977144776,0.03164268627139066,-0.06265872375352455,0.01542461564096596
ftse_100,FTSE 100,49,2015-12-22,2015-12-29,relapse,0,21,0.038051322516480024,0.001916100049208301,0.08891895123644698,0.09083505128565528,1.108122839506175,-0.10495920664464531,0.6373038148969856,0.010794352175452104,-0.16255073203882836,-0.057789615850648346,0.0
nikkei_225,Nikkei 225,155,2015-12-28,2016-01-06,relapse,0,6,-0.036137198748499855,0.08083026713064059,0.020744888283315624,0.10157515541395622,1.0559318698969453,-0.094454602899822,0.3199629941314631,-0.005993126787426917,-0.2775325748944343,-0.04870834159330606,0.295346349843614
russell_2000,Russell 2000,73,2016-01-22,2016-01-29,recovery,1,28,0.014422040640370115,0.03764195656467718,0.08068530981043029,0.11832726637510746,1.2293175693531164,-0.1714009693210693,1.0719110400308698,-0.00489658071785648,-0.04332233089223553,-0.082251932670248,0.11504662234845922
spy,SPY,34,2016-01-25,2016-02-01,recovery,1,25,0.03202987608466712,0.01482919019965246,0.09166868771925567,0.10649787791890813,1.1861336828459124,-0.1054204709962375,0.9643218991734228,-0.0009056717694484,-0.0631617757285238,-0.0603885789474476,0.028089588018186465
ftse_100,FTSE 100,50,2016-01-27,2016-02-03,relapse,0,11,-0.025579388251476876,0.07753270765934525,0.04054301826762831,0.11807572592697355,1.4355934773231611,-0.0879919248880614,0.6770958543937675,0.05433286804288606,-0.14428657796146255,-0.054293302379528896,0.16802023077462447
nikkei_225,Nikkei 225,156,2016-01-29,2016-02-05,relapse,0,9,-0.03988457784145716,0.124714738188194,0.06808108078166243,0.19279581896985643,2.001903773150707,-0.15812576380348786,0.9098048251282711,0.032475096757867306,-0.23242501269753474,-0.07617925777176282,0.11280433989099806
nikkei_225,Nikkei 225,157,2016-04-13,2016-04-20,recovery,1,6,0.03206842957972622,0.016818224483039115,0.09428780747779118,0.1111060319608303,1.1514607399504604,-0.1814465031680359,0.879498513055467,0.04149697868904845,-0.04764584438455691,-0.08353589868036337,0.1783568916741067
spy,SPY,35,2018-02-12,2018-02-20,recovery,1,101,0.022838702395856503,0.032688924260244494,0.09351022723089412,0.1261991514911386,1.4390304639521714,-0.0741155010680207,1.345501452233944,0.0053279833185362,-0.0080991559838209,-0.088891864268114,0.007454760943573963
ftse_100,FTSE 100,51,2018-02-14,2018-02-21,recovery,1,52,0.009370707114113142,0.02683739992659568,0.05545375243865163,0.08229115236524731,1.0144765137405927,-0.07259238118745692,1.0887475071789887,-0.009031764812911902,-0.08741122425429948,-0.060656580766648815,0.018455158176585718
russell_2000,Russell 2000,74,2018-02-13,2018-02-21,recovery,1,15,0.02467641058229364,0.021868948055710026,0.08391595793975284,0.10578490599546286,1.1128326982059378,-0.07186892736743422,1.2096144008099918,-0.008140958715960878,-0.04761039593001892,-0.07631360254551112,0.02089010809882224
nikkei_225,Nikkei 225,159,2018-02-15,2018-02-22,recovery,1,57,0.012646645838943149,0.04037102600272458,0.08012368272833843,0.12049470873106302,1.2512437882668046,-0.11022854691253381,1.0046362262541315,-0.00836880483820579,-0.15583171252768582,-0.08478118709575355,0.03989248952993959
nikkei_225,Nikkei 225,160,2018-03-30,2018-04-06,recovery,1,27,0.005277263765305795,0.05118009524155762,0.07713208431949559,0.1283121795610532,1.3307012974375267,-0.11067125681112089,0.8888627635436805,0.039767401016023385,-0.10209425089646992,-0.05593345557438134,0.010180703188623647
spy,SPY,36,2018-04-04,2018-04-11,recovery,1,44,0.0007590993418344905,0.04613788129440173,0.060446165606135124,0.10658404690053686,1.212242081449476,-0.0766439954933736,1.0069923438782813,0.0112941014214441,-0.1122597935534452,-0.0607046500786922,0.129336474576612
russell_2000,Russell 2000,75,2018-10-31,2018-11-07,relapse,0,31,0.046810594081023726,0.008970762046061585,0.11780504733367775,0.12677580937973934,1.335281118958924,-0.13174780985207524,0.8987892812922815,0.028665334187077285,0.0046437195545310506,-0.0791047564777907,1.8378255930657102e-05
spy,SPY,37,2018-10-31,2018-11-07,relapse,0,33,0.03835464259187038,0.013894468688354006,0.10485351149397414,0.11874798018232814,1.3550291371882213,-0.0740011762987049,0.9373423423581794,0.019815961516735,-0.0229123280986474,-0.0615212020606346,0.008718581958452386
nikkei_225,Nikkei 225,162,2018-11-22,2018-11-30,relapse,0,19,0.03254606392242643,0.010630708982401878,0.08749832034675335,0.09812902932915524,1.0179158549713976,-0.1081171391583734,0.6210963070814925,-0.007229922653625209,-0.028899995786057828,-0.06697499439629517,0.0
ftse_100,FTSE 100,52,2018-12-13,2018-12-20,recovery,1,38,-0.02407415485278075,0.06427101518718224,0.027085485572821144,0.09135650076000339,1.1340281970240342,-0.11562176515594758,0.7914341433281,0.025543392430732226,-0.1052045838817908,-0.049469058081475836,0.12371257604304639
spy,SPY,38,2019-01-04,2019-01-11,recovery,1,18,0.02611010648552048,0.03990513252193617,0.11012950158591983,0.150034634107856,1.7023775579257656,-0.1313674659753726,0.9851132901211016,0.0172645253837489,-0.1467332273402054,-0.0800766864190307,0.0
nikkei_225,Nikkei 225,163,2019-01-09,2019-01-17,recovery,1,65,-0.0012135862919089302,0.07463760727888184,0.09223516769151112,0.16687277497039296,1.7304232414067309,-0.1583626623464912,0.8348680287355181,0.017254730551142572,-0.2662994083282868,-0.11577047432721876,0.026136360563156383
russell_2000,Russell 2000,77,2019-06-07,2019-06-14,recovery,1,36,0.0053552915695427306,0.03997731989807704,0.06305134252833153,0.10302866242640857,1.0807226335500584,-0.06228560106007497,0.8772343000015081,0.03282306008011027,0.04853627466227467,-0.05864049878398525,0.03725463927564051
russell_2000,Russell 2000,78,2019-08-12,2019-08-19,recovery,1,21,0.009757272782027204,0.03323458606222986,0.06447418403835437,0.09770877010058422,1.0262501518869744,-0.07474395967751923,1.1697240944783576,0.004601440868262863,-0.006158692808276273,-0.05410541294025606,0.1915003032710632
ftse_100,FTSE 100,53,2019-08-14,2019-08-21,recovery,1,31,0.007847081931985356,0.02885436454576469,0.054558013812758134,0.08341237835852283,1.0389214047070634,-0.07008681330261324,0.9290463417008176,-0.0070846449207770945,-0.05519032414265371,-0.06414200529412284,0.08062157474205459
ftse_100,FTSE 100,54,2020-03-24,2020-03-31,recovery,1,47,0.041489090177946775,0.1077828001584816,0.2314714960606738,0.33925429621915537,4.231746756203498,-0.29038146812325394,1.2111832531606241,0.028139137326178343,-0.10297477622055262,-0.24707717929744888,0.07023504281245638
russell_2000,Russell 2000,79,2020-03-24,2020-03-31,recovery,1,25,0.051580425702664634,0.18495411041207926,0.3526243807577932,0.5375784911698724,5.645122971785708,-0.3569472381700788,1.1973738810044874,-0.009051150055177537,-0.37144854870081834,-0.2753031316911807,0.01811526483014157
spy,SPY,39,2020-03-25,2020-04-01,recovery,1,39,-0.002593619017290827,0.2018689629237642,0.2510295459545843,0.4528985088783485,5.168204875964291,-0.2662978443406444,0.7945336194702234,0.0337602936061536,-0.6195141866973247,-0.1980768497925414,0.048900545080831435
nikkei_225,Nikkei 225,164,2020-04-07,2020-04-14,recovery,1,33,0.03633896881190579,0.09475101316220033,0.2031807640516772,0.29793177721387754,3.0973148897514773,-0.21314708694870466,0.8834730132639567,0.0017519128556298114,-0.24478422163430447,-0.17428109972998485,0.02550097026525481
ftse_100,FTSE 100,55,2020-05-07,2020-05-15,recovery,1,17,-0.022946505884453683,0.09473168893777553,0.06841645436522865,0.1631481433030042,2.0306213974845333,-0.2265380686319477,0.7752090587563686,0.0058747219567312214,-0.15850447667598716,-0.04370146155705612,0.1392774974876369
russell_2000,Russell 2000,80,2020-05-08,2020-05-15,recovery,1,19,-0.05463884961342924,0.1507901113228112,0.06773548347123869,0.21852559479404987,2.2856319089642896,-0.2202485324388198,0.5960680225836422,0.053415628101981305,-0.389311226429268,-0.07454560620026651,0.1947120630074755
ftse_100,FTSE 100,56,2020-06-18,2020-06-25,relapse,0,92,-0.012360079497820475,0.07198387077682097,0.06352474576636197,0.13550861654318294,1.6837476227396964,-0.18899976024684162,0.8320521462735027,0.023962248128540864,-0.15012369774315623,-0.06509126049537706,0.16473220401777935
russell_2000,Russell 2000,81,2020-06-18,2020-06-25,recovery,1,35,-0.009642066317235187,0.10360241090734434,0.10994382679744918,0.21354623770479353,2.2275289595644034,-0.16310601040341077,0.6829807357058648,0.05092898034481941,-0.4231885839368555,-0.0825871622380161,0.09473867222579369
spy,SPY,40,2020-06-18,2020-06-25,recovery,1,31,-0.009870127569763798,0.06867434493651695,0.06497160362428565,0.13364594856080259,1.5127753957243482,-0.0730838425636793,0.6528471083510414,0.03648408371569,-0.2955970470023334,-0.0512608158726992,0.11356044667174925
nikkei_225,Nikkei 225,165,2020-06-23,2020-06-30,recovery,1,91,-0.011570775708954484,0.07106884449814896,0.06415403911365665,0.1352228836118056,1.4029191836928565,-0.0637141346921607,0.30592038545031136,-0.001469491698975034,-0.4373147310205798,-0.0737164324587063,0.11639088568057869
ftse_100,FTSE 100,57,2020-09-11,2020-09-18,relapse,0,33,-0.004151131697305521,0.04553214471706217,0.04851561214602112,0.09404775686308328,1.1615142592770118,-0.06973921626081458,0.904496782639592,0.03939426673762192,-0.022170353051035957,-0.040564508776006036,0.0399739848936415
spy,SPY,41,2020-09-17,2020-09-24,recovery,1,17,-0.03288714956103145,0.07975109362917308,0.02675787016205789,0.10650896379123098,1.2029632213080388,-0.061112613751077,0.5660002570248996,0.0058235574508875,-0.2512627443592377,-0.068883293864239,0.18772769320510754
russell_2000,Russell 2000,82,2021-05-19,2021-05-26,recovery,1,12,0.025359676154701916,0.023595440503374865,0.08766618826498143,0.1112616287683563,1.1413803433306267,-0.07055847671989735,1.0316652357556804,0.027030046223507576,-0.07699331355833733,-0.04855506775316787,0.02435552227402753
nikkei_225,Nikkei 225,166,2021-05-21,2021-05-28,recovery,1,74,0.0293659507102062,0.026493537451318806,0.10045984473396528,0.1269533821852841,1.3182974759778217,-0.07056379286294523,0.8413834834048016,0.008274887073214998,-0.14394359207318896,-0.0663639218705292,0.002595214170484766
nikkei_225,Nikkei 225,167,2021-07-14,2021-07-21,recovery,1,36,-0.037069065861218164,0.0810995609603762,0.01896974608316477,0.10006930704354097,1.0387228478977164,-0.061023869501357964,0.9995054554951043,0.00847879181002753,0.11776216043548067,-0.040264842481866125,0.3355930135361506
russell_2000,Russell 2000,83,2021-07-27,2021-08-03,recovery,1,27,0.014485612479069987,0.03273997032526474,0.0745908996845869,0.10733087000985164,1.1000553421312027,-0.07132537063008182,0.9928495222779071,-0.0011262777259677392,-0.09030348361174284,-0.0685321925532385,0.016982044335498367
nikkei_225,Nikkei 225,168,2021-10-12,2021-10-19,recovery,1,14,0.034888016943310785,0.00973040093761049,0.09167509424630149,0.10140549518391198,1.0532007360137654,-0.07953968197038808,0.9687198983199691,0.014575462488581437,0.05773575732398398,-0.08147926969415487,0.003261080610149552
russell_2000,Russell 2000,84,2021-12-09,2021-12-16,relapse,0,28,-0.030515268894694136,0.08771775833563872,0.04228789948468986,0.13000565782032858,1.332449189199531,-0.09110261427740973,1.347683949273132,0.006266780251110937,-0.04198325927357338,-0.08068226904076425,0.11342524989867715
nikkei_225,Nikkei 225,169,2021-12-27,2022-01-05,relapse,0,19,0.022865444340061547,0.020495723169048748,0.07805238480620191,0.09854810797525065,1.0229979081166722,-0.06500272252128292,0.7714377221250462,0.026095608641753643,-0.1183013134623748,-0.06782077561340749,0.015443652802953933
nikkei_225,Nikkei 225,170,2022-02-03,2022-02-10,relapse,0,20,0.016694131082536146,0.037431218261984193,0.08558093933919839,0.12301215760118259,1.2757372622156407,-0.11179585329033803,0.7989950778291957,0.04010939118337653,-0.009721003696815778,-0.05943662531145755,0.013135299158836935
russell_2000,Russell 2000,86,2022-03-03,2022-03-10,relapse,0,40,-0.01020463390752846,0.07078699702748753,0.06690019188151035,0.1376871889089979,1.4038088927982328,-0.16797940018176294,1.1496611550292355,0.018072093119854138,-0.0016777385709205173,-0.06587051945698974,0.13799052147444058
spy,SPY,42,2022-03-03,2022-03-10,recovery,1,18,-0.023478857342641435,0.07336527723354602,0.040012949791237123,0.11337822702478315,1.286106228431862,-0.0879196343581663,1.0227048866203,0.0171528392454735,-0.0098271895122563,-0.0556563316427014,0.20900492240235277
ftse_100,FTSE 100,59,2022-03-11,2022-03-18,recovery,1,20,0.034810303480890425,0.03196323728455207,0.1197948099096354,0.15175804719418745,1.8728997436029748,-0.06735310984828724,0.8853721628803355,0.0238295403651545,-0.03383728647291767,-0.06942538222036987,0.0008481335499884609
nikkei_225,Nikkei 225,171,2022-03-17,2022-03-25,recovery,1,99,0.05616464105768637,0.009001243776085147,0.13910303993703194,0.14810428371311707,1.534552133017834,-0.11887806495528264,1.0727884695321568,0.03678020624771605,-0.11300471663556616,-0.07959048635559185,0.0
russell_2000,Russell 2000,87,2022-04-13,2022-04-21,relapse,0,8,-0.01661152535677246,0.06438144569784668,0.04418655507732199,0.10856800077516868,1.1029068400643776,-0.17097194134455562,0.8071875426087585,0.00403757067487831,-0.03716657469174259,-0.056500057702760564,0.18235756044298246
nikkei_225,Nikkei 225,172,2022-05-06,2022-05-13,recovery,1,23,-0.021327187970771266,0.06465422528281192,0.033816314062735005,0.09847053934554692,1.0189911306899024,-0.09408711451778906,0.8587732100379525,0.015404170003586515,-0.06759773340924694,-0.053705459605778216,0.24811888153431236
spy,SPY,43,2022-05-06,2022-05-13,relapse,0,25,-0.023387068052663662,0.08897677546488036,0.06009074138106667,0.14906751684594705,1.6832703323530305,-0.1362586875246692,1.138048622228487,-0.0016031313230512,-0.0446334081852684,-0.0672384572524353,0.15698477942074032
russell_2000,Russell 2000,88,2022-05-16,2022-05-23,recovery,1,57,0.005231492124725845,0.07356752742663945,0.10552115337191803,0.1790886807985575,1.8129262096299594,-0.23505871857119576,0.9070395584742221,0.012043546943714567,-0.1590809663329219,-0.12654603574635637,0.11844006403942099
spy,SPY,44,2022-06-21,2022-06-28,recovery,1,25,0.014877346315897766,0.05164751726053442,0.09954535450408418,0.1511928717646186,1.7008797399361724,-0.2090174783832766,1.036576903283268,0.0044967706052325,-0.0840091281929282,-0.1061519690838577,0.06022414874376453
nikkei_225,Nikkei 225,173,2022-06-24,2022-07-01,recovery,1,18,-0.02100070323196057,0.06596095675978385,0.036221437621632685,0.10218239438141653,1.056254708662632,-0.09682853223219834,0.8386366002253229,0.020169220641991004,-0.025336226927008182,-0.06997407508673703,0.1864032259484234
russell_2000,Russell 2000,89,2022-06-24,2022-07-01,recovery,1,27,-0.021509395494240358,0.10142601603869743,0.08020266701688682,0.18162868305558424,1.8334442795251402,-0.2230172140669553,0.5261467763043018,0.06789155246133216,-0.2439384574883385,-0.11687243431347749,0.05912828778336285
spy,SPY,45,2022-09-07,2022-09-14,relapse,0,12,-0.007994401310836952,0.05398246215895462,0.05053585795040371,0.10451832010935833,1.1669157622588266,-0.1344422183989773,0.7653051929682467,-0.0010804176531847,-0.1196382143277956,-0.0566131028260421,0.3840326591028771
russell_2000,Russell 2000,90,2022-09-08,2022-09-15,relapse,0,10,-0.0117385254289597,0.0627377187581139,0.05316953880814565,0.11590725756625955,1.1635730426864712,-0.13416623693216434,0.979638499802054,0.0015117734244203263,-0.0490498549296198,-0.0749242699518815,0.2856593318238778
russell_2000,Russell 2000,91,2022-10-06,2022-10-13,recovery,1,26,-0.013751704697833378,0.08481293201921876,0.0766898573475662,0.16150278936678497,1.6165162277008809,-0.14015935785848166,1.0599370328366275,0.045277672685438475,-0.03141122167441057,-0.09056208679217015,0.1218534689537669
nikkei_225,Nikkei 225,174,2022-10-07,2022-10-17,recovery,1,102,-0.012550472763239284,0.06519419623505737,0.054450629837256445,0.1196448260723138,1.236012239758994,-0.07208967527718968,0.8702915372125425,0.04444939900049327,-0.0411887128990743,-0.05624848772835378,0.1855181120575595
spy,SPY,46,2022-10-20,2022-10-27,recovery,1,6,0.03987308477188045,0.021393846379789284,0.11784917896491465,0.13924302534470392,1.5493264530761135,-0.1461220366276269,0.9612146920254802,-0.0015313733035744,-0.0142324437759656,-0.0644167810289616,0.014193321953056816
russell_2000,Russell 2000,92,2022-12-13,2022-12-20,relapse,0,10,-0.046028073086074706,0.09303992296931969,0.013805190401691633,0.10684511337101132,1.0627647321619784,-0.0934969203749969,0.7146838658497057,0.010853508793596589,-0.17903749929693202,-0.05214896106136013,0.25051314916525025
spy,SPY,47,2022-12-23,2023-01-03,recovery,1,18,-0.00545838724390546,0.05132424844277566,0.05291634519102024,0.1042405936337959,1.152459986715914,-0.1011187471791066,0.7837828744873254,-0.000939696668098,-0.0667832333211499,-0.0502037648280927,0.0711187900451657
russell_2000,Russell 2000,93,2023-03-21,2023-03-28,recovery,1,54,-0.0141246751493469,0.067513286078486,0.05382446603319377,0.12133775211167977,1.203706828266913,-0.11167188015310658,1.325413458920312,0.0004782495034367784,-0.003772623553088661,-0.08537423336245809,0.1525204579888722
ftse_100,FTSE 100,61,2023-03-23,2023-03-30,recovery,1,14,0.016111525948050653,0.030224656216575857,0.07508484870302984,0.1053095049196057,1.2973380305377407,-0.06422386955333648,0.8961446087313679,0.01201519790386385,-0.16109989588671028,-0.07669802137269954,0.04240131970471096
russell_2000,Russell 2000,94,2023-11-03,2023-11-10,recovery,1,19,-0.0314477196569547,0.08246573793144733,0.03348430360149046,0.1159500415329378,1.151724074262811,-0.12104753442027172,0.7526471527814864,0.07288281194593083,0.006917037088754824,-0.05024928428154585,0.13637987581549013
nikkei_225,Nikkei 225,176,2024-05-02,2024-05-13,recovery,1,41,-0.0014805391872124707,0.04791720738941252,0.057620674888314856,0.10553788227772737,1.094446630829234,-0.06486822800484149,0.9921545161365363,-0.005841509306401704,-0.08447809486223432,-0.06413319099433501,0.08583290470967854
russell_2000,Russell 2000,95,2024-08-12,2024-08-19,recovery,1,9,0.05112313780260713,0.017187871349180234,0.13806442217760923,0.15525229352678946,1.5365213132288515,-0.08905449999337367,0.7997579122889328,0.011177223774485157,-0.08003747228913854,-0.10236947620531289,0.004125155043917835
nikkei_225,Nikkei 225,178,2024-09-12,2024-09-20,recovery,1,9,0.024180313070221837,0.035143266409502126,0.09968305058987051,0.13482631699937264,1.3968936522661346,-0.127670221831081,1.105701914749923,0.004794651638993841,-0.021002618949907348,-0.0675554855169036,0.03517737706263164
russell_2000,Russell 2000,96,2025-01-03,2025-01-13,relapse,0,38,-0.03265196365832468,0.07879466414733838,0.02607510969132911,0.1048697738386675,1.0345468644496492,-0.07107201795227758,0.8982584851455636,-0.005153177390969432,0.07719460600797158,-0.07035395228579144,0.15027747300541971
russell_2000,Russell 2000,97,2025-03-17,2025-03-24,relapse,0,13,0.019846929648557055,0.03124684236307594,0.08487536675427176,0.1161222091173477,1.145936785004472,-0.1530284230742457,1.032022790683568,0.024104509024904353,-0.003032368804903096,-0.055487490652233795,0.033878155587575905
nikkei_225,Nikkei 225,179,2025-04-15,2025-04-22,recovery,1,42,-0.0013698094464907884,0.12474463227505872,0.15565269233532292,0.28039732461038164,2.9048064481873945,-0.1492911326287526,1.4147681904359146,0.037309849464692846,-0.016046722146338066,-0.1344554408881269,0.01123086680081392
ftse_100,FTSE 100,62,2025-04-14,2025-04-23,recovery,1,24,0.033050007744943155,0.03743104526117125,0.12275316611636147,0.16018421137753272,2.0067771216258277,-0.0830734130584998,1.2045735169628646,0.0546041842126499,-0.012110001340608523,-0.11419592741263074,0.0
russell_2000,Russell 2000,98,2025-04-17,2025-04-25,recovery,1,16,0.04094394401846202,0.06602757811384904,0.17708951764140335,0.2431170957552524,2.3924093203641585,-0.22989480063717493,0.33235387019852797,0.026526268335048897,-0.6813561778421547,-0.13353139262452274,0.024187034632030098
spy,SPY,48,2025-04-17,2025-04-25,recovery,1,17,0.04602881984931062,0.06486354058964407,0.1871645513170711,0.25202809190671516,2.8463500660240912,-0.1385744016944428,0.4257732882076654,0.0034824656238408,-0.6789300781246761,-0.122124144751101,0.026602503375129313
