model,group,horizon,n_samples,n_forecasts,rmse,qlike,mz_alpha,mz_beta,mz_r2,fold
esn_direct_tuned,Transition,path,72,720,0.588769364434576,1.6632243632466617,0.42676512702666386,1.0309610334151564,0.1612242288736443,4
esn_direct_tuned,L1,path,24,240,0.7598355213037923,3.123280953525624,-0.5718766605104582,0.7622150148726802,0.09148876255863714,4
esn_direct_tuned,L5,path,24,240,0.5681191790543964,1.5128894596262679,0.5839651539884476,1.062203185196713,0.17735519381269194,4
esn_direct_tuned,L10,path,24,240,0.3739500935227008,0.35350267658809303,0.9818033599764135,1.2076747368885115,0.3613683007781143,4
esn_direct_tuned,Controls,path,216,2160,0.4489207719601517,0.5231934529743079,3.067515575050025,1.6653505294436717,0.49027895148229206,4
esn_direct_tuned,Pooled,path,288,2880,0.4876573958704487,0.8082011805423964,2.2636000090903834,1.4751117726070007,0.35651984703147677,4
esn_shuffled_tuned,Transition,path,72,720,0.5876421587013926,1.628936452029159,1.0074592214632803,1.1538395413401508,0.16404938019255766,4
esn_shuffled_tuned,L1,path,24,240,0.7652722842631412,3.150198617044895,-0.04418841060078449,0.8716530979220677,0.09599686491719706,4
esn_shuffled_tuned,L5,path,24,240,0.5551011396312561,1.3855624704754064,1.4967182422702818,1.2576661625583903,0.20896050775115416,4
esn_shuffled_tuned,L10,path,24,240,0.377082187020884,0.35104826856717575,1.6909250057747787,1.358126866037669,0.36534193190663933,4
esn_shuffled_tuned,Controls,path,216,2160,0.46568475911458007,0.5861769543274638,3.932321130276605,1.8521917090023665,0.4684812019820961,4
esn_shuffled_tuned,Pooled,path,288,2880,0.49897650027282,0.8468668287528875,2.9179229931310915,1.6160393056697249,0.33551399589275055,4
garch_1_1_t,Transition,path,72,720,0.5616157816744348,0.9651579840905729,-2.1387752977688925,0.5282212707996753,0.12219766750547012,4
garch_1_1_t,L1,path,24,240,0.5955253229045399,1.6313693704833552,-1.9227551131773917,0.5097592441494322,0.10962139038471586,4
garch_1_1_t,L5,path,24,240,0.5204523582186432,0.8285950032961265,-1.8711891036502548,0.5890535522399782,0.1589766040509072,4
garch_1_1_t,L10,path,24,240,0.5663177476306531,0.4355095784922367,-2.1337898765134744,0.597186220132799,0.2672376047418108,4
garch_1_1_t,Controls,path,216,2160,0.6014568736241629,0.4714215430203795,-0.31887999145425105,1.0236016875489127,0.45264707619887956,4
garch_1_1_t,Pooled,path,288,2880,0.5917481302706084,0.5948556532879277,-0.8888397288710757,0.8719365419013957,0.3159449776833869,4
har,Transition,path,72,720,0.597242947328039,1.7963579017125908,-0.714067668647903,0.7900962413166414,0.14609729773923352,4
har,L1,path,24,240,0.770780857504562,3.338094036006161,-1.3885503380401456,0.5894678845422011,0.0746765687058758,4
har,L5,path,24,240,0.5807507943499289,1.6951165900260952,-0.7703305618491,0.7767383190516207,0.15014276239378566,4
har,L10,path,24,240,0.37245509657636156,0.35586307910551696,-0.3266571747114206,0.9316218874394628,0.35774841475749797,4
har,Controls,path,216,2160,0.42548779198404935,0.4565267018544585,1.6192836767052545,1.352763674234233,0.5020170669330392,4
har,Pooled,path,288,2880,0.47429387554433694,0.7914845018189915,1.0265225396211606,1.209365637171784,0.36974179979848887,4
persistence,Transition,path,72,720,0.7138955795621847,2.898271911037588,-3.0545361618853932,0.29352908445295617,0.044980228232730624,4
persistence,L1,path,24,240,0.8269470516569236,4.2760180652739415,-1.9658031836204712,0.46203956766011917,0.09122160427424664,4
persistence,L5,path,24,240,0.7674409428377198,3.627639558348957,-3.9678542491825533,0.10277500399286824,0.005367589439832732,4
persistence,L10,path,24,240,0.5060965012401851,0.7911581094898653,-2.8208976314738257,0.4058984325610606,0.16582119156230535,4
persistence,Controls,path,216,2160,0.5152230182906287,0.7925395567798247,-1.4226349668509106,0.6962535554803908,0.2648941410564123,4
persistence,Pooled,path,288,2880,0.5714042295625629,1.3189726453442654,-1.821992927032796,0.5970936570948028,0.18373945483868925,4
sequence_ridge,Transition,path,72,720,0.5946295653315927,1.73347170077165,-0.1409031566035284,0.9096401566212069,0.157252493622008,4
sequence_ridge,L1,path,24,240,0.7790873956706592,3.374509757548557,-0.9499690885748939,0.6792263899479414,0.08756579065206194,4
sequence_ridge,L5,path,24,240,0.5625707375876702,1.4835330463434824,0.25299791433140956,0.9925844809413635,0.19897261484027895,4
sequence_ridge,L10,path,24,240,0.37052659151063744,0.34237229842290995,0.3615270963889968,1.075879445874675,0.364272584634901,4
sequence_ridge,Controls,path,216,2160,0.4407778402987225,0.49603943020941405,2.6336397381302232,1.5720432060733713,0.4984594359151133,4
sequence_ridge,Pooled,path,288,2880,0.4838490553524046,0.805397497849973,1.7561397718120442,1.3661151076059126,0.3564481370103474,4
esn_direct_tuned,Transition,path,85,850,0.5845509905399208,1.5827967377897367,1.375336566332971,1.2306588182245368,0.22468051062933447,5
esn_direct_tuned,L1,path,29,290,0.6994594600227402,2.5570971690366577,1.089741086114278,1.1128713550756515,0.24293533907221,5
esn_direct_tuned,L5,path,28,280,0.5847378739304453,1.739951045173813,2.119269342447852,1.3851789665838308,0.2675134166345453,5
esn_direct_tuned,L10,path,28,280,0.4343595828472607,0.4165455551856355,1.232618564564633,1.2618506574805188,0.32108212002047465,5
esn_direct_tuned,Controls,path,253,2530,0.47321546444426743,0.6129869057110752,1.5466086692541745,1.3456962026400954,0.3149211097267224,5
esn_direct_tuned,Pooled,path,338,3380,0.5035363278782463,0.8568739936598511,1.634324474780318,1.3438422387939482,0.273074221277099,5
esn_shuffled_tuned,Transition,path,85,850,0.5905900852201079,1.62002084077712,1.4930931813544768,1.2560992075514261,0.19864670765137205,5
esn_shuffled_tuned,L1,path,29,290,0.7018422190441838,2.6018526227733636,1.0080231136399451,1.0975875236731485,0.19917645744530776,5
esn_shuffled_tuned,L5,path,28,280,0.5928839490900507,1.8031974651131464,2.332963462793048,1.4286811341411478,0.24652040684137722,5
esn_shuffled_tuned,L10,path,28,280,0.44402799435519746,0.41994701365927023,1.5109822722900106,1.3216434792378984,0.2954896143308777,5
esn_shuffled_tuned,Controls,path,253,2530,0.4814728427704654,0.6372468262786345,1.864007705534629,1.4105283643844906,0.2899978084466738,5
esn_shuffled_tuned,Pooled,path,338,3380,0.5111108334654132,0.884394137617011,1.968823320734021,1.412719560983468,0.2541234339745375,5
garch_1_1_t,Transition,path,85,850,0.55762120921578,0.7969065404772926,-1.4995766051825385,0.6829694872374478,0.16017247874784335,5
garch_1_1_t,L1,path,29,290,0.5173199485471803,1.016982981358621,-1.329421929773413,0.657279112160003,0.19070940117158952,5
garch_1_1_t,L5,path,28,280,0.5674105347294327,0.9051808516217672,-1.4617827577326692,0.6913027716031793,0.16271343216776402,5
garch_1_1_t,L10,path,28,280,0.5871939974702519,0.4606959155628704,-1.4200423954446701,0.7668301790254867,0.26720656842495194,5
garch_1_1_t,Controls,path,253,2530,0.6411234527095696,0.6431508634224958,-1.1532995029267061,0.8424719826001749,0.26014423943987974,5
garch_1_1_t,Pooled,path,338,3380,0.6211817291922783,0.6818172319126073,-1.1220947187947135,0.828774391391165,0.2249154200821034,5
har,Transition,path,85,850,0.594346128793838,1.672963757645021,0.5600477995561158,1.0565988048863837,0.22235623910266533,5
har,L1,path,29,290,0.7179014559866257,2.756308109886852,0.5422780081341789,0.9942122452405162,0.25635707674219266,5
har,L5,path,28,280,0.5920995579000017,1.785498648849995,1.3008432489195494,1.2095527253617844,0.26671102988703455,5
har,L10,path,28,280,0.4335747148203959,0.43839364447529405,0.20832826725809753,1.0450125494851346,0.30694120037448236,5
har,Controls,path,253,2530,0.4634080846159298,0.6015435430193762,0.7597467388427137,1.179514892192648,0.31925976955643576,5
har,Pooled,path,338,3380,0.4995768228428458,0.8709835378216834,0.7667335069015455,1.1604189753032481,0.26960267067272037,5
persistence,Transition,path,85,850,0.7143200968069039,2.959816601132804,-2.7829474842986284,0.366024745920947,0.08984760145090487,5
persistence,L1,path,29,290,0.7724244113009442,3.36258522586555,-1.8458573361351176,0.5021514060662147,0.21127467588887083,5
persistence,L5,path,28,280,0.7461002907612374,4.480317925605418,-2.615948154444873,0.3929936129094067,0.08131215851081275,5
persistence,L10,path,28,280,0.6118572244516312,1.0221620581869886,-3.298765431007453,0.32445338998895085,0.11228951701110035,5
persistence,Controls,path,253,2530,0.5403288400917605,0.9779273718087649,-2.4380895659106447,0.5193972666554258,0.20052243538532188,5
persistence,Pooled,path,338,3380,0.5889419901028234,1.47633146794055,-2.5147216738148046,0.48296320185556696,0.15277459525146952,5
sequence_ridge,Transition,path,85,850,0.5979364714299449,1.6989376481786551,0.7278385843257014,1.0927833683403125,0.19922905069155572,5
sequence_ridge,L1,path,29,290,0.7197955080212088,2.763380710769658,0.42112579429077207,0.9712892829213247,0.20227838665341957,5
sequence_ridge,L5,path,28,280,0.5993141883468812,1.869405901498357,1.2453247749110234,1.1989729946281429,0.23604023560861476,5
sequence_ridge,L10,path,28,280,0.4353918802581131,0.42601050860398626,0.8332541761704677,1.1758286223865932,0.30829943379172353,5
sequence_ridge,Controls,path,253,2530,0.46675837261258607,0.6097910838110439,1.0620825162314003,1.2397934198007865,0.3072963581509851,5
sequence_ridge,Pooled,path,338,3380,0.5029772800779446,0.8836888884597035,1.1315486124476954,1.2345082470924977,0.26366032275671536,5
esn_direct_tuned,Transition,path,150,1500,0.5372236123602522,1.152198269961519,-1.2873781926456482,0.6830369214447151,0.09750897218446919,6
esn_direct_tuned,L1,path,51,510,0.6386257126668045,1.9425195152455221,0.23339291277444915,0.9532224124179436,0.16827739974061628,6
esn_direct_tuned,L5,path,51,510,0.507124613801014,1.0685276173498757,-0.5831361627962732,0.8350645947386391,0.149974222870075,6
esn_direct_tuned,L10,path,48,480,0.44195245164466823,0.4013820152471364,-1.679170745477716,0.6575392702162193,0.1467669947623419,6
esn_direct_tuned,Controls,path,434,4340,0.4534383555457738,0.6454766744483078,0.8924563216482475,1.193850475702547,0.2774724462841478,6
esn_direct_tuned,Pooled,path,584,5840,0.4763670558716083,0.7756277691862901,0.19150385550594717,1.0311034176176588,0.20946948497587303,6
esn_shuffled_tuned,Transition,path,150,1500,0.5276297355706683,1.1013038358373173,-1.0660982279473374,0.7332544798358694,0.10814010730999757,6
esn_shuffled_tuned,L1,path,51,510,0.6223350426051415,1.844696724330073,-0.17109386534303553,0.8722560661695675,0.14558350496058836,6
esn_shuffled_tuned,L5,path,51,510,0.5053942675621761,1.037994305937074,-0.6824060967042518,0.8166919887061416,0.13484713395712977,6
esn_shuffled_tuned,L10,path,48,480,0.4325321004673229,0.3787152673327733,-1.3792588417024074,0.7225476978537645,0.1699848467968954,6
esn_shuffled_tuned,Controls,path,434,4340,0.45807531557935544,0.6814564221442765,0.9784136838249171,1.212985293409467,0.26325230335869265,6
esn_shuffled_tuned,Pooled,path,584,5840,0.4769094469008505,0.7892939427846123,0.3327159297927116,1.0629786701377684,0.20651548644971407,6
garch_1_1_t,Transition,path,150,1500,0.5773584995773411,0.6487559014312484,-2.5177413489878133,0.4568009007657501,0.08313681409415252,6
garch_1_1_t,L1,path,51,510,0.47391730468344767,0.7296180436446408,-1.5392661879156007,0.6267284878613579,0.147254058087805,6
garch_1_1_t,L5,path,51,510,0.5576827128346504,0.6409441705304345,-2.398486916579478,0.48579793359391804,0.0993675332069549,6
garch_1_1_t,L10,path,48,480,0.6874687408288223,0.5711398394116343,-2.7898611736434917,0.4551285375606129,0.1278859877204246,6
garch_1_1_t,Controls,path,434,4340,0.6417686980035792,0.5903014025327699,-1.4645565827568234,0.7497656570545262,0.19000033890043488,6
garch_1_1_t,Pooled,path,584,5840,0.6258579458678754,0.6053154005375161,-1.865880185605406,0.6423551597048445,0.14523122711587766,6
har,Transition,path,150,1500,0.5472237594069731,1.202267772145431,-1.6901293484646462,0.5950740061731863,0.09007591127751857,6
har,L1,path,51,510,0.6487237433445672,2.0186182245902806,0.07508498248418916,0.91628180836916,0.17366629154329338,6
har,L5,path,51,510,0.5129636504726274,1.1069648390698343,-0.8477693102027776,0.7761919243634317,0.15007063178341207,6
har,L10,path,48,480,0.4572424624123658,0.4361547828155992,-2.1846302502479804,0.5477550537043571,0.13467144563385236,6
har,Controls,path,434,4340,0.45454981360951857,0.6252154593715646,0.24610888132987155,1.05418483361726,0.2672827529888012,6
har,Pooled,path,584,5840,0.4800635263571959,0.7734309506662219,-0.39482717283556157,0.9039970464248015,0.1985941097896341,6
persistence,Transition,path,150,1500,0.6903436517534708,2.2146205325686528,-3.2163137330735276,0.2591021896240069,0.04921521290419906,6
persistence,L1,path,51,510,0.7394412636635688,2.645652115147986,-1.5958865123947938,0.5485533897109041,0.12785853594099894,6
persistence,L5,path,51,510,0.6584379663796189,2.2903159324089195,-2.7651715658453173,0.3532614496187626,0.09262511539984553,6
persistence,L10,path,48,480,0.6691123284892694,1.6762231137478285,-4.128546281920893,0.1201264388602327,0.022119576399210583,6
persistence,Controls,path,434,4340,0.5502586651396155,1.037749961665784,-2.426675699235622,0.4636909056956907,0.1624512794184847,6
persistence,Pooled,path,584,5840,0.5894254652750964,1.3400283617264523,-2.698768133352645,0.39548412535174055,0.11702224768732972,6
sequence_ridge,Transition,path,150,1500,0.5287444025342884,1.0898027248789657,-1.4486535634633815,0.652106672006302,0.10599101701373703,6
sequence_ridge,L1,path,51,510,0.6198497881121559,1.8146107171319328,-0.35219114800286266,0.8340264502139543,0.14473588803356008,6
sequence_ridge,L5,path,51,510,0.5028303822414675,1.0235172271127952,-1.092281661326809,0.7306854269304338,0.13680792587842028,6
sequence_ridge,L10,path,48,480,0.4436105807317621,0.39012257448674414,-1.8048068717156667,0.6319406562988098,0.1724047413382107,6
sequence_ridge,Controls,path,434,4340,0.4526404718998447,0.6076713772673871,0.3499903667169667,1.081675363958175,0.2761547228851219,6
sequence_ridge,Pooled,path,584,5840,0.473356910677745,0.7315064836744706,-0.21418200318651565,0.9482936876478496,0.21352962298720612,6
esn_direct_tuned,Transition,path,123,1230,0.6359486318055495,2.0934950673061676,-0.2575481960179101,0.8863435845373092,0.11016816769503124,7
esn_direct_tuned,L1,path,41,410,0.808940197298925,3.8341532395398468,-0.8540168861965037,0.7001196861440586,0.07591977541785755,7
esn_direct_tuned,L5,path,41,410,0.6212322838494607,1.9953516127599575,-0.14275713020852102,0.9078922578210497,0.1264461386483976,7
esn_direct_tuned,L10,path,41,410,0.4159064721583574,0.45098034961869743,0.32433833938267026,1.0717588684707258,0.2557785392210852,7
esn_direct_tuned,Controls,path,369,3690,0.47378679787515265,0.4381825565368259,0.6273529469981421,1.1519945994438372,0.22842884642993688,7
esn_direct_tuned,Pooled,path,492,4920,0.5190983653937187,0.8520106842291613,0.4523517305164101,1.095114956144463,0.175003040000264,7
esn_shuffled_tuned,Transition,path,123,1230,0.6339831632845958,2.083414565475814,-0.2839439710978741,0.8832748183710224,0.0958566862705984,7
esn_shuffled_tuned,L1,path,41,410,0.8044617800495454,3.834586503787653,-1.2192005830551795,0.6270262040751372,0.05221015730832557,7
esn_shuffled_tuned,L5,path,41,410,0.6170962881825627,1.9581989203608243,0.02134660519035691,0.9439604455625275,0.11770022187473439,7
esn_shuffled_tuned,L10,path,41,410,0.42170768256678465,0.4574582722789661,0.38275131776520743,1.0866062599966428,0.23872331546316894,7
esn_shuffled_tuned,Controls,path,369,3690,0.48058235441009683,0.4459428268497125,0.8216486943958201,1.1944362012642622,0.2162874630523216,7
esn_shuffled_tuned,Pooled,path,492,4920,0.5231665245023324,0.8553107615062379,0.6143370747185397,1.1309239422476065,0.164183198288819,7
garch_1_1_t,Transition,path,123,1230,0.5841800649784711,1.0312463748411518,-1.9540563454729163,0.5806967257642058,0.0941520504562342,7
garch_1_1_t,L1,path,41,410,0.6121658836901294,1.7169176886495074,-1.9924048799084437,0.5016426790339006,0.0749056356496478,7
garch_1_1_t,L5,path,41,410,0.5531512291465447,0.9008071009583642,-1.6597345321501837,0.644168210201496,0.1270756765392318,7
garch_1_1_t,L10,path,41,410,0.5857266371732653,0.4760143349155841,-1.808947598706397,0.685429813135175,0.2133705276544432,7
garch_1_1_t,Controls,path,369,3690,0.6609185772809031,0.5474822587477969,-1.6145456040581891,0.7446421613250228,0.1617661706327005,7
garch_1_1_t,Pooled,path,492,4920,0.6425936596526786,0.6684232877711357,-1.6353056671821362,0.7179088075283896,0.13342555497626007,7
har,Transition,path,123,1230,0.6500290210455371,2.2659686993817263,-0.871997988240948,0.7572773866807851,0.1042495369250066,7
har,L1,path,41,410,0.8288491831369116,4.153026721380853,-1.4354727056213652,0.5788418169805356,0.06695889157982104,7
har,L5,path,41,410,0.6352216561922799,2.177565553090477,-0.5217277068742869,0.8258151330428432,0.12966365940722535,7
har,L10,path,41,410,0.4208511182376367,0.4673138236738483,-0.5581078384642176,0.887789472727757,0.23800414250990243,7
har,Controls,path,369,3690,0.471748365849681,0.4386655281279695,-0.05982941624848799,1.0097100520359001,0.2244635455573597,7
har,Pooled,path,492,4920,0.5220577770340542,0.8954913209414087,-0.30891701537991456,0.9371623127056578,0.16447874884328828,7
persistence,Transition,path,123,1230,0.7374119645725308,3.224885698078426,-2.9221545855140008,0.3355343397814944,0.049068037119956665,7
persistence,L1,path,41,410,0.8958066840487552,5.36615235983839,-2.105838614067998,0.43603471914874464,0.07407914490359979,7
persistence,L5,path,41,410,0.7542199395614128,3.3676554782703993,-3.3394797851892677,0.2518164701941202,0.04507457639623669,7
persistence,L10,path,41,410,0.5099136045113043,0.9408492561264907,-2.950787594661014,0.39232441269019114,0.07172758448628047,7
persistence,Controls,path,369,3690,0.5548320300091444,0.7720021776286511,-3.060919583928487,0.39208029287483814,0.08864697891457318,7
persistence,Pooled,path,492,4920,0.6056591760361028,1.3852230577410949,-3.012250601603163,0.38077202331974763,0.06952664145563014,7
sequence_ridge,Transition,path,123,1230,0.6403099806441662,2.1617158822522224,-0.5608570512042675,0.82340163706762,0.10584608252671268,7
sequence_ridge,L1,path,41,410,0.8148548694008683,3.9544199937922695,-1.2186995098871358,0.6250809108157231,0.06576981015724281,7
sequence_ridge,L5,path,41,410,0.6256404453858601,2.069859276979981,-0.3280252356818969,0.8687255737312547,0.12463387897355305,7
sequence_ridge,L10,path,41,410,0.4178231549934427,0.460868375984417,-0.1566267706238981,0.9722257968515536,0.24696193863457683,7
sequence_ridge,Controls,path,369,3690,0.47449910678646984,0.4409793908782791,0.17859298048837294,1.060785805801013,0.22487359538790452,7
sequence_ridge,Pooled,path,492,4920,0.5209234776663473,0.871163513721765,-0.008185242114628141,1.001050279463566,0.16791096222237167,7
esn_direct_tuned,Transition,path,90,900,0.6637308131771018,2.179725793956924,0.3899268270374952,1.0244667926535431,0.15787523686763394,8
esn_direct_tuned,L1,path,30,300,0.7891796383633444,3.453178187713188,1.2453455003687717,1.1357937912528417,0.20703654353363654,8
esn_direct_tuned,L5,path,30,300,0.6756680338179614,2.364897636965433,0.6144858605887557,1.0659893300192271,0.17935909064877187,8
esn_direct_tuned,L10,path,30,300,0.49222350975088713,0.7211015571921503,0.10755520651773709,1.0337718394367899,0.2292470015120418,8
esn_direct_tuned,Controls,path,270,2700,0.5049020179913669,0.5906143785768477,0.27277240876706427,1.0885288087493934,0.25386004536827145,8
esn_direct_tuned,Pooled,path,360,3600,0.5489345898365308,0.9878922324218666,0.4954580705206319,1.1117972269084364,0.21416214680284473,8
esn_shuffled_tuned,Transition,path,90,900,0.6655570633444432,2.2424205506797397,0.48661608528195,1.0454013334828631,0.14539287226451625,8
esn_shuffled_tuned,L1,path,30,300,0.7884597045176438,3.5346244466607764,0.9712010163359448,1.0830670470641932,0.16633050781240288,8
esn_shuffled_tuned,L5,path,30,300,0.6786520097514904,2.4407002395126742,0.8065404380932587,1.107027072144862,0.16049030812944254,8
esn_shuffled_tuned,L10,path,30,300,0.4966501361272845,0.7519369658657691,0.06279864768769694,1.023689547906435,0.21339491036743474,8
esn_shuffled_tuned,Controls,path,270,2700,0.5095146102517806,0.6026916889281,0.44625198516886466,1.123756325331547,0.24028634737537236,8
esn_shuffled_tuned,Pooled,path,360,3600,0.5526711542019701,1.01262390436601,0.7063954322572493,1.1549889439016263,0.2053691682725569,8
garch_1_1_t,Transition,path,90,900,0.6425956490171925,0.9881661860621354,-1.6080006816098105,0.6742849021062993,0.1325931723837518,8
garch_1_1_t,L1,path,30,300,0.5605293454808528,1.181941343781377,-0.5309932085189865,0.8457346878410821,0.22068462632579167,8
garch_1_1_t,L5,path,30,300,0.6474048593286863,1.0963188559683446,-1.5717196413489432,0.6766716641351785,0.1353181556309857,8
garch_1_1_t,L10,path,30,300,0.7109580194216047,0.6862383584366847,-2.118559886097874,0.6336156264677348,0.1742394287200527,8
garch_1_1_t,Controls,path,270,2700,0.7499777128448182,0.7059981622109618,-1.797220673037221,0.7288254904699403,0.2397810083245201,8
garch_1_1_t,Pooled,path,360,3600,0.724625571834803,0.7765401681737552,-1.6274289405884457,0.7423396011482679,0.1970810850868997,8
har,Transition,path,90,900,0.6630522094516088,2.190711764288863,0.06385381428063724,0.9576316047731998,0.1627765763247494,8
har,L1,path,30,300,0.778578455447197,3.302248975933004,0.9667419875454669,1.0814494676353525,0.21903247552620064,8
har,L5,path,30,300,0.6832216501820422,2.4898307065255616,0.15194097320132138,0.9691605308506807,0.17359446452693494,8
har,L10,path,30,300,0.49592183135244716,0.7800556104080236,-0.4553589598103941,0.9181162325777664,0.21778234274883435,8
har,Controls,path,270,2700,0.5052492137193167,0.5798764985084663,-0.1550752698879778,1.003761220747474,0.26102338762192157,8
har,Pooled,path,360,3600,0.5489691558618351,0.9825853149535657,0.008849332874696029,1.0144291854940481,0.21388405779819242,8
persistence,Transition,path,90,900,0.781148472828447,3.3464163391752706,-2.8208462908563656,0.3650522318055791,0.06424915647896923,8
persistence,L1,path,30,300,0.884466911936979,4.816839125328328,-1.5385240800860824,0.5608326345253277,0.13958801967411338,8
persistence,L5,path,30,300,0.8335086408395704,3.97845332336058,-3.190623225821649,0.28952102944061336,0.06254394884610504,8
persistence,L10,path,30,300,0.5946094828886277,1.2439565688369048,-3.254588186143377,0.3392155380987642,0.04763895419522701,8
persistence,Controls,path,270,2700,0.5825483361919228,0.8715210837312228,-2.843997032812784,0.45422087323364907,0.13786791339960636,8
persistence,Pooled,path,360,3600,0.6380204990049589,1.4902448975922347,-2.845583525388121,0.4304404308398764,0.1005247313529225,8
sequence_ridge,Transition,path,90,900,0.6626538243305443,2.1867985949046127,0.11684045416197238,0.968840913313441,0.16119311329049146,8
sequence_ridge,L1,path,30,300,0.7845900409893053,3.3918713681338475,1.0005902468166623,1.087256445850269,0.20860921130587762,8
sequence_ridge,L5,path,30,300,0.6767822077193416,2.40897064542749,0.3286315739950261,1.007795396436837,0.17518129286039796,8
sequence_ridge,L10,path,30,300,0.49367457256235275,0.7595537711524998,-0.44711563313315544,0.9193994763958068,0.22421364818465728,8
sequence_ridge,Controls,path,270,2700,0.4970297059565514,0.5949928302507199,0.13548636702264774,1.058750450369596,0.26913738826139133,8
sequence_ridge,Pooled,path,360,3600,0.5431909601396325,0.9929442714141932,0.3465772661214451,1.0800902339584038,0.22789225760501697,8
