episode_id,metric,pre_entry,early_residence,difference,ratio
1,return_sign_switch_rate,0.5263157894736842,0.5714285714285714,0.045112781954887216,1.0857142857142856
2,return_sign_switch_rate,0.5294117647058824,0.4166666666666667,-0.11274509803921567,0.7870370370370371
4,return_sign_switch_rate,0.5789473684210527,0.5,-0.07894736842105265,0.8636363636363636
5,return_sign_switch_rate,0.5263157894736842,0.3684210526315789,-0.15789473684210525,0.7
6,return_sign_switch_rate,0.5263157894736842,0.3684210526315789,-0.15789473684210525,0.7
7,return_sign_switch_rate,0.3684210526315789,0.47368421052631576,0.10526315789473684,1.2857142857142858
8,return_sign_switch_rate,0.3684210526315789,0.5789473684210527,0.21052631578947373,1.5714285714285716
10,return_sign_switch_rate,0.631578947368421,0.5,-0.13157894736842102,0.7916666666666667
11,return_sign_switch_rate,0.5263157894736842,0.4444444444444444,-0.08187134502923976,0.8444444444444444
12,return_sign_switch_rate,0.631578947368421,0.4,-0.231578947368421,0.6333333333333334
13,return_sign_switch_rate,0.5789473684210527,0.5263157894736842,-0.052631578947368474,0.909090909090909
14,return_sign_switch_rate,0.6842105263157895,0.42857142857142855,-0.25563909774436094,0.6263736263736264
15,return_sign_switch_rate,0.5263157894736842,0.7142857142857143,0.18796992481203012,1.3571428571428572
16,return_sign_switch_rate,0.6842105263157895,0.5263157894736842,-0.1578947368421053,0.7692307692307692
17,return_sign_switch_rate,0.47368421052631576,0.5789473684210527,0.10526315789473689,1.2222222222222223
18,return_sign_switch_rate,0.6842105263157895,0.631578947368421,-0.052631578947368474,0.923076923076923
20,return_sign_switch_rate,0.5789473684210527,0.47368421052631576,-0.10526315789473689,0.8181818181818181
21,return_sign_switch_rate,0.47368421052631576,0.5,0.026315789473684237,1.0555555555555556
22,return_sign_switch_rate,0.47368421052631576,0.5789473684210527,0.10526315789473689,1.2222222222222223
23,return_sign_switch_rate,0.42105263157894735,0.631578947368421,0.21052631578947367,1.5
24,return_sign_switch_rate,0.631578947368421,0.6842105263157895,0.052631578947368474,1.0833333333333335
25,return_sign_switch_rate,0.42105263157894735,0.5333333333333333,0.11228070175438598,1.2666666666666668
26,return_sign_switch_rate,0.6842105263157895,0.38461538461538464,-0.29959514170040485,0.5621301775147929
27,return_sign_switch_rate,0.6842105263157895,0.5789473684210527,-0.10526315789473684,0.8461538461538461
28,return_sign_switch_rate,0.5263157894736842,0.5454545454545454,0.019138755980861233,1.0363636363636364
29,return_sign_switch_rate,0.47368421052631576,0.47368421052631576,0.0,1.0
30,return_sign_switch_rate,0.5263157894736842,0.42105263157894735,-0.10526315789473684,0.8
31,return_sign_switch_rate,0.42105263157894735,0.8,0.3789473684210527,1.9000000000000001
32,return_sign_switch_rate,0.47368421052631576,0.5,0.026315789473684237,1.0555555555555556
33,return_sign_switch_rate,0.47368421052631576,0.5789473684210527,0.10526315789473689,1.2222222222222223
34,return_sign_switch_rate,0.631578947368421,0.5789473684210527,-0.05263157894736836,0.9166666666666667
35,return_sign_switch_rate,0.631578947368421,0.3684210526315789,-0.2631578947368421,0.5833333333333334
36,return_sign_switch_rate,0.631578947368421,0.5789473684210527,-0.05263157894736836,0.9166666666666667
37,return_sign_switch_rate,0.4444444444444444,0.47368421052631576,0.029239766081871343,1.0657894736842106
38,return_sign_switch_rate,0.3157894736842105,0.375,0.05921052631578949,1.1875
39,return_sign_switch_rate,0.6842105263157895,0.6842105263157895,0.0,1.0
40,return_sign_switch_rate,0.47368421052631576,0.6842105263157895,0.21052631578947373,1.4444444444444446
41,return_sign_switch_rate,0.42105263157894735,0.6,0.17894736842105263,1.425
42,return_sign_switch_rate,0.5263157894736842,0.4375,-0.08881578947368418,0.83125
43,return_sign_switch_rate,0.5789473684210527,0.6842105263157895,0.10526315789473684,1.1818181818181819
44,return_sign_switch_rate,0.5263157894736842,0.3684210526315789,-0.15789473684210525,0.7
45,return_sign_switch_rate,0.4444444444444444,0.5,0.05555555555555558,1.125
46,return_sign_switch_rate,0.42105263157894735,0.25,-0.17105263157894735,0.59375
47,return_sign_switch_rate,0.42105263157894735,0.5625,0.14144736842105265,1.3359375
48,return_sign_switch_rate,0.42105263157894735,0.3333333333333333,-0.08771929824561403,0.7916666666666666
1,repair_sign_switch_rate,0.5263157894736842,0.5714285714285714,0.045112781954887216,1.0857142857142856
2,repair_sign_switch_rate,0.5625,0.4166666666666667,-0.14583333333333331,0.7407407407407408
4,repair_sign_switch_rate,0.5789473684210527,0.5,-0.07894736842105265,0.8636363636363636
5,repair_sign_switch_rate,0.5,0.3684210526315789,-0.13157894736842107,0.7368421052631579
6,repair_sign_switch_rate,0.5263157894736842,0.3684210526315789,-0.15789473684210525,0.7
7,repair_sign_switch_rate,0.3684210526315789,0.47368421052631576,0.10526315789473684,1.2857142857142858
8,repair_sign_switch_rate,0.3684210526315789,0.5789473684210527,0.21052631578947373,1.5714285714285716
10,repair_sign_switch_rate,0.631578947368421,0.5,-0.13157894736842102,0.7916666666666667
11,repair_sign_switch_rate,0.5263157894736842,0.4444444444444444,-0.08187134502923976,0.8444444444444444
12,repair_sign_switch_rate,0.631578947368421,0.4,-0.231578947368421,0.6333333333333334
13,repair_sign_switch_rate,0.5789473684210527,0.5263157894736842,-0.052631578947368474,0.909090909090909
14,repair_sign_switch_rate,0.6842105263157895,0.42857142857142855,-0.25563909774436094,0.6263736263736264
15,repair_sign_switch_rate,0.5263157894736842,0.7142857142857143,0.18796992481203012,1.3571428571428572
16,repair_sign_switch_rate,0.6842105263157895,0.42105263157894735,-0.26315789473684215,0.6153846153846153
17,repair_sign_switch_rate,0.47368421052631576,0.5789473684210527,0.10526315789473689,1.2222222222222223
18,repair_sign_switch_rate,0.6842105263157895,0.631578947368421,-0.052631578947368474,0.923076923076923
20,repair_sign_switch_rate,0.5789473684210527,0.47368421052631576,-0.10526315789473689,0.8181818181818181
21,repair_sign_switch_rate,0.47368421052631576,0.5,0.026315789473684237,1.0555555555555556
22,repair_sign_switch_rate,0.47368421052631576,0.5789473684210527,0.10526315789473689,1.2222222222222223
23,repair_sign_switch_rate,0.42105263157894735,0.631578947368421,0.21052631578947367,1.5
24,repair_sign_switch_rate,0.631578947368421,0.6842105263157895,0.052631578947368474,1.0833333333333335
25,repair_sign_switch_rate,0.47368421052631576,0.5333333333333333,0.05964912280701756,1.125925925925926
26,repair_sign_switch_rate,0.6842105263157895,0.38461538461538464,-0.29959514170040485,0.5621301775147929
27,repair_sign_switch_rate,0.6842105263157895,0.5789473684210527,-0.10526315789473684,0.8461538461538461
28,repair_sign_switch_rate,0.5263157894736842,0.5454545454545454,0.019138755980861233,1.0363636363636364
29,repair_sign_switch_rate,0.47368421052631576,0.47368421052631576,0.0,1.0
30,repair_sign_switch_rate,0.5263157894736842,0.42105263157894735,-0.10526315789473684,0.8
31,repair_sign_switch_rate,0.42105263157894735,0.8,0.3789473684210527,1.9000000000000001
32,repair_sign_switch_rate,0.47368421052631576,0.5,0.026315789473684237,1.0555555555555556
33,repair_sign_switch_rate,0.47368421052631576,0.5789473684210527,0.10526315789473689,1.2222222222222223
34,repair_sign_switch_rate,0.631578947368421,0.5789473684210527,-0.05263157894736836,0.9166666666666667
35,repair_sign_switch_rate,0.7333333333333333,0.3684210526315789,-0.36491228070175435,0.5023923444976076
36,repair_sign_switch_rate,0.631578947368421,0.5789473684210527,-0.05263157894736836,0.9166666666666667
37,repair_sign_switch_rate,0.4444444444444444,0.47368421052631576,0.029239766081871343,1.0657894736842106
38,repair_sign_switch_rate,0.3157894736842105,0.375,0.05921052631578949,1.1875
39,repair_sign_switch_rate,0.6842105263157895,0.6842105263157895,0.0,1.0
40,repair_sign_switch_rate,0.47368421052631576,0.6842105263157895,0.21052631578947373,1.4444444444444446
41,repair_sign_switch_rate,0.6153846153846154,0.6,-0.015384615384615441,0.9749999999999999
42,repair_sign_switch_rate,0.5263157894736842,0.4375,-0.08881578947368418,0.83125
43,repair_sign_switch_rate,0.5789473684210527,0.6842105263157895,0.10526315789473684,1.1818181818181819
44,repair_sign_switch_rate,0.5263157894736842,0.3684210526315789,-0.15789473684210525,0.7
45,repair_sign_switch_rate,0.4444444444444444,0.5,0.05555555555555558,1.125
46,repair_sign_switch_rate,0.42105263157894735,0.25,-0.17105263157894735,0.59375
47,repair_sign_switch_rate,0.42105263157894735,0.5625,0.14144736842105265,1.3359375
48,repair_sign_switch_rate,0.42105263157894735,0.3333333333333333,-0.08771929824561403,0.7916666666666666
1,directional_coherence,0.2420319285999181,0.07572950327949278,-0.16630242532042533,0.3128905500921518
2,directional_coherence,0.35128689194491086,0.1701845347361249,-0.18110235720878595,0.4844602478444126
4,directional_coherence,0.10994624167693588,0.28644668689734665,0.17650044522041075,2.605334048061748
5,directional_coherence,0.2259050773654904,0.0744808283293573,-0.1514242490361331,0.3296996650006907
6,directional_coherence,0.2209876171680853,0.13934202692969067,-0.08164559023839463,0.6305422390418636
7,directional_coherence,0.08809218890175731,0.10837756606843514,0.02028537716667783,1.2302744138790853
8,directional_coherence,0.007983130884249989,0.09693862951474391,0.08895549863049393,12.142933758733088
10,directional_coherence,0.08495273818026867,0.7382809087062552,0.6533281705259865,8.690489847892037
11,directional_coherence,0.37315794611949915,0.6783535394091371,0.30519559328963797,1.8178724222903266
12,directional_coherence,0.28907078093243166,0.29437490219374146,0.005304121261309802,1.018348866821478
13,directional_coherence,0.214988689423157,0.0018984424597346472,-0.21309024696342235,0.008830429474352435
14,directional_coherence,0.05208420808409957,0.8805452427851701,0.8284610347010706,16.906184718472964
15,directional_coherence,0.1880854094639463,0.31743455716980024,0.12934914770585393,1.6877149486209806
16,directional_coherence,0.08276057648775348,0.05377245487031982,-0.02898812161743366,0.6497351414447532
17,directional_coherence,0.21162354819547025,0.1346625720943647,-0.07696097610110555,0.6363307545055475
18,directional_coherence,0.3675314154184944,0.12780513913000277,-0.2397262762884916,0.34773935987070875
20,directional_coherence,0.16197411556807254,0.03319759482463721,-0.12877652074343532,0.20495617283173448
21,directional_coherence,0.15322734380544034,0.3702997187050781,0.21707237489963777,2.416668653965994
22,directional_coherence,0.32752022581782264,0.18263543851538466,-0.14488478730243798,0.557631022814977
23,directional_coherence,0.06950502091163656,0.07597958159599316,0.006474560684356603,1.0931524168964408
24,directional_coherence,0.07597958159599316,0.1641862812018859,0.08820669960589272,2.1609263667035563
25,directional_coherence,0.24970321655521188,0.16494683708795677,-0.08475637946725512,0.6605715351347321
26,directional_coherence,0.264663614502199,0.5701551390172903,0.3054915245150913,2.154263403716014
27,directional_coherence,0.34157594414400083,0.09922334424260154,-0.2423525999013993,0.2904869208259326
28,directional_coherence,0.16549259700035662,0.32028007606656356,0.15478747906620693,1.9353136144565632
29,directional_coherence,0.36979032132210743,0.09469208865080724,-0.2750982326713002,0.2560696783849172
30,directional_coherence,0.06818649510868194,0.03883355914268236,-0.029352935965999576,0.5695198012566249
31,directional_coherence,0.06076916567899675,0.26738377117455386,0.2066146054955571,4.399990820788378
32,directional_coherence,0.23002656511437286,0.23198865883096734,0.0019620937165944763,1.0085298570433328
33,directional_coherence,0.3100852146235069,0.2722414841302301,-0.03784373049327683,0.8779569979199906
34,directional_coherence,0.30549885722238834,0.12072175493046672,-0.18477710229192162,0.39516270544536647
35,directional_coherence,0.09591196167175715,0.28401961572482376,0.18810765405306662,2.961253328305743
36,directional_coherence,0.23396023647220873,0.04608833732371513,-0.18787189914849362,0.1969921813153484
37,directional_coherence,0.4881740260811933,0.07872335339695644,-0.40945067268423685,0.16126083976426706
38,directional_coherence,0.5416187586215186,0.4918997119120637,-0.04971904670945493,0.9082028716361383
39,directional_coherence,0.28436717818466495,0.2296808565251907,-0.054686321659474235,0.8076911617979993
40,directional_coherence,0.32242665120635117,0.20121593773654042,-0.12121071346981074,0.624067325029417
41,directional_coherence,0.15397311202500127,0.19596461867247184,0.04199150664747056,1.2727197372009487
42,directional_coherence,0.14065825805363028,0.20088120699627754,0.060222948942647264,1.4281508229661526
43,directional_coherence,0.2607664369191856,0.009909485783810262,-0.2508569511353753,0.03800138507426599
44,directional_coherence,0.22999337312674292,0.2722122749392665,0.04221890181252355,1.183565731649398
45,directional_coherence,0.28163864868179983,0.3159349866943357,0.03429633801253584,1.1217742599357676
46,directional_coherence,0.0886532164699317,0.5945194129333389,0.5058661964634071,6.706123439243523
47,directional_coherence,0.2577480964682229,0.20123914798300313,-0.05650894848521976,0.7807590074979017
48,directional_coherence,0.26009001738117304,0.6251737624672061,0.3650837450860331,2.403682266478483
1,rv_ratio_choppiness,0.12806394674097882,0.13830279919300548,0.010238852452026659,1.079951092501746
2,rv_ratio_choppiness,0.10361963529229165,0.1955243127897438,0.09190467749745215,1.8869426845424249
4,rv_ratio_choppiness,0.12051300721335312,0.18129312155588498,0.06078011434253186,1.50434484831109
5,rv_ratio_choppiness,0.13295836214168674,0.1376243050230255,0.004665942881338758,1.0350932638322252
6,rv_ratio_choppiness,0.09305677886405542,0.24233520083909904,0.14927842197504362,2.6041649388393417
7,rv_ratio_choppiness,0.24156961397271942,0.14812205502282866,-0.09344755894989076,0.6131650938497428
8,rv_ratio_choppiness,0.123728326308291,0.16937528163155768,0.04564695532326668,1.368928899996022
10,rv_ratio_choppiness,0.09050746682446868,0.17110749499035838,0.0806000281658897,1.8905345712769357
11,rv_ratio_choppiness,0.09171793608249887,0.18670740413003079,0.09498946804753192,2.0356694895760667
12,rv_ratio_choppiness,0.16223685254879008,0.09429937757986244,-0.06793747496892764,0.5812451123058088
13,rv_ratio_choppiness,0.12459052614638813,0.10992838936442872,-0.014662136781959406,0.8823174021696315
14,rv_ratio_choppiness,0.13248939395604317,0.1272066505190531,-0.005282743436990062,0.9601270465563247
15,rv_ratio_choppiness,0.11410324845058126,0.13121302220743727,0.017109773756856017,1.1499499268354867
16,rv_ratio_choppiness,0.11989737599790602,0.1336311616194998,0.013733785621593789,1.1145461734027744
17,rv_ratio_choppiness,0.15612038733698866,0.10041063228377348,-0.05570975505321518,0.6431615626666063
18,rv_ratio_choppiness,0.1516525098699572,0.142095495390082,-0.009557014479875198,0.9369808354107005
20,rv_ratio_choppiness,0.12295914810815625,0.10073462689191995,-0.022224521216236304,0.8192528042184599
21,rv_ratio_choppiness,0.11286590876673404,0.17220332671985553,0.05933741795312149,1.5257337543416878
22,rv_ratio_choppiness,0.13537173985215709,0.1416352466623552,0.006263506810198105,1.0462689392707714
23,rv_ratio_choppiness,0.12446317146107122,0.14671366219897322,0.022250490737902,1.1787716838379083
24,rv_ratio_choppiness,0.14671366219897322,0.12981225973977206,-0.01690140245920116,0.8848000778804127
25,rv_ratio_choppiness,0.10781799322872185,0.1467825968425197,0.03896460361379786,1.36139240257551
26,rv_ratio_choppiness,0.11888686319730282,0.1186525306610678,-0.00023433253623501848,0.998028945083309
27,rv_ratio_choppiness,0.10909934229001164,0.12641390122063859,0.017314558930626944,1.158704521651476
28,rv_ratio_choppiness,0.1500480130292605,0.16465070688037475,0.014602693851114262,1.0973201414421039
29,rv_ratio_choppiness,0.15558850854352496,0.1461338605150239,-0.009454648028501073,0.9392329927383024
30,rv_ratio_choppiness,0.15733030568421608,0.11502104167424979,-0.04230926400996629,0.7310800114067858
31,rv_ratio_choppiness,0.11107880506646602,0.09362929288138014,-0.017449512185085878,0.8429087153517303
32,rv_ratio_choppiness,0.12974637269128836,0.2383722902549652,0.10862591756367684,1.8372173750254706
33,rv_ratio_choppiness,0.21947547805060572,0.17790748245252208,-0.041567995598083635,0.8106030069177065
34,rv_ratio_choppiness,0.1140221132446723,0.07241694748270223,-0.04160516576197007,0.6351131848197519
35,rv_ratio_choppiness,0.09381018329077309,0.17129788628392945,0.07748770299315635,1.8260052403157156
36,rv_ratio_choppiness,0.20609205768441652,0.12494256859453781,-0.0811494890898787,0.6062464026918454
37,rv_ratio_choppiness,0.16323686974151494,0.13216963673762344,-0.031067233003891498,0.8096800492861302
38,rv_ratio_choppiness,0.15843984795427093,0.20752521804545096,0.049085370091180025,1.3098044508686166
39,rv_ratio_choppiness,0.0817970781095236,0.12779578568298225,0.045998707573458655,1.5623514755853247
40,rv_ratio_choppiness,0.11604902048970762,0.18040158839020928,0.06435256790050166,1.5545291776608239
41,rv_ratio_choppiness,0.18487873028933968,0.10000834333845933,-0.08487038695088035,0.5409402324536947
42,rv_ratio_choppiness,0.08653341392244136,0.10197808267486759,0.015444668752426227,1.1784821383132886
43,rv_ratio_choppiness,0.07874303483540324,0.18337618349505463,0.1046331486596514,2.3287924307002688
44,rv_ratio_choppiness,0.14834567071340904,0.1648495611669512,0.01650389045354217,1.111252929554151
45,rv_ratio_choppiness,0.15498190681391202,0.17125551432358918,0.016273607509677157,1.1050032732479993
46,rv_ratio_choppiness,0.09424062345759507,0.05868916559442949,-0.035551457863165575,0.6227586728650786
47,rv_ratio_choppiness,0.1539559696774006,0.12914213780004172,-0.02481383187735889,0.8388251398802281
48,rv_ratio_choppiness,0.16016593424430708,0.2461343626244178,0.0859684283801107,1.5367460239639963
1,mean_downside_pressure,0.22306194437811872,0.1185722481320431,-0.10448969624607561,0.531566459992153
2,mean_downside_pressure,0.32322952931285726,0.1104129535544997,-0.21281657575835755,0.34159302768290656
4,mean_downside_pressure,0.18021843545482713,0.06668783535960744,-0.11353060009521969,0.3700389207758002
5,mean_downside_pressure,0.1847825177032533,0.07324599733570292,-0.11153652036755038,0.39639029842276763
6,mean_downside_pressure,0.24959102167034647,0.10419934487719804,-0.14539167679314843,0.41748034115915394
7,mean_downside_pressure,0.1050690485107307,0.13032278145389015,0.02525373294315944,1.2403536845637302
8,mean_downside_pressure,0.1405099511933165,0.05986736876676453,-0.08064258242655196,0.42607209139513375
10,mean_downside_pressure,0.22516605090118583,0.019713036669671842,-0.205453014231514,0.0875488848819528
11,mean_downside_pressure,0.3414789885678446,0.004750522706228891,-0.3367284658616157,0.01391161056834706
12,mean_downside_pressure,0.21583476407697377,0.19510682692271875,-0.020727937154255027,0.9039638621567805
13,mean_downside_pressure,0.22651407236662457,0.0645213983954411,-0.16199267397118347,0.2848449887520009
14,mean_downside_pressure,0.10126239451822147,0.1494075034544704,0.04814510893624893,1.4754490466605108
15,mean_downside_pressure,0.20813680227978687,0.04050401573087082,-0.16763278654891606,0.1946028539269259
16,mean_downside_pressure,0.11163469265012356,0.08142560269894228,-0.03020908995118128,0.7293933522452544
17,mean_downside_pressure,0.14488087595874774,0.11904093276803515,-0.02583994319071259,0.821646970176588
18,mean_downside_pressure,0.31127365355642517,0.07128724542719285,-0.23998640812923233,0.22901792237379473
20,mean_downside_pressure,0.18914493417837203,0.10221187481995937,-0.08693305935841265,0.5403891743860771
21,mean_downside_pressure,0.3021157035413213,0.30104648947239093,-0.0010692140689303464,0.9964609119737992
22,mean_downside_pressure,0.25907332782073383,0.09305482264688228,-0.16601850517385155,0.3591833378975689
23,mean_downside_pressure,0.1280436504222286,0.06691146003473762,-0.06113219038749097,0.5225675760890497
24,mean_downside_pressure,0.06691146003473762,0.20028291514478513,0.1333714551100475,2.9932528006533805
25,mean_downside_pressure,0.19407239504161225,0.05461330256757167,-0.1394590924740406,0.28140685621910166
26,mean_downside_pressure,0.29038686550728754,0.023546524704122912,-0.26684034080316466,0.08108674151976061
27,mean_downside_pressure,0.28235517850930136,0.0821246726865294,-0.20023050582277196,0.29085591105538744
28,mean_downside_pressure,0.1297965465592894,0.09265394386167498,-0.03714260269761442,0.7138398233064841
29,mean_downside_pressure,0.33202799813039474,0.07981209985229029,-0.2522158982781044,0.24037761966370774
30,mean_downside_pressure,0.08105495226692104,0.16279339317945393,0.08173844091253289,2.0084324106855442
31,mean_downside_pressure,0.16803148046302918,0.046519385992686346,-0.12151209447034284,0.2768492300638968
32,mean_downside_pressure,0.16016896184455084,0.06297200684941995,-0.0971969549951309,0.39315986146264914
33,mean_downside_pressure,0.27650123722814673,0.08887174587502453,-0.1876294913531222,0.3214153642346803
34,mean_downside_pressure,0.21782657876704642,0.09069067773819997,-0.12713590102884645,0.41634348871259036
35,mean_downside_pressure,0.26037226280288717,0.05645386761426087,-0.2039183951886263,0.2168198217680308
36,mean_downside_pressure,0.17750040763706595,0.0810264967690867,-0.09647391086797925,0.4564862573992568
37,mean_downside_pressure,0.3599906516566993,0.10204068227781012,-0.2579499693788892,0.28345370027863936
38,mean_downside_pressure,0.22692845103721654,0.03442155055112605,-0.19250690048609048,0.1516845965933151
39,mean_downside_pressure,0.4326361547506341,0.03131907744125379,-0.4013170773093803,0.07239126249008408
40,mean_downside_pressure,0.15127101931579937,0.06374361690751316,-0.0875274024082862,0.42138684062437276
41,mean_downside_pressure,0.20955185328648981,0.09122855564060955,-0.11832329764588026,0.43535074593631007
42,mean_downside_pressure,0.16090328662351433,0.09425805059691603,-0.0666452360265983,0.585805626316779
43,mean_downside_pressure,0.27389440289036615,0.12063997893547082,-0.15325442395489533,0.44046164383928765
44,mean_downside_pressure,0.17182872183665776,0.050886342212191536,-0.12094237962446622,0.29614572970265496
45,mean_downside_pressure,0.18444005099496047,0.2168258521524321,0.03238580115747164,1.175589851459955
46,mean_downside_pressure,0.13657350848104508,0.017833221736106592,-0.11874028674493849,0.1305759948209989
47,mean_downside_pressure,0.12021481931084606,0.06863417791211406,-0.051580641398732,0.5709294270504446
48,mean_downside_pressure,0.23676404546109792,0.018204263635452706,-0.2185597818256452,0.0768877875861595
