episode_id,start_idx,branch_idx,end_idx,start_date,branch_date,end_date,candidate_days,calendar_rows,rv_20d,branch_stress_cut,drawdown_120d,rv_ratio_5_20_branch,rv_5d_change_5d_branch,return_5d_branch,worst_return_5d_in_prior_window
1,581,581,596,1989-10-24,1989-10-24,1989-11-14,9,16,0.16986401788006536,0.0925827300667158,-0.060958070583029156,0.9995341772508708,-0.07962385996677945,-0.0013539369250059607,-0.05977795633175109
2,653,653,664,1990-02-06,1990-02-06,1990-02-22,12,12,0.13937355340650306,0.10467001503052169,-0.13209425821440424,0.44014028559266766,-0.027241288048548758,0.027657487877499776,-0.04978186576726262
3,783,783,805,1990-08-13,1990-08-13,1990-09-13,13,23,0.18591911573661993,0.10031330748937782,-0.11983616149795218,0.8170310576162846,-0.07264753877609267,0.00941796361088798,-0.0832742278299694
4,820,820,835,1990-10-04,1990-10-04,1990-10-25,8,16,0.14592107432425777,0.10731424251153138,-0.25266237565827976,0.8700875098822551,-0.037443084699531254,0.012130908903917437,-0.06541486076781311
5,841,841,846,1990-11-02,1990-11-02,1990-11-09,5,6,0.1542113283973232,0.1129284399894618,-0.29584552369806905,0.8751123837218983,0.026794863788289727,-0.00439451807916047,-0.06218197228521394
6,1113,1113,1121,1991-12-02,1991-12-02,1991-12-12,4,9,0.15537662325144852,0.11774428157831918,-0.06057221867687723,0.4628994588333067,-0.10317901798549176,-0.004067572412340681,-0.05729608076130788
7,1207,1207,1221,1992-04-15,1992-04-15,1992-05-06,7,15,0.12925453352867985,0.11840672141853202,-0.06081557781854097,0.7808942891194188,-0.027162974657536434,0.033766862470817394,-0.04719789559136789
8,1710,1710,1723,1994-04-12,1994-04-12,1994-05-02,5,14,0.17655683949901907,0.10964654269971617,-0.06769219418621808,0.49002931006766454,-0.23127551134202373,-0.004855049107256981,-0.07563634190637991
9,1882,1882,1886,1994-12-15,1994-12-15,1994-12-21,5,5,0.1271357699535799,0.10788446870128836,-0.07155779668193551,0.8702985263430509,-0.0175909127715497,0.02141337659290876,-0.04036139222057411
10,2291,2291,2301,1996-07-30,1996-07-30,1996-08-13,11,11,0.21185775621004055,0.10796636428638415,-0.14006746935081316,0.7677603644646124,-0.13369233199930236,0.005821594665024854,-0.08146050774347824
11,2466,2466,2480,1997-04-09,1997-04-09,1997-04-29,10,15,0.129371380941484,0.10645042604210482,-0.06453527586672048,0.8886891688379495,-0.01787495182376475,0.026121978468852447,-0.046269996544295644
12,2615,2615,2637,1997-11-07,1997-11-07,1997-12-10,12,23,0.2939661543971084,0.10675464569862647,-0.06446551019969471,0.6972352961500805,-0.34279177890793733,0.00451364067700144,-0.07720255977831059
13,2644,2644,2672,1997-12-19,1997-12-19,1998-02-02,18,29,0.139481081781013,0.10787653233941026,-0.0971174308376862,1.0545300687111094,-0.018297572863061856,-0.006170954479406632,-0.04931515320650348
14,2757,2757,2783,1998-06-04,1998-06-04,1998-07-13,20,27,0.11799796229399144,0.10953875090334485,-0.0807268879347185,0.8927357553617186,-0.07188224597722775,-0.008969262927957189,-0.04473561622397604
15,2809,2809,2838,1998-08-18,1998-08-18,1998-09-29,17,30,0.2487705971857941,0.11101443933914608,-0.16304104515577622,0.856672894512764,-0.12167732150232177,0.02633513855567493,-0.06670108366857885
16,2850,2850,2865,1998-10-15,1998-10-15,1998-11-05,16,16,0.3510794084557461,0.11280451486936609,-0.31032422856672015,0.8387151016914599,0.032234595427892476,0.07608809112484849,-0.12076128289677612
17,2937,2937,2949,1999-02-22,1999-02-22,1999-03-10,12,13,0.18152085553744748,0.11570391119871365,-0.08152286842287537,1.0265661590932786,-0.07925732332699653,-0.0015572806000498929,-0.0627685618749858
18,2963,2963,2970,1999-03-30,1999-03-30,1999-04-09,8,8,0.15549938229526802,0.11627582883268385,-0.07930644379285667,1.0375797446321455,-0.007969445452116308,0.03940930609003157,-0.04038681102406105
19,3056,3056,3063,1999-08-11,1999-08-11,1999-08-20,7,8,0.13568464593131707,0.11846251321837163,-0.08074280807213396,0.9256761952692262,-0.021859045429629714,-0.003520268471162602,-0.04092405086538076
20,3091,3091,3114,1999-09-30,1999-09-30,1999-11-02,15,24,0.1615292372183439,0.11922394914399956,-0.08265349935594679,1.0197978636003564,-0.019409315190282272,0.016731756330914394,-0.04077883743565369
21,3215,3215,3215,2000-03-28,2000-03-28,2000-03-28,1,1,0.3262931748055506,0.12256088323955344,-0.07756785743750516,1.0128293150541017,-0.11958707162712934,0.011242844380888073,-0.07189712299316575
22,3235,3235,3251,2000-04-26,2000-04-26,2000-05-18,11,17,0.5128421638467489,0.12326097458899407,-0.20099001732530308,0.8177711121444684,-0.36475994394749783,-0.003813140357587841,-0.17961063586725246
23,3259,3259,3276,2000-05-31,2000-05-31,2000-06-23,15,18,0.3333762068572424,0.12383534203237975,-0.21428925006187605,0.962513439796353,0.22985436159185718,0.03672393769515825,-0.09742514649900791
24,3305,3305,3319,2000-08-04,2000-08-04,2000-08-24,15,15,0.21534626213528327,0.12562148115433613,-0.168995957429255,0.7604890912021277,-0.02213533969613382,0.026987601548739804,-0.0641534157835455
25,3359,3359,3372,2000-10-20,2000-10-20,2000-11-08,11,14,0.2899294024740893,0.12641658352213933,-0.1058916321215011,1.1490104469717484,-0.05397087605928025,0.014589447072785866,-0.08227163400699489
26,3395,3395,3430,2000-12-12,2000-12-12,2001-02-02,21,36,0.35411553300727183,0.1274258561292264,-0.12366557834109826,1.0953223921620474,-0.05738512033138743,0.013889551272890266,-0.07140097644342447
27,3451,3451,3469,2001-03-06,2001-03-06,2001-03-30,7,19,0.19510822397874872,0.12935777072632626,-0.10771313588397846,0.6699948598476366,-0.14202321889939634,0.00495896336474555,-0.06369383524172889
28,3478,3478,3487,2001-04-12,2001-04-12,2001-04-26,10,10,0.33189268655970955,0.13001308830094382,-0.11069851072978154,0.8916336192598667,-0.19124382884081126,0.02287401757781815,-0.06961136133552603
29,3547,3547,3558,2001-07-23,2001-07-23,2001-08-07,7,12,0.2325177920767585,0.13414725167684352,-0.06675946870831162,0.8204104136832966,-0.08947474430082308,-0.002276255509479519,-0.053718434816118155
30,3592,3592,3606,2001-10-01,2001-10-01,2001-10-19,14,15,0.3278552006838679,0.13630105333506887,-0.23128975504127758,0.9586252713175473,-0.15562580961723654,0.009628702500629416,-0.15118651756208212
31,3687,3687,3687,2002-02-15,2002-02-15,2002-02-15,1,1,0.18248422655905464,0.14096624383514578,-0.06018425796114557,0.7858300885035551,-0.09092012323217019,0.005513305699744286,-0.052481506159830715
32,3778,3778,3779,2002-06-27,2002-06-27,2002-06-28,2,2,0.19510078980872353,0.14550867034778459,-0.12282244956496802,0.8056466704541702,-0.08208296129781112,-0.0033298179781278137,-0.04730611739693735
33,3800,3800,3819,2002-07-30,2002-07-30,2002-08-26,15,20,0.36742734191227383,0.14611272404139317,-0.23336839085954686,0.9756496621886377,0.06846723649154252,0.09661056848175509,-0.11234996142777565
34,3830,3830,3832,2002-09-11,2002-09-11,2002-09-13,3,3,0.3054299637246397,0.14704180315223736,-0.24778659527679514,0.9222150110188043,-0.09835569786662707,0.009245136847952473,-0.0727260364511384
35,3856,3856,3870,2002-10-17,2002-10-17,2002-11-06,15,15,0.37648281955845764,0.14793954901388187,-0.2939790473965027,1.140177799997938,-0.012598475146825716,0.07557082829568618,-0.0966324683336266
36,3878,3878,3905,2002-11-18,2002-11-18,2002-12-27,13,28,0.25010874687079715,0.14949560769892384,-0.21517221572609602,0.877075045487886,-0.06419431532690839,0.03576180584536193,-0.04717119476600917
37,3932,3932,3945,2003-02-06,2003-02-06,2003-02-26,5,14,0.17841259718637847,0.15311462858229033,-0.11091068642745705,0.6931871881196842,-0.128328822893169,-0.007865024976932311,-0.051605253970969045
38,4246,4246,4266,2004-05-06,2004-05-06,2004-06-04,11,21,0.18798845151039253,0.16435691894088036,-0.07140619073533527,0.9167849988504045,0.0001057230243848295,-0.0073606503920888855,-0.053745626155749626
39,4303,4303,4329,2004-07-29,2004-07-29,2004-09-03,18,27,0.20005291469893396,0.16884310695889898,-0.0932733059582116,1.256464011040185,-0.008726008267029406,0.006038236068698133,-0.053491657368438084
40,4495,4495,4511,2005-05-03,2005-05-03,2005-05-25,13,17,0.2195957370706737,0.16798350726603295,-0.10707792902210611,0.8973077048304544,-0.10262771747969376,-0.005425986318951637,-0.050315682481878454
41,4611,4611,4621,2005-10-17,2005-10-17,2005-10-31,3,11,0.17558801278519934,0.16738935106962047,-0.08008598277439682,1.092235620164417,-0.013059941157700428,-0.007236490748221414,-0.05219436113379672
42,4783,4783,4792,2006-06-23,2006-06-23,2006-07-07,5,10,0.2681151944350126,0.16714050212284823,-0.11727613419797145,0.8026568707961897,-0.16408833249371793,-0.0042365286288337245,-0.05528697390557724
43,4806,4806,4814,2006-07-27,2006-07-27,2006-08-08,8,9,0.2835995436922257,0.16838672562293472,-0.12296790862463702,1.0206497812457107,-0.043442804912308286,0.0030380509746930073,-0.04738337773668633
44,4963,4963,4965,2007-03-14,2007-03-14,2007-03-16,2,3,0.22299046807528905,0.16703021608185514,-0.06481481481481499,1.0185187469197707,-0.061293918890613336,-0.00028358189906363407,-0.08039686799853296
45,5061,5061,5078,2007-08-02,2007-08-02,2007-08-27,8,18,0.19623757574899475,0.16640358014397297,-0.08387767741332364,0.9272441013529845,-0.03876940667381182,-0.00950834535721956,-0.07350584446731201
46,5084,5084,5086,2007-09-05,2007-09-05,2007-09-07,3,3,0.26489861259404784,0.1676742883049781,-0.07631723477102481,0.900575225776287,-0.046366465563003584,0.029046700005187276,-0.05704752426145898
47,5134,5134,5151,2007-11-14,2007-11-14,2007-12-10,8,18,0.28285712046801176,0.16973907610809014,-0.08565385559203986,0.9179043422868972,-0.1096185823667804,0.008354610558311215,-0.0649363362200086
48,5160,5160,5162,2007-12-21,2007-12-21,2007-12-26,3,3,0.29274252306913573,0.17093111693110785,-0.08199633078981494,0.952696276971489,0.0023084273607591466,0.041148231538318925,-0.06817167185771922
49,5182,5182,5197,2008-01-25,2008-01-25,2008-02-15,10,16,0.26526739344561445,0.17201333238491484,-0.18578252849642907,1.0191420179785267,-0.005955031482874795,0.011729868563155499,-0.08322213193248729
50,5202,5202,5231,2008-02-25,2008-02-25,2008-04-07,14,30,0.2662605419902853,0.1724104122546972,-0.1599347301707421,0.9081692351893702,-0.029391398345985698,0.012663238099820617,-0.044221560707670804
51,5279,5279,5281,2008-06-13,2008-06-13,2008-06-17,3,3,0.20916828864849935,0.17424859469097037,-0.07957040512904157,1.089109590846532,-0.10158009165035306,-0.009172508983756877,-0.058582869912845226
52,5301,5301,5314,2008-07-16,2008-07-16,2008-08-04,10,14,0.2895410800370909,0.17489761852339084,-0.10025285940754902,1.0532309313623802,-0.11576767621233203,0.034064752419234345,-0.06333490866705294
53,5370,5370,5380,2008-10-22,2008-10-22,2008-11-05,6,11,0.8095483115807783,0.1770205691021736,-0.3423428144693227,0.9905631077854834,-0.513011690286225,-0.00027886224385920144,-0.2448140910947938
54,5395,5395,5423,2008-11-26,2008-11-26,2009-01-08,20,29,0.810394650089196,0.1778857592517692,-0.378482992656221,1.105013422098356,-0.14377969027095872,0.1283589620598029,-0.24286424478895263
55,5435,5435,5446,2009-01-27,2009-01-27,2009-02-11,10,12,0.5015048576230908,0.17903338399983015,-0.3960868527797662,0.9347358216816539,-0.18030850260924491,0.0493335753227333,-0.09252388207780537
56,5469,5469,5497,2009-03-17,2009-03-17,2009-04-27,16,29,0.573775508279809,0.18006557671764803,-0.4281321733216199,0.9294627923016878,-0.24736110915656873,0.0929961516840141,-0.13328206097057738
57,5515,5515,5516,2009-05-21,2009-05-21,2009-05-22,2,2,0.39092449784046934,0.18214312525959564,-0.0650657651881642,0.9039423114796892,-0.18107426224092676,0.0010603683174164047,-0.07289133745513432
58,5550,5550,5551,2009-07-13,2009-07-13,2009-07-14,2,2,0.29826215759615826,0.18398241075995572,-0.07216746915437844,0.8998523439359981,-0.05998595314219196,-0.0014584644147443981,-0.07666811453842381
59,5633,5633,5648,2009-11-06,2009-11-06,2009-11-30,6,16,0.2804199558508962,0.1875233871469763,-0.06986248677757478,0.9772175643270816,-0.09929005876914399,0.03076035089920648,-0.06618034126896788
60,5698,5698,5698,2010-02-11,2010-02-11,2010-02-11,1,1,0.22557342649606293,0.18884631996400802,-0.06730339674959551,0.7768306602703376,-0.11803451860046713,0.026408482823459423,-0.05867012855437448
61,5763,5763,5787,2010-05-17,2010-05-17,2010-06-21,10,25,0.38071026995785906,0.18913359043123665,-0.06228434332542587,0.808896472228247,-0.2983061265818562,0.008806686433642241,-0.09299091513430469
62,5798,5798,5821,2010-07-07,2010-07-07,2010-08-09,15,24,0.29903694956843985,0.19063691541590236,-0.1755714901876213,1.1189913279157733,-0.010644500162352633,-0.007005453781609106,-0.08369815290521032
63,5828,5828,5851,2010-08-18,2010-08-18,2010-09-21,12,24,0.28735803921228587,0.19166816662486572,-0.15349363812810002,0.6575864510746879,-0.1263058712047781,0.012255546167983411,-0.06972744148777199
64,6040,6040,6044,2011-06-21,2011-06-21,2011-06-27,5,5,0.22925784075935873,0.19328126555856062,-0.0680927781437437,1.0254396185275294,-0.005311216084120107,0.015471827534739191,-0.061689818195231894
65,6079,6079,6103,2011-08-16,2011-08-16,2011-09-20,14,25,0.5771781625253968,0.19369972780284592,-0.1855216170301286,1.1362770462409941,-0.33046041702080176,0.012277800350058321,-0.19718585224717522
66,6117,6117,6130,2011-10-10,2011-10-10,2011-10-27,14,14,0.4890166669605133,0.1952237054654715,-0.20847345976493425,1.0827908712709344,-0.024156825918640434,0.11665030030802193,-0.10339875305216051
67,6156,6156,6182,2011-12-05,2011-12-05,2012-01-12,21,27,0.400859621378244,0.19630232600380615,-0.12944727365955422,1.0450183334332281,-0.07212888222976932,0.06802951894586506,-0.07911830016999488
68,6251,6251,6251,2012-04-23,2012-04-23,2012-04-23,1,1,0.20418471082645312,0.19660527302799885,-0.06415089879805702,0.9669304437570854,-0.08809747255054276,-0.007836863113881876,-0.0695512821474713
69,6284,6284,6298,2012-06-08,2012-06-08,2012-06-28,8,15,0.2324294885663621,0.1969243915783306,-0.09093165352841759,0.835280435457464,-0.09654548045797229,0.04218040535618517,-0.05576262182142688
70,6876,6876,6883,2014-10-16,2014-10-16,2014-10-27,7,8,0.20894852175956657,0.19312925951635365,-0.10101394694367438,0.8898309123511986,-0.10899015791276129,0.01682412831849689,-0.04766293254331888
71,7095,7095,7109,2015-08-31,2015-08-31,2015-09-21,12,15,0.2349888791432638,0.19221227777063682,-0.10522457169316246,0.9243194390879128,0.006965314453706656,0.042064374763858936,-0.09713293070125406
72,7119,7119,7133,2015-10-05,2015-10-05,2015-10-23,10,15,0.21482653453120243,0.19279709879179804,-0.11896897669393414,0.9654025150829176,0.03164268627139066,0.04576532977144776,-0.06265872375352455
73,7194,7194,7223,2016-01-22,2016-01-22,2016-03-04,18,30,0.2375992651802449,0.19327736876425908,-0.1714009693210693,1.0719110400308698,-0.04332233089223553,-0.00489658071785648,-0.082251932670248
74,7713,7713,7713,2018-02-13,2018-02-13,2018-02-13,1,1,0.21241440541696477,0.19087721430131446,-0.07186892736743422,1.2096144008099918,-0.04761039593001892,-0.008140958715960878,-0.07631360254551112
75,7894,7894,7916,2018-10-31,2018-10-31,2018-12-03,12,23,0.2545638048948759,0.1906443529234886,-0.13174780985207524,0.8987892812922815,0.0046437195545310506,0.028665334187077285,-0.0791047564777907
76,7936,7936,7949,2019-01-03,2019-01-03,2019-01-23,14,14,0.3054089187977705,0.1913138160313621,-0.2354847048685912,0.5597614252256735,-0.3235962768383086,0.0007667328537266371,-0.08790294515453212
77,8043,8043,8043,2019-06-07,2019-06-07,2019-06-07,1,1,0.2068799122546783,0.19142738925999903,-0.06228560106007497,0.8772343000015081,0.04853627466227467,0.03282306008011027,-0.05864049878398525
78,8088,8088,8106,2019-08-12,2019-08-12,2019-09-06,8,19,0.19619765324392002,0.19117917096837433,-0.07474395967751923,1.1697240944783576,-0.006158692808276273,0.004601440868262863,-0.05410541294025606
79,8243,8243,8269,2020-03-24,2020-03-24,2020-04-30,19,27,1.079449043247201,0.19121798562091227,-0.3569472381700788,1.1973738810044874,-0.37144854870081834,-0.009051150055177537,-0.2753031316911807
80,8275,8275,8296,2020-05-08,2020-05-08,2020-06-09,15,22,0.4387959118530346,0.19198013036660416,-0.2202485324388198,0.5960680225836422,-0.389311226429268,0.053415628101981305,-0.07454560620026651
81,8303,8303,8318,2020-06-18,2020-06-18,2020-07-10,12,16,0.428797442170427,0.19249915487261676,-0.16310601040341077,0.6829807357058648,-0.4231885839368555,0.05092898034481941,-0.0825871622380161
82,8534,8534,8538,2021-05-19,2021-05-19,2021-05-25,4,5,0.22341157746613788,0.19573806292669058,-0.07055847671989735,1.0316652357556804,-0.07699331355833733,0.027030046223507576,-0.04855506775316787
83,8581,8581,8585,2021-07-27,2021-07-27,2021-08-02,2,5,0.21551867652088294,0.19591621281829855,-0.07132537063008182,0.9928495222779071,-0.09030348361174284,-0.0011262777259677392,-0.0685321925532385
84,8676,8676,8693,2021-12-09,2021-12-09,2022-01-04,10,18,0.2610492890916865,0.19591688088947837,-0.09110261427740973,1.347683949273132,-0.04198325927357338,0.006266780251110937,-0.08068226904076425
85,8699,8699,8723,2022-01-12,2022-01-12,2022-02-16,10,25,0.22345362963416493,0.19632381684672118,-0.10917248663386192,0.6717732408687006,-0.11939610366446249,-0.008210459710073614,-0.04564996826778245
86,8733,8733,8752,2022-03-03,2022-03-03,2022-03-30,12,20,0.27647368110241066,0.19694538374900278,-0.16797940018176294,1.1496611550292355,-0.0016777385709205173,0.018072093119854138,-0.06587051945698974
87,8762,8762,8775,2022-04-13,2022-04-13,2022-05-03,4,14,0.21800281538233,0.19766203949701228,-0.17097194134455562,0.8071875426087585,-0.03716657469174259,0.00403757067487831,-0.056500057702760564
88,8784,8784,8800,2022-05-16,2022-05-16,2022-06-08,12,17,0.3596072170292969,0.19835733805332162,-0.23505871857119576,0.9070395584742221,-0.1590809663329219,0.012043546943714567,-0.12654603574635637
89,8811,8811,8826,2022-06-24,2022-06-24,2022-07-18,12,16,0.36470750108312233,0.1989193264043896,-0.2230172140669553,0.5261467763043018,-0.2439384574883385,0.06789155246133216,-0.11687243431347749
90,8863,8863,8865,2022-09-08,2022-09-08,2022-09-12,3,3,0.23273992605810875,0.20002175842846623,-0.13416623693216434,0.979638499802054,-0.0490498549296198,0.0015117734244203263,-0.0749242699518815
91,8883,8883,8901,2022-10-06,2022-10-06,2022-11-01,9,19,0.32429502728865967,0.20061353033856894,-0.14015935785848166,1.0599370328366275,-0.03141122167441057,0.045277672685438475,-0.09056208679217015
92,8930,8930,8953,2022-12-13,2022-12-13,2023-01-18,11,24,0.21454328493126396,0.201872793139098,-0.0934969203749969,0.7146838658497057,-0.17903749929693202,0.010853508793596589,-0.05214896106136013
93,8996,8996,9011,2023-03-21,2023-03-21,2023-04-12,11,16,0.2436442725632234,0.20241163948037114,-0.11167188015310658,1.325413458920312,-0.003772623553088661,0.0004782495034367784,-0.08537423336245809
94,9154,9154,9166,2023-11-03,2023-11-03,2023-11-21,2,13,0.23282583558137976,0.2021541797938066,-0.12104753442027172,0.7526471527814864,0.006917037088754824,0.07288281194593083,-0.05024928428154585
95,9346,9346,9348,2024-08-12,2024-08-12,2024-08-14,3,3,0.3117441312518394,0.20288955875056439,-0.08905449999337367,0.7997579122889328,-0.08003747228913854,0.011177223774485157,-0.10236947620531289
96,9446,9446,9455,2025-01-03,2025-01-03,2025-01-17,5,10,0.2105768346299569,0.20354499333578094,-0.07107201795227758,0.8982584851455636,0.07719460600797158,-0.005153177390969432,-0.07035395228579144
97,9494,9494,9502,2025-03-17,2025-03-17,2025-03-27,6,9,0.23317154534715745,0.20347679592661605,-0.1530284230742457,1.032022790683568,-0.003032368804903096,0.024104509024904353,-0.055487490652233795
98,9517,9517,9531,2025-04-17,2025-04-17,2025-05-08,14,15,0.48817525388514443,0.20405172715630335,-0.22989480063717493,0.33235387019852797,-0.6813561778421547,0.026526268335048897,-0.13353139262452274
