event_id,event_date,origin_regime,destination_regime,relative_week,score,value,above_threshold
0,2000-11-10,0,1,-8,long_regime_uncertainty,0.13396785475279638,0
0,2000-11-10,0,1,-8,one_week_probability_motion,0.0021780473606441003,0
0,2000-11-10,0,1,-7,long_regime_uncertainty,0.16801542585867446,0
0,2000-11-10,0,1,-7,one_week_probability_motion,0.017023785552939097,0
0,2000-11-10,0,1,-6,long_regime_uncertainty,0.21459894702316906,0
0,2000-11-10,0,1,-6,one_week_probability_motion,0.0232917605822473,0
0,2000-11-10,0,1,-5,long_regime_uncertainty,0.22325329936359395,0
0,2000-11-10,0,1,-5,one_week_probability_motion,0.004327176170212388,0
0,2000-11-10,0,1,-4,long_regime_uncertainty,0.21044093755718574,0
0,2000-11-10,0,1,-4,one_week_probability_motion,0.006406180903204106,0
0,2000-11-10,0,1,-3,long_regime_uncertainty,0.19899910681449273,0
0,2000-11-10,0,1,-3,one_week_probability_motion,0.005720915371346474,0
0,2000-11-10,0,1,-2,long_regime_uncertainty,0.2147909615932525,0
0,2000-11-10,0,1,-2,one_week_probability_motion,0.0078959273893799,0
0,2000-11-10,0,1,-1,long_regime_uncertainty,0.05895397600210883,0
0,2000-11-10,0,1,-1,one_week_probability_motion,0.07791849279557192,0
0,2000-11-10,0,1,0,long_regime_uncertainty,0.019231254408936915,0
0,2000-11-10,0,1,0,one_week_probability_motion,0.9609073847944772,1
0,2000-11-10,0,1,1,long_regime_uncertainty,0.0442759558394763,0
0,2000-11-10,0,1,1,one_week_probability_motion,0.012522350715269637,0
0,2000-11-10,0,1,2,long_regime_uncertainty,0.053668994921619584,0
0,2000-11-10,0,1,2,one_week_probability_motion,0.004696519541071753,0
1,2004-01-02,1,0,-8,long_regime_uncertainty,0.27616779371475,0
1,2004-01-02,1,0,-8,one_week_probability_motion,0.04790003687112454,0
1,2004-01-02,1,0,-7,long_regime_uncertainty,0.365102320228502,0
1,2004-01-02,1,0,-7,one_week_probability_motion,0.044467263256876,0
1,2004-01-02,1,0,-6,long_regime_uncertainty,0.35194375061597727,0
1,2004-01-02,1,0,-6,one_week_probability_motion,0.006579284806262353,0
1,2004-01-02,1,0,-5,long_regime_uncertainty,0.24486378779754192,0
1,2004-01-02,1,0,-5,one_week_probability_motion,0.053539981409217785,0
1,2004-01-02,1,0,-4,long_regime_uncertainty,0.3414724148348657,0
1,2004-01-02,1,0,-4,one_week_probability_motion,0.048304313518661934,0
1,2004-01-02,1,0,-3,long_regime_uncertainty,0.42681736910221235,0
1,2004-01-02,1,0,-3,one_week_probability_motion,0.04267247713367339,0
1,2004-01-02,1,0,-2,long_regime_uncertainty,0.5206621522763921,0
1,2004-01-02,1,0,-2,one_week_probability_motion,0.046922391587089884,0
1,2004-01-02,1,0,-1,long_regime_uncertainty,0.7873045932239044,1
1,2004-01-02,1,0,-1,one_week_probability_motion,0.13332122047375605,1
1,2004-01-02,1,0,0,long_regime_uncertainty,0.966708163033219,1
1,2004-01-02,1,0,0,one_week_probability_motion,0.1229936218714382,1
1,2004-01-02,1,0,1,long_regime_uncertainty,0.7303299054879493,1
1,2004-01-02,1,0,1,one_week_probability_motion,0.1181891287726351,1
1,2004-01-02,1,0,2,long_regime_uncertainty,0.6694053471654544,1
1,2004-01-02,1,0,2,one_week_probability_motion,0.030462279161247385,0
2,2004-11-05,0,1,-8,long_regime_uncertainty,0.41075834875884065,0
2,2004-11-05,0,1,-8,one_week_probability_motion,0.08448845686815909,1
2,2004-11-05,0,1,-7,long_regime_uncertainty,0.2500449074683867,0
2,2004-11-05,0,1,-7,one_week_probability_motion,0.08035672064522681,1
2,2004-11-05,0,1,-6,long_regime_uncertainty,0.43094642291060814,0
2,2004-11-05,0,1,-6,one_week_probability_motion,0.09045075772111061,1
2,2004-11-05,0,1,-5,long_regime_uncertainty,0.552278690881822,1
2,2004-11-05,0,1,-5,one_week_probability_motion,0.060666133985606885,0
2,2004-11-05,0,1,-4,long_regime_uncertainty,0.5030674311469258,0
2,2004-11-05,0,1,-4,one_week_probability_motion,0.024605629867448076,0
2,2004-11-05,0,1,-3,long_regime_uncertainty,0.4743917281804463,0
2,2004-11-05,0,1,-3,one_week_probability_motion,0.014337851483239822,0
2,2004-11-05,0,1,-2,long_regime_uncertainty,0.4282391465083779,0
2,2004-11-05,0,1,-2,one_week_probability_motion,0.023076290836034102,0
2,2004-11-05,0,1,-1,long_regime_uncertainty,0.9063804545294525,1
2,2004-11-05,0,1,-1,one_week_probability_motion,0.23907065401053718,1
2,2004-11-05,0,1,0,long_regime_uncertainty,0.6456528795925185,1
2,2004-11-05,0,1,0,one_week_probability_motion,0.22398333293901468,1
2,2004-11-05,0,1,1,long_regime_uncertainty,0.6350398239874633,1
2,2004-11-05,0,1,1,one_week_probability_motion,0.005306527802527494,0
2,2004-11-05,0,1,2,long_regime_uncertainty,0.6795745032216025,1
2,2004-11-05,0,1,2,one_week_probability_motion,0.022267339617069615,0
3,2004-12-10,1,0,-8,long_regime_uncertainty,0.4743917281804463,0
3,2004-12-10,1,0,-8,one_week_probability_motion,0.014337851483239822,0
3,2004-12-10,1,0,-7,long_regime_uncertainty,0.4282391465083779,0
3,2004-12-10,1,0,-7,one_week_probability_motion,0.023076290836034102,0
3,2004-12-10,1,0,-6,long_regime_uncertainty,0.9063804545294525,1
3,2004-12-10,1,0,-6,one_week_probability_motion,0.23907065401053718,1
3,2004-12-10,1,0,-5,long_regime_uncertainty,0.6456528795925185,1
3,2004-12-10,1,0,-5,one_week_probability_motion,0.22398333293901468,1
3,2004-12-10,1,0,-4,long_regime_uncertainty,0.6350398239874633,1
3,2004-12-10,1,0,-4,one_week_probability_motion,0.005306527802527494,0
3,2004-12-10,1,0,-3,long_regime_uncertainty,0.6795745032216025,1
3,2004-12-10,1,0,-3,one_week_probability_motion,0.022267339617069615,0
3,2004-12-10,1,0,-2,long_regime_uncertainty,0.7705200301121403,1
3,2004-12-10,1,0,-2,one_week_probability_motion,0.04547276344526885,0
3,2004-12-10,1,0,-1,long_regime_uncertainty,0.9752933976010696,1
3,2004-12-10,1,0,-1,one_week_probability_motion,0.10238668374446469,1
3,2004-12-10,1,0,0,long_regime_uncertainty,0.8828258598673131,1
3,2004-12-10,1,0,0,one_week_probability_motion,0.0709403712658086,0
3,2004-12-10,1,0,1,long_regime_uncertainty,0.6367410653285389,1
3,2004-12-10,1,0,1,one_week_probability_motion,0.1230423972693871,1
3,2004-12-10,1,0,2,long_regime_uncertainty,0.5075934697579831,0
3,2004-12-10,1,0,2,one_week_probability_motion,0.06457379778527789,0
4,2006-11-03,0,1,-8,long_regime_uncertainty,0.6280889848672344,1
4,2006-11-03,0,1,-8,one_week_probability_motion,0.014478320389799348,0
4,2006-11-03,0,1,-7,long_regime_uncertainty,0.6602620512725336,1
4,2006-11-03,0,1,-7,one_week_probability_motion,0.016086533202649578,0
4,2006-11-03,0,1,-6,long_regime_uncertainty,0.5604721436293509,1
4,2006-11-03,0,1,-6,one_week_probability_motion,0.04989495382159126,0
4,2006-11-03,0,1,-5,long_regime_uncertainty,0.5814793304350375,1
4,2006-11-03,0,1,-5,one_week_probability_motion,0.010503593402843125,0
4,2006-11-03,0,1,-4,long_regime_uncertainty,0.4498896415332898,0
4,2006-11-03,0,1,-4,one_week_probability_motion,0.06579484445087369,0
4,2006-11-03,0,1,-3,long_regime_uncertainty,0.3349448288613699,0
4,2006-11-03,0,1,-3,one_week_probability_motion,0.057472406335959986,0
4,2006-11-03,0,1,-2,long_regime_uncertainty,0.20684351451806982,0
4,2006-11-03,0,1,-2,one_week_probability_motion,0.06405065717165002,0
4,2006-11-03,0,1,-1,long_regime_uncertainty,0.11268144501351995,0
4,2006-11-03,0,1,-1,one_week_probability_motion,0.04708103475227499,0
4,2006-11-03,0,1,0,long_regime_uncertainty,0.03459697512780324,0
4,2006-11-03,0,1,0,one_week_probability_motion,0.9263607899293383,1
4,2006-11-03,0,1,1,long_regime_uncertainty,0.03018405438870908,0
4,2006-11-03,0,1,1,one_week_probability_motion,0.002206460369547081,0
4,2006-11-03,0,1,2,long_regime_uncertainty,0.027745680758418767,0
4,2006-11-03,0,1,2,one_week_probability_motion,0.0012191868151452123,0
5,2007-07-27,1,0,-8,long_regime_uncertainty,0.09395370537853831,0
5,2007-07-27,1,0,-8,one_week_probability_motion,0.013589795820120543,0
5,2007-07-27,1,0,-7,long_regime_uncertainty,0.16953992416092012,0
5,2007-07-27,1,0,-7,one_week_probability_motion,0.03779310939119096,0
5,2007-07-27,1,0,-6,long_regime_uncertainty,0.18706326772525106,0
5,2007-07-27,1,0,-6,one_week_probability_motion,0.00876167178216547,0
5,2007-07-27,1,0,-5,long_regime_uncertainty,0.22157317664895415,0
5,2007-07-27,1,0,-5,one_week_probability_motion,0.017254954461851657,0
5,2007-07-27,1,0,-4,long_regime_uncertainty,0.15917912067252615,0
5,2007-07-27,1,0,-4,one_week_probability_motion,0.03119702798821411,0
5,2007-07-27,1,0,-3,long_regime_uncertainty,0.1846700033480697,0
5,2007-07-27,1,0,-3,one_week_probability_motion,0.01274544133777189,0
5,2007-07-27,1,0,-2,long_regime_uncertainty,0.16663006351676457,0
5,2007-07-27,1,0,-2,one_week_probability_motion,0.00901996991565257,0
5,2007-07-27,1,0,-1,long_regime_uncertainty,0.1767058684240318,0
5,2007-07-27,1,0,-1,one_week_probability_motion,0.005037902453633558,0
5,2007-07-27,1,0,0,long_regime_uncertainty,0.5496061440650528,1
5,2007-07-27,1,0,0,one_week_probability_motion,0.6368439937554577,1
5,2007-07-27,1,0,1,long_regime_uncertainty,0.5932773152852368,1
5,2007-07-27,1,0,1,one_week_probability_motion,0.021835585610091968,0
5,2007-07-27,1,0,2,long_regime_uncertainty,0.7448538198856615,1
5,2007-07-27,1,0,2,one_week_probability_motion,0.07578825230021236,0
6,2007-11-02,0,1,-8,long_regime_uncertainty,0.9706344237269118,1
6,2007-11-02,0,1,-8,one_week_probability_motion,0.017603710560559704,0
6,2007-11-02,0,1,-7,long_regime_uncertainty,0.8162233993687321,1
6,2007-11-02,0,1,-7,one_week_probability_motion,0.07720551217908989,0
6,2007-11-02,0,1,-6,long_regime_uncertainty,0.47214887627457114,0
6,2007-11-02,0,1,-6,one_week_probability_motion,0.1720372615470805,1
6,2007-11-02,0,1,-5,long_regime_uncertainty,0.6296901212207233,1
6,2007-11-02,0,1,-5,one_week_probability_motion,0.07877062247307598,1
6,2007-11-02,0,1,-4,long_regime_uncertainty,0.5185977159055233,0
6,2007-11-02,0,1,-4,one_week_probability_motion,0.05554620265759996,0
6,2007-11-02,0,1,-3,long_regime_uncertainty,0.71654744864698,1
6,2007-11-02,0,1,-3,one_week_probability_motion,0.0989748663707285,1
6,2007-11-02,0,1,-2,long_regime_uncertainty,0.22889046767268129,0
6,2007-11-02,0,1,-2,one_week_probability_motion,0.24382849048714939,1
6,2007-11-02,0,1,-1,long_regime_uncertainty,0.1655906240431333,0
6,2007-11-02,0,1,-1,one_week_probability_motion,0.03164992181477404,0
6,2007-11-02,0,1,0,long_regime_uncertainty,0.3474863548439677,0
6,2007-11-02,0,1,0,one_week_probability_motion,0.7434615105564495,1
6,2007-11-02,0,1,1,long_regime_uncertainty,0.6838886604157776,1
6,2007-11-02,0,1,1,one_week_probability_motion,0.16820115278590486,1
6,2007-11-02,0,1,2,long_regime_uncertainty,0.5625175017845078,1
6,2007-11-02,0,1,2,one_week_probability_motion,0.0606855793156349,0
7,2008-01-18,1,0,-8,long_regime_uncertainty,0.47364704443446504,0
7,2008-01-18,1,0,-8,one_week_probability_motion,0.044435228675021365,0
7,2008-01-18,1,0,-7,long_regime_uncertainty,0.614836084131368,1
7,2008-01-18,1,0,-7,one_week_probability_motion,0.07059451984845144,0
7,2008-01-18,1,0,-6,long_regime_uncertainty,0.44916434956432827,0
7,2008-01-18,1,0,-6,one_week_probability_motion,0.08283586728351988,1
7,2008-01-18,1,0,-5,long_regime_uncertainty,0.47255029192007625,0
7,2008-01-18,1,0,-5,one_week_probability_motion,0.011692971177874045,0
7,2008-01-18,1,0,-4,long_regime_uncertainty,0.3623228184091639,0
7,2008-01-18,1,0,-4,one_week_probability_motion,0.055113736755456166,0
7,2008-01-18,1,0,-3,long_regime_uncertainty,0.2968135605763327,0
7,2008-01-18,1,0,-3,one_week_probability_motion,0.03275462891641556,0
7,2008-01-18,1,0,-2,long_regime_uncertainty,0.7816490531860727,1
7,2008-01-18,1,0,-2,one_week_probability_motion,0.2424177463048699,1
7,2008-01-18,1,0,-1,long_regime_uncertainty,0.6086940280325935,1
7,2008-01-18,1,0,-1,one_week_probability_motion,0.08647751257673952,1
7,2008-01-18,1,0,0,long_regime_uncertainty,0.5894597575350458,1
7,2008-01-18,1,0,0,one_week_probability_motion,0.40092310721618035,1
7,2008-01-18,1,0,1,long_regime_uncertainty,0.882661466026704,1
7,2008-01-18,1,0,1,one_week_probability_motion,0.14660085424582908,1
7,2008-01-18,1,0,2,long_regime_uncertainty,0.2540832081892337,0
7,2008-01-18,1,0,2,one_week_probability_motion,0.3142891289187351,1
8,2008-02-29,0,1,-8,long_regime_uncertainty,0.7816490531860727,1
8,2008-02-29,0,1,-8,one_week_probability_motion,0.2424177463048699,1
8,2008-02-29,0,1,-7,long_regime_uncertainty,0.6086940280325935,1
8,2008-02-29,0,1,-7,one_week_probability_motion,0.08647751257673952,1
8,2008-02-29,0,1,-6,long_regime_uncertainty,0.5894597575350458,1
8,2008-02-29,0,1,-6,one_week_probability_motion,0.40092310721618035,1
8,2008-02-29,0,1,-5,long_regime_uncertainty,0.882661466026704,1
8,2008-02-29,0,1,-5,one_week_probability_motion,0.14660085424582908,1
8,2008-02-29,0,1,-4,long_regime_uncertainty,0.2540832081892337,0
8,2008-02-29,0,1,-4,one_week_probability_motion,0.3142891289187351,1
8,2008-02-29,0,1,-3,long_regime_uncertainty,0.07913424389775547,0
8,2008-02-29,0,1,-3,one_week_probability_motion,0.08747448214573919,1
8,2008-02-29,0,1,-2,long_regime_uncertainty,0.4836517523168856,0
8,2008-02-29,0,1,-2,one_week_probability_motion,0.20225875420956518,1
8,2008-02-29,0,1,-1,long_regime_uncertainty,0.8997800794717004,1
8,2008-02-29,0,1,-1,one_week_probability_motion,0.20806416357740734,1
8,2008-02-29,0,1,0,long_regime_uncertainty,0.9299320977974568,1
8,2008-02-29,0,1,0,one_week_probability_motion,0.08514391136542138,1
8,2008-02-29,0,1,1,long_regime_uncertainty,0.9326959668728236,1
8,2008-02-29,0,1,1,one_week_probability_motion,0.0013819345376833159,0
8,2008-02-29,0,1,2,long_regime_uncertainty,0.7049849518261206,1
8,2008-02-29,0,1,2,one_week_probability_motion,0.1138555075233515,1
9,2008-04-11,1,0,-8,long_regime_uncertainty,0.4836517523168856,0
9,2008-04-11,1,0,-8,one_week_probability_motion,0.20225875420956518,1
9,2008-04-11,1,0,-7,long_regime_uncertainty,0.8997800794717004,1
9,2008-04-11,1,0,-7,one_week_probability_motion,0.20806416357740734,1
9,2008-04-11,1,0,-6,long_regime_uncertainty,0.9299320977974568,1
9,2008-04-11,1,0,-6,one_week_probability_motion,0.08514391136542138,1
9,2008-04-11,1,0,-5,long_regime_uncertainty,0.9326959668728236,1
9,2008-04-11,1,0,-5,one_week_probability_motion,0.0013819345376833159,0
9,2008-04-11,1,0,-4,long_regime_uncertainty,0.7049849518261206,1
9,2008-04-11,1,0,-4,one_week_probability_motion,0.1138555075233515,1
9,2008-04-11,1,0,-3,long_regime_uncertainty,0.7544105939703186,1
9,2008-04-11,1,0,-3,one_week_probability_motion,0.024712821072099045,0
9,2008-04-11,1,0,-2,long_regime_uncertainty,0.5572678616241631,1
9,2008-04-11,1,0,-2,one_week_probability_motion,0.09857136617307771,1
9,2008-04-11,1,0,-1,long_regime_uncertainty,0.9131932424515835,1
9,2008-04-11,1,0,-1,one_week_probability_motion,0.17796269041371016,1
9,2008-04-11,1,0,0,long_regime_uncertainty,0.9551845157106567,1
9,2008-04-11,1,0,0,one_week_probability_motion,0.06581112091887986,0
9,2008-04-11,1,0,1,long_regime_uncertainty,0.48850342866877206,0
9,2008-04-11,1,0,1,one_week_probability_motion,0.23334054352094236,1
9,2008-04-11,1,0,2,long_regime_uncertainty,0.9802759686256611,1
9,2008-04-11,1,0,2,one_week_probability_motion,0.24588626997844443,1
10,2008-05-02,0,1,-8,long_regime_uncertainty,0.9326959668728236,1
10,2008-05-02,0,1,-8,one_week_probability_motion,0.0013819345376833159,0
10,2008-05-02,0,1,-7,long_regime_uncertainty,0.7049849518261206,1
10,2008-05-02,0,1,-7,one_week_probability_motion,0.1138555075233515,1
10,2008-05-02,0,1,-6,long_regime_uncertainty,0.7544105939703186,1
10,2008-05-02,0,1,-6,one_week_probability_motion,0.024712821072099045,0
10,2008-05-02,0,1,-5,long_regime_uncertainty,0.5572678616241631,1
10,2008-05-02,0,1,-5,one_week_probability_motion,0.09857136617307771,1
10,2008-05-02,0,1,-4,long_regime_uncertainty,0.9131932424515835,1
10,2008-05-02,0,1,-4,one_week_probability_motion,0.17796269041371016,1
10,2008-05-02,0,1,-3,long_regime_uncertainty,0.9551845157106567,1
10,2008-05-02,0,1,-3,one_week_probability_motion,0.06581112091887986,0
10,2008-05-02,0,1,-2,long_regime_uncertainty,0.48850342866877206,0
10,2008-05-02,0,1,-2,one_week_probability_motion,0.23334054352094236,1
10,2008-05-02,0,1,-1,long_regime_uncertainty,0.9802759686256611,1
10,2008-05-02,0,1,-1,one_week_probability_motion,0.24588626997844443,1
10,2008-05-02,0,1,0,long_regime_uncertainty,0.6883191042209347,1
10,2008-05-02,0,1,0,one_week_probability_motion,0.16570246357670226,1
10,2008-05-02,0,1,1,long_regime_uncertainty,0.5823033497129987,1
10,2008-05-02,0,1,1,one_week_probability_motion,0.05300787725396794,0
10,2008-05-02,0,1,2,long_regime_uncertainty,0.5002515377456237,0
10,2008-05-02,0,1,2,one_week_probability_motion,0.041025905983687494,0
11,2008-10-03,1,0,-8,long_regime_uncertainty,0.4080789385224133,0
11,2008-10-03,1,0,-8,one_week_probability_motion,0.021342746521151423,0
11,2008-10-03,1,0,-7,long_regime_uncertainty,0.3481276659532395,0
11,2008-10-03,1,0,-7,one_week_probability_motion,0.029975636284586882,0
11,2008-10-03,1,0,-6,long_regime_uncertainty,0.36803350200885343,0
11,2008-10-03,1,0,-6,one_week_probability_motion,0.009952918027806956,0
11,2008-10-03,1,0,-5,long_regime_uncertainty,0.41838768916761415,0
11,2008-10-03,1,0,-5,one_week_probability_motion,0.02517709357938036,0
11,2008-10-03,1,0,-4,long_regime_uncertainty,0.3010064978301136,0
11,2008-10-03,1,0,-4,one_week_probability_motion,0.058690595668750345,0
11,2008-10-03,1,0,-3,long_regime_uncertainty,0.3373576003684128,0
11,2008-10-03,1,0,-3,one_week_probability_motion,0.018175551269149604,0
11,2008-10-03,1,0,-2,long_regime_uncertainty,0.3549830409737207,0
11,2008-10-03,1,0,-2,one_week_probability_motion,0.008812720302653898,0
11,2008-10-03,1,0,-1,long_regime_uncertainty,0.4150665263025981,0
11,2008-10-03,1,0,-1,one_week_probability_motion,0.03004174266443882,0
11,2008-10-03,1,0,0,long_regime_uncertainty,0.010467953360731475,0
11,2008-10-03,1,0,0,one_week_probability_motion,0.7872327601683351,1
11,2008-10-03,1,0,1,long_regime_uncertainty,1.9984014443252818e-15,0
11,2008-10-03,1,0,1,one_week_probability_motion,0.005233976680364751,0
11,2008-10-03,1,0,2,long_regime_uncertainty,0.07146316522633356,0
11,2008-10-03,1,0,2,one_week_probability_motion,0.035731582613165676,0
12,2008-10-31,0,1,-8,long_regime_uncertainty,0.3010064978301136,0
12,2008-10-31,0,1,-8,one_week_probability_motion,0.058690595668750345,0
12,2008-10-31,0,1,-7,long_regime_uncertainty,0.3373576003684128,0
12,2008-10-31,0,1,-7,one_week_probability_motion,0.018175551269149604,0
12,2008-10-31,0,1,-6,long_regime_uncertainty,0.3549830409737207,0
12,2008-10-31,0,1,-6,one_week_probability_motion,0.008812720302653898,0
12,2008-10-31,0,1,-5,long_regime_uncertainty,0.4150665263025981,0
12,2008-10-31,0,1,-5,one_week_probability_motion,0.03004174266443882,0
12,2008-10-31,0,1,-4,long_regime_uncertainty,0.010467953360731475,0
12,2008-10-31,0,1,-4,one_week_probability_motion,0.7872327601683351,1
12,2008-10-31,0,1,-3,long_regime_uncertainty,1.9984014443252818e-15,0
12,2008-10-31,0,1,-3,one_week_probability_motion,0.005233976680364751,0
12,2008-10-31,0,1,-2,long_regime_uncertainty,0.07146316522633356,0
12,2008-10-31,0,1,-2,one_week_probability_motion,0.035731582613165676,0
12,2008-10-31,0,1,-1,long_regime_uncertainty,0.001012070117314412,0
12,2008-10-31,0,1,-1,one_week_probability_motion,0.0352255475545096,0
12,2008-10-31,0,1,0,long_regime_uncertainty,0.014687469154000765,0
12,2008-10-31,0,1,0,one_week_probability_motion,0.9921502303643425,1
12,2008-10-31,0,1,1,long_regime_uncertainty,0.2877096757871568,0
12,2008-10-31,0,1,1,one_week_probability_motion,0.136511103316578,1
12,2008-10-31,0,1,2,long_regime_uncertainty,0.1621881317495507,0
12,2008-10-31,0,1,2,one_week_probability_motion,0.06276077201880303,0
13,2008-12-12,1,0,-8,long_regime_uncertainty,0.07146316522633356,0
13,2008-12-12,1,0,-8,one_week_probability_motion,0.035731582613165676,0
13,2008-12-12,1,0,-7,long_regime_uncertainty,0.001012070117314412,0
13,2008-12-12,1,0,-7,one_week_probability_motion,0.0352255475545096,0
13,2008-12-12,1,0,-6,long_regime_uncertainty,0.014687469154000765,0
13,2008-12-12,1,0,-6,one_week_probability_motion,0.9921502303643425,1
13,2008-12-12,1,0,-5,long_regime_uncertainty,0.2877096757871568,0
13,2008-12-12,1,0,-5,one_week_probability_motion,0.136511103316578,1
13,2008-12-12,1,0,-4,long_regime_uncertainty,0.1621881317495507,0
13,2008-12-12,1,0,-4,one_week_probability_motion,0.06276077201880303,0
13,2008-12-12,1,0,-3,long_regime_uncertainty,0.021476313118211854,0
13,2008-12-12,1,0,-3,one_week_probability_motion,0.07035590931566948,0
13,2008-12-12,1,0,-2,long_regime_uncertainty,0.0029727213334077573,0
13,2008-12-12,1,0,-2,one_week_probability_motion,0.009251795892401993,0
13,2008-12-12,1,0,-1,long_regime_uncertainty,0.45035394919285887,0
13,2008-12-12,1,0,-1,one_week_probability_motion,0.22369061392972556,1
13,2008-12-12,1,0,0,long_regime_uncertainty,0.9670872203829699,1
13,2008-12-12,1,0,0,one_week_probability_motion,0.2912794152120856,1
13,2008-12-12,1,0,1,long_regime_uncertainty,0.6898716575605277,1
13,2008-12-12,1,0,1,one_week_probability_motion,0.1386077814112211,1
13,2008-12-12,1,0,2,long_regime_uncertainty,0.6359407453118169,1
13,2008-12-12,1,0,2,one_week_probability_motion,0.026965456124355414,0
14,2009-02-20,0,1,-8,long_regime_uncertainty,0.6359407453118169,1
14,2009-02-20,0,1,-8,one_week_probability_motion,0.026965456124355414,0
14,2009-02-20,0,1,-7,long_regime_uncertainty,0.5058999543448808,0
14,2009-02-20,0,1,-7,one_week_probability_motion,0.06502039548346816,0
14,2009-02-20,0,1,-6,long_regime_uncertainty,0.5839685844178341,1
14,2009-02-20,0,1,-6,one_week_probability_motion,0.03903431503647675,0
14,2009-02-20,0,1,-5,long_regime_uncertainty,0.6848800988155057,1
14,2009-02-20,0,1,-5,one_week_probability_motion,0.05045575719883583,0
14,2009-02-20,0,1,-4,long_regime_uncertainty,0.49987254894261557,0
14,2009-02-20,0,1,-4,one_week_probability_motion,0.0925037749364451,1
14,2009-02-20,0,1,-3,long_regime_uncertainty,0.4941473294250385,0
14,2009-02-20,0,1,-3,one_week_probability_motion,0.0028626097587884924,0
14,2009-02-20,0,1,-2,long_regime_uncertainty,0.3020633011667281,0
14,2009-02-20,0,1,-2,one_week_probability_motion,0.0960420141291552,1
14,2009-02-20,0,1,-1,long_regime_uncertainty,0.31325023849408073,0
14,2009-02-20,0,1,-1,one_week_probability_motion,0.005593468663676299,0
14,2009-02-20,0,1,0,long_regime_uncertainty,0.9831779812483825,1
14,2009-02-20,0,1,0,one_week_probability_motion,0.3517858901287683,1
14,2009-02-20,0,1,1,long_regime_uncertainty,0.8990676662338604,1
14,2009-02-20,0,1,1,one_week_probability_motion,0.04205515750726119,0
14,2009-02-20,0,1,2,long_regime_uncertainty,0.24643103330369953,0
14,2009-02-20,0,1,2,one_week_probability_motion,0.32631831646508036,1
15,2009-04-10,1,0,-8,long_regime_uncertainty,0.31325023849408073,0
15,2009-04-10,1,0,-8,one_week_probability_motion,0.005593468663676299,0
15,2009-04-10,1,0,-7,long_regime_uncertainty,0.9831779812483825,1
15,2009-04-10,1,0,-7,one_week_probability_motion,0.3517858901287683,1
15,2009-04-10,1,0,-6,long_regime_uncertainty,0.8990676662338604,1
15,2009-04-10,1,0,-6,one_week_probability_motion,0.04205515750726119,0
15,2009-04-10,1,0,-5,long_regime_uncertainty,0.24643103330369953,0
15,2009-04-10,1,0,-5,one_week_probability_motion,0.32631831646508036,1
15,2009-04-10,1,0,-4,long_regime_uncertainty,0.016605571870766167,0
15,2009-04-10,1,0,-4,one_week_probability_motion,0.11491273071646668,1
15,2009-04-10,1,0,-3,long_regime_uncertainty,0.5792993813681251,1
15,2009-04-10,1,0,-3,one_week_probability_motion,0.2813469047486794,1
15,2009-04-10,1,0,-2,long_regime_uncertainty,0.5010450532332458,0
15,2009-04-10,1,0,-2,one_week_probability_motion,0.03912716406743966,0
15,2009-04-10,1,0,-1,long_regime_uncertainty,0.9154251054031847,1
15,2009-04-10,1,0,-1,one_week_probability_motion,0.2071900260849695,1
15,2009-04-10,1,0,0,long_regime_uncertainty,0.7234521003548131,1
15,2009-04-10,1,0,0,one_week_probability_motion,0.1805613971210011,1
15,2009-04-10,1,0,1,long_regime_uncertainty,0.6746793478192317,1
15,2009-04-10,1,0,1,one_week_probability_motion,0.02438637626779072,0
15,2009-04-10,1,0,2,long_regime_uncertainty,0.792535961982407,1
15,2009-04-10,1,0,2,one_week_probability_motion,0.05892830708158764,0
16,2009-08-28,0,1,-8,long_regime_uncertainty,0.8145193838441096,1
16,2009-08-28,0,1,-8,one_week_probability_motion,0.05111756593165623,0
16,2009-08-28,0,1,-7,long_regime_uncertainty,0.8347180464252185,1
16,2009-08-28,0,1,-7,one_week_probability_motion,0.010099331290554514,0
16,2009-08-28,0,1,-6,long_regime_uncertainty,0.0983105500068514,0
16,2009-08-28,0,1,-6,one_week_probability_motion,0.3682037482091837,1
16,2009-08-28,0,1,-5,long_regime_uncertainty,0.13665612936198246,0
16,2009-08-28,0,1,-5,one_week_probability_motion,0.019172789677565603,0
16,2009-08-28,0,1,-4,long_regime_uncertainty,0.3905317499588875,0
16,2009-08-28,0,1,-4,one_week_probability_motion,0.12693781029845258,1
16,2009-08-28,0,1,-3,long_regime_uncertainty,0.5665792287123089,1
16,2009-08-28,0,1,-3,one_week_probability_motion,0.08802373937671071,1
16,2009-08-28,0,1,-2,long_regime_uncertainty,0.7882452291294785,1
16,2009-08-28,0,1,-2,one_week_probability_motion,0.11083300020858466,1
16,2009-08-28,0,1,-1,long_regime_uncertainty,0.9468219798901317,1
16,2009-08-28,0,1,-1,one_week_probability_motion,0.07928837538032663,1
16,2009-08-28,0,1,0,long_regime_uncertainty,0.8956308942202343,1
16,2009-08-28,0,1,0,one_week_probability_motion,0.07877356294481708,1
16,2009-08-28,0,1,1,long_regime_uncertainty,0.8464753146387392,1
16,2009-08-28,0,1,1,one_week_probability_motion,0.02457778979074754,0
16,2009-08-28,0,1,2,long_regime_uncertainty,0.7453149779161742,1
16,2009-08-28,0,1,2,one_week_probability_motion,0.05058016836128254,0
17,2009-10-30,1,0,-8,long_regime_uncertainty,0.8464753146387392,1
17,2009-10-30,1,0,-8,one_week_probability_motion,0.02457778979074754,0
17,2009-10-30,1,0,-7,long_regime_uncertainty,0.7453149779161742,1
17,2009-10-30,1,0,-7,one_week_probability_motion,0.05058016836128254,0
17,2009-10-30,1,0,-6,long_regime_uncertainty,0.6648291264222926,1
17,2009-10-30,1,0,-6,one_week_probability_motion,0.04024292574694077,0
17,2009-10-30,1,0,-5,long_regime_uncertainty,0.7277770656824667,1
17,2009-10-30,1,0,-5,one_week_probability_motion,0.031473969630087084,0
17,2009-10-30,1,0,-4,long_regime_uncertainty,0.7385444483703856,1
17,2009-10-30,1,0,-4,one_week_probability_motion,0.005383691343959329,0
17,2009-10-30,1,0,-3,long_regime_uncertainty,0.8047601527410861,1
17,2009-10-30,1,0,-3,one_week_probability_motion,0.22834769944426425,1
17,2009-10-30,1,0,-2,long_regime_uncertainty,0.9503803605682357,1
17,2009-10-30,1,0,-2,one_week_probability_motion,0.12242974334533907,1
17,2009-10-30,1,0,-1,long_regime_uncertainty,0.7783393451432941,1
17,2009-10-30,1,0,-1,one_week_probability_motion,0.08602050771247083,1
17,2009-10-30,1,0,0,long_regime_uncertainty,0.014806803822084325,0
17,2009-10-30,1,0,0,one_week_probability_motion,0.6034269255173107,1
17,2009-10-30,1,0,1,long_regime_uncertainty,0.011960965585936734,0
17,2009-10-30,1,0,1,one_week_probability_motion,0.0014229191180738692,0
17,2009-10-30,1,0,2,long_regime_uncertainty,0.04394431102873819,0
17,2009-10-30,1,0,2,one_week_probability_motion,0.0159916727214007,0
18,2009-12-11,0,1,-8,long_regime_uncertainty,0.9503803605682357,1
18,2009-12-11,0,1,-8,one_week_probability_motion,0.12242974334533907,1
18,2009-12-11,0,1,-7,long_regime_uncertainty,0.7783393451432941,1
18,2009-12-11,0,1,-7,one_week_probability_motion,0.08602050771247083,1
18,2009-12-11,0,1,-6,long_regime_uncertainty,0.014806803822084325,0
18,2009-12-11,0,1,-6,one_week_probability_motion,0.6034269255173107,1
18,2009-12-11,0,1,-5,long_regime_uncertainty,0.011960965585936734,0
18,2009-12-11,0,1,-5,one_week_probability_motion,0.0014229191180738692,0
18,2009-12-11,0,1,-4,long_regime_uncertainty,0.04394431102873819,0
18,2009-12-11,0,1,-4,one_week_probability_motion,0.0159916727214007,0
18,2009-12-11,0,1,-3,long_regime_uncertainty,0.15529923027886705,0
18,2009-12-11,0,1,-3,one_week_probability_motion,0.0556774596250644,0
18,2009-12-11,0,1,-2,long_regime_uncertainty,0.3754466840874564,0
18,2009-12-11,0,1,-2,one_week_probability_motion,0.1100737269042948,1
18,2009-12-11,0,1,-1,long_regime_uncertainty,0.6918604686875369,1
18,2009-12-11,0,1,-1,one_week_probability_motion,0.1582068923000402,1
18,2009-12-11,0,1,0,long_regime_uncertainty,0.909443512609301,1
18,2009-12-11,0,1,0,one_week_probability_motion,0.19934800935158098,1
18,2009-12-11,0,1,1,long_regime_uncertainty,0.6578092588224409,1
18,2009-12-11,0,1,1,one_week_probability_motion,0.12581712689343005,1
18,2009-12-11,0,1,2,long_regime_uncertainty,0.6851662634265832,1
18,2009-12-11,0,1,2,one_week_probability_motion,0.013678502302071127,0
19,2010-01-22,1,0,-8,long_regime_uncertainty,0.3754466840874564,0
19,2010-01-22,1,0,-8,one_week_probability_motion,0.1100737269042948,1
19,2010-01-22,1,0,-7,long_regime_uncertainty,0.6918604686875369,1
19,2010-01-22,1,0,-7,one_week_probability_motion,0.1582068923000402,1
19,2010-01-22,1,0,-6,long_regime_uncertainty,0.909443512609301,1
19,2010-01-22,1,0,-6,one_week_probability_motion,0.19934800935158098,1
19,2010-01-22,1,0,-5,long_regime_uncertainty,0.6578092588224409,1
19,2010-01-22,1,0,-5,one_week_probability_motion,0.12581712689343005,1
19,2010-01-22,1,0,-4,long_regime_uncertainty,0.6851662634265832,1
19,2010-01-22,1,0,-4,one_week_probability_motion,0.013678502302071127,0
19,2010-01-22,1,0,-3,long_regime_uncertainty,0.6731825193785546,1
19,2010-01-22,1,0,-3,one_week_probability_motion,0.005991872024014411,0
19,2010-01-22,1,0,-2,long_regime_uncertainty,0.9362586499026826,1
19,2010-01-22,1,0,-2,one_week_probability_motion,0.13153806526206402,1
19,2010-01-22,1,0,-1,long_regime_uncertainty,0.7791601806124238,1
19,2010-01-22,1,0,-1,one_week_probability_motion,0.07854923464512942,0
19,2010-01-22,1,0,0,long_regime_uncertainty,0.43486457681253665,0
19,2010-01-22,1,0,0,one_week_probability_motion,0.39298762128751985,1
19,2010-01-22,1,0,1,long_regime_uncertainty,0.4718487465699418,0
19,2010-01-22,1,0,1,one_week_probability_motion,0.018492084878702436,0
19,2010-01-22,1,0,2,long_regime_uncertainty,0.65011505987979,1
19,2010-01-22,1,0,2,one_week_probability_motion,0.08913315665492424,1
20,2010-03-26,0,1,-8,long_regime_uncertainty,0.4718487465699418,0
20,2010-03-26,0,1,-8,one_week_probability_motion,0.018492084878702436,0
20,2010-03-26,0,1,-7,long_regime_uncertainty,0.65011505987979,1
20,2010-03-26,0,1,-7,one_week_probability_motion,0.08913315665492424,1
20,2010-03-26,0,1,-6,long_regime_uncertainty,0.9285708788036041,1
20,2010-03-26,0,1,-6,one_week_probability_motion,0.13922790946190705,1
20,2010-03-26,0,1,-5,long_regime_uncertainty,0.5082962879358748,0
20,2010-03-26,0,1,-5,one_week_probability_motion,0.21013729543386472,1
20,2010-03-26,0,1,-4,long_regime_uncertainty,0.7296910932686709,1
20,2010-03-26,0,1,-4,one_week_probability_motion,0.11069740266639816,1
20,2010-03-26,0,1,-3,long_regime_uncertainty,0.3986503159537348,0
20,2010-03-26,0,1,-3,one_week_probability_motion,0.16552038865746813,1
20,2010-03-26,0,1,-2,long_regime_uncertainty,0.6337910962203379,1
20,2010-03-26,0,1,-2,one_week_probability_motion,0.11757039013330159,1
20,2010-03-26,0,1,-1,long_regime_uncertainty,0.97848049934589,1
20,2010-03-26,0,1,-1,one_week_probability_motion,0.17234470156277598,1
20,2010-03-26,0,1,0,long_regime_uncertainty,0.6348755227987903,1
20,2010-03-26,0,1,0,one_week_probability_motion,0.19332198892765984,1
20,2010-03-26,0,1,1,long_regime_uncertainty,0.3501870672508859,0
20,2010-03-26,0,1,1,one_week_probability_motion,0.14234422777395228,1
20,2010-03-26,0,1,2,long_regime_uncertainty,0.20394325330453333,0
20,2010-03-26,0,1,2,one_week_probability_motion,0.07312190697317622,0
21,2010-05-07,1,0,-8,long_regime_uncertainty,0.6337910962203379,1
21,2010-05-07,1,0,-8,one_week_probability_motion,0.11757039013330159,1
21,2010-05-07,1,0,-7,long_regime_uncertainty,0.97848049934589,1
21,2010-05-07,1,0,-7,one_week_probability_motion,0.17234470156277598,1
21,2010-05-07,1,0,-6,long_regime_uncertainty,0.6348755227987903,1
21,2010-05-07,1,0,-6,one_week_probability_motion,0.19332198892765984,1
21,2010-05-07,1,0,-5,long_regime_uncertainty,0.3501870672508859,0
21,2010-05-07,1,0,-5,one_week_probability_motion,0.14234422777395228,1
21,2010-05-07,1,0,-4,long_regime_uncertainty,0.20394325330453333,0
21,2010-05-07,1,0,-4,one_week_probability_motion,0.07312190697317622,0
21,2010-05-07,1,0,-3,long_regime_uncertainty,0.1181816064928718,0
21,2010-05-07,1,0,-3,one_week_probability_motion,0.04288082340583088,0
21,2010-05-07,1,0,-2,long_regime_uncertainty,0.125986322067549,0
21,2010-05-07,1,0,-2,one_week_probability_motion,0.003902357787338717,0
21,2010-05-07,1,0,-1,long_regime_uncertainty,0.35336812426228126,0
21,2010-05-07,1,0,-1,one_week_probability_motion,0.11369090109736602,1
21,2010-05-07,1,0,0,long_regime_uncertainty,0.05476332604642942,0
21,2010-05-07,1,0,0,one_week_probability_motion,0.7959342748456448,1
21,2010-05-07,1,0,1,long_regime_uncertainty,0.08240115615838683,0
21,2010-05-07,1,0,1,one_week_probability_motion,0.013818915055978716,0
21,2010-05-07,1,0,2,long_regime_uncertainty,0.008193957282196851,0
21,2010-05-07,1,0,2,one_week_probability_motion,0.03710359943809484,0
22,2010-10-15,0,1,-8,long_regime_uncertainty,0.06299624665911496,0
22,2010-10-15,0,1,-8,one_week_probability_motion,0.025214530525809284,0
22,2010-10-15,0,1,-7,long_regime_uncertainty,0.12607417852391356,0
22,2010-10-15,0,1,-7,one_week_probability_motion,0.0315389659323993,0
22,2010-10-15,0,1,-6,long_regime_uncertainty,0.018900087836483004,0
22,2010-10-15,0,1,-6,one_week_probability_motion,0.0535870453437153,0
22,2010-10-15,0,1,-5,long_regime_uncertainty,0.14239430494682592,0
22,2010-10-15,0,1,-5,one_week_probability_motion,0.0617471085551714,0
22,2010-10-15,0,1,-4,long_regime_uncertainty,0.32284073049765083,0
22,2010-10-15,0,1,-4,one_week_probability_motion,0.09022321277541259,1
22,2010-10-15,0,1,-3,long_regime_uncertainty,0.3815353017516496,0
22,2010-10-15,0,1,-3,one_week_probability_motion,0.029347285626999425,0
22,2010-10-15,0,1,-2,long_regime_uncertainty,0.6474239251901627,1
22,2010-10-15,0,1,-2,one_week_probability_motion,0.13294431171925647,1
22,2010-10-15,0,1,-1,long_regime_uncertainty,0.8860329708240959,1
22,2010-10-15,0,1,-1,one_week_probability_motion,0.11930452281696663,1
22,2010-10-15,0,1,0,long_regime_uncertainty,0.6873894754598683,1
22,2010-10-15,0,1,0,one_week_probability_motion,0.2132887768580179,1
22,2010-10-15,0,1,1,long_regime_uncertainty,0.3476955500755895,0
22,2010-10-15,0,1,1,one_week_probability_motion,0.1698469626921394,1
22,2010-10-15,0,1,2,long_regime_uncertainty,0.72833271616385,1
22,2010-10-15,0,1,2,one_week_probability_motion,0.19031858304413019,1
23,2010-11-05,1,0,-8,long_regime_uncertainty,0.14239430494682592,0
23,2010-11-05,1,0,-8,one_week_probability_motion,0.0617471085551714,0
23,2010-11-05,1,0,-7,long_regime_uncertainty,0.32284073049765083,0
23,2010-11-05,1,0,-7,one_week_probability_motion,0.09022321277541259,1
23,2010-11-05,1,0,-6,long_regime_uncertainty,0.3815353017516496,0
23,2010-11-05,1,0,-6,one_week_probability_motion,0.029347285626999425,0
23,2010-11-05,1,0,-5,long_regime_uncertainty,0.6474239251901627,1
23,2010-11-05,1,0,-5,one_week_probability_motion,0.13294431171925647,1
23,2010-11-05,1,0,-4,long_regime_uncertainty,0.8860329708240959,1
23,2010-11-05,1,0,-4,one_week_probability_motion,0.11930452281696663,1
23,2010-11-05,1,0,-3,long_regime_uncertainty,0.6873894754598683,1
23,2010-11-05,1,0,-3,one_week_probability_motion,0.2132887768580179,1
23,2010-11-05,1,0,-2,long_regime_uncertainty,0.3476955500755895,0
23,2010-11-05,1,0,-2,one_week_probability_motion,0.1698469626921394,1
23,2010-11-05,1,0,-1,long_regime_uncertainty,0.72833271616385,1
23,2010-11-05,1,0,-1,one_week_probability_motion,0.19031858304413019,1
23,2010-11-05,1,0,0,long_regime_uncertainty,0.3422360501395001,0
23,2010-11-05,1,0,0,one_week_probability_motion,0.464715616848325,1
23,2010-11-05,1,0,1,long_regime_uncertainty,0.2950119876554227,0
23,2010-11-05,1,0,1,one_week_probability_motion,0.023612031242038672,0
23,2010-11-05,1,0,2,long_regime_uncertainty,0.4415671802736105,0
23,2010-11-05,1,0,2,one_week_probability_motion,0.07327759630909389,0
24,2010-12-31,0,1,-8,long_regime_uncertainty,0.3422360501395001,0
24,2010-12-31,0,1,-8,one_week_probability_motion,0.464715616848325,1
24,2010-12-31,0,1,-7,long_regime_uncertainty,0.2950119876554227,0
24,2010-12-31,0,1,-7,one_week_probability_motion,0.023612031242038672,0
24,2010-12-31,0,1,-6,long_regime_uncertainty,0.4415671802736105,0
24,2010-12-31,0,1,-6,one_week_probability_motion,0.07327759630909389,0
24,2010-12-31,0,1,-5,long_regime_uncertainty,0.5296588399270498,0
24,2010-12-31,0,1,-5,one_week_probability_motion,0.04404582982671962,0
24,2010-12-31,0,1,-4,long_regime_uncertainty,0.2617828975920954,0
24,2010-12-31,0,1,-4,one_week_probability_motion,0.13393797116747722,1
24,2010-12-31,0,1,-3,long_regime_uncertainty,0.3448588903090648,0
24,2010-12-31,0,1,-3,one_week_probability_motion,0.04153799635848468,0
24,2010-12-31,0,1,-2,long_regime_uncertainty,0.5512297170189845,1
24,2010-12-31,0,1,-2,one_week_probability_motion,0.1031854133549599,1
24,2010-12-31,0,1,-1,long_regime_uncertainty,0.8048747431097867,1
24,2010-12-31,0,1,-1,one_week_probability_motion,0.1268225130454011,1
24,2010-12-31,0,1,0,long_regime_uncertainty,0.8922832522614579,1
24,2010-12-31,0,1,0,one_week_probability_motion,0.15142100231437766,1
24,2010-12-31,0,1,1,long_regime_uncertainty,0.6118906765605845,1
24,2010-12-31,0,1,1,one_week_probability_motion,0.1401962878504367,1
24,2010-12-31,0,1,2,long_regime_uncertainty,0.5400247327633881,1
24,2010-12-31,0,1,2,one_week_probability_motion,0.03593297189859823,0
25,2011-07-01,1,0,-8,long_regime_uncertainty,0.43452121922608045,0
25,2011-07-01,1,0,-8,one_week_probability_motion,0.03494282372386348,0
25,2011-07-01,1,0,-7,long_regime_uncertainty,0.3154648679233809,0
25,2011-07-01,1,0,-7,one_week_probability_motion,0.059528175651349824,0
25,2011-07-01,1,0,-6,long_regime_uncertainty,0.23086978674524572,0
25,2011-07-01,1,0,-6,one_week_probability_motion,0.04229754058906765,0
25,2011-07-01,1,0,-5,long_regime_uncertainty,0.16216374773112807,0
25,2011-07-01,1,0,-5,one_week_probability_motion,0.034353019507058824,0
25,2011-07-01,1,0,-4,long_regime_uncertainty,0.24763627107953445,0
25,2011-07-01,1,0,-4,one_week_probability_motion,0.04273626167420319,0
25,2011-07-01,1,0,-3,long_regime_uncertainty,0.2984719119830279,0
25,2011-07-01,1,0,-3,one_week_probability_motion,0.025417820451746787,0
25,2011-07-01,1,0,-2,long_regime_uncertainty,0.2017835332467499,0
25,2011-07-01,1,0,-2,one_week_probability_motion,0.048344189368139,0
25,2011-07-01,1,0,-1,long_regime_uncertainty,0.14128786769752733,0
25,2011-07-01,1,0,-1,one_week_probability_motion,0.030247832774611405,0
25,2011-07-01,1,0,0,long_regime_uncertainty,0.38479316423991683,0
25,2011-07-01,1,0,0,one_week_probability_motion,0.736959484031278,1
25,2011-07-01,1,0,1,long_regime_uncertainty,0.6366486171278114,1
25,2011-07-01,1,0,1,one_week_probability_motion,0.1259277264439473,1
25,2011-07-01,1,0,2,long_regime_uncertainty,0.5701908472119082,1
25,2011-07-01,1,0,2,one_week_probability_motion,0.033228884957951677,0
26,2012-03-02,0,1,-8,long_regime_uncertainty,0.04199144811403599,0
26,2012-03-02,0,1,-8,one_week_probability_motion,0.015627903913240527,0
26,2012-03-02,0,1,-7,long_regime_uncertainty,0.14623489081928975,0
26,2012-03-02,0,1,-7,one_week_probability_motion,0.05212172135262679,0
26,2012-03-02,0,1,-6,long_regime_uncertainty,0.13906890862164745,0
26,2012-03-02,0,1,-6,one_week_probability_motion,0.003582991098821195,0
26,2012-03-02,0,1,-5,long_regime_uncertainty,0.2870058700461041,0
26,2012-03-02,0,1,-5,one_week_probability_motion,0.0739684807122283,0
26,2012-03-02,0,1,-4,long_regime_uncertainty,0.21771740813412432,0
26,2012-03-02,0,1,-4,one_week_probability_motion,0.0346442309559898,0
26,2012-03-02,0,1,-3,long_regime_uncertainty,0.35332330867114636,0
26,2012-03-02,0,1,-3,one_week_probability_motion,0.067802950268511,0
26,2012-03-02,0,1,-2,long_regime_uncertainty,0.5140158719160439,0
26,2012-03-02,0,1,-2,one_week_probability_motion,0.0803462816224488,1
26,2012-03-02,0,1,-1,long_regime_uncertainty,0.8418399727240001,1
26,2012-03-02,0,1,-1,one_week_probability_motion,0.1639120504039781,1
26,2012-03-02,0,1,0,long_regime_uncertainty,0.8014147240922916,1
26,2012-03-02,0,1,0,one_week_probability_motion,0.17837265159185411,1
26,2012-03-02,0,1,1,long_regime_uncertainty,0.5227112830165696,0
26,2012-03-02,0,1,1,one_week_probability_motion,0.13935172053786105,1
26,2012-03-02,0,1,2,long_regime_uncertainty,0.8402216288520628,1
26,2012-03-02,0,1,2,one_week_probability_motion,0.15875517291774666,1
27,2012-05-18,1,0,-8,long_regime_uncertainty,0.7125957284125659,1
27,2012-05-18,1,0,-8,one_week_probability_motion,0.06381295021974842,0
27,2012-05-18,1,0,-7,long_regime_uncertainty,0.48480194559724643,0
27,2012-05-18,1,0,-7,one_week_probability_motion,0.11389689140765968,1
27,2012-05-18,1,0,-6,long_regime_uncertainty,0.44907849571936287,0
27,2012-05-18,1,0,-6,one_week_probability_motion,0.01786172493894178,0
27,2012-05-18,1,0,-5,long_regime_uncertainty,0.5780358876295861,1
27,2012-05-18,1,0,-5,one_week_probability_motion,0.06447869595511158,0
27,2012-05-18,1,0,-4,long_regime_uncertainty,0.44202342690236107,0
27,2012-05-18,1,0,-4,one_week_probability_motion,0.06800623036361264,0
27,2012-05-18,1,0,-3,long_regime_uncertainty,0.46251981690479693,0
27,2012-05-18,1,0,-3,one_week_probability_motion,0.010248195001217875,0
27,2012-05-18,1,0,-2,long_regime_uncertainty,0.6461508762919298,1
27,2012-05-18,1,0,-2,one_week_probability_motion,0.09181552969356654,1
27,2012-05-18,1,0,-1,long_regime_uncertainty,0.5470714624249797,1
27,2012-05-18,1,0,-1,one_week_probability_motion,0.04953970693347498,0
27,2012-05-18,1,0,0,long_regime_uncertainty,0.5753726831892768,1
27,2012-05-18,1,0,0,one_week_probability_motion,0.4387779271928717,1
27,2012-05-18,1,0,1,long_regime_uncertainty,0.6255381868638641,1
27,2012-05-18,1,0,1,one_week_probability_motion,0.02508275183729375,0
27,2012-05-18,1,0,2,long_regime_uncertainty,0.3567696949883292,0
27,2012-05-18,1,0,2,one_week_probability_motion,0.13438424593776746,1
28,2012-08-03,0,1,-8,long_regime_uncertainty,0.09941218100261306,0
28,2012-08-03,0,1,-8,one_week_probability_motion,0.12867875699285825,1
28,2012-08-03,0,1,-7,long_regime_uncertainty,0.16145412583106933,0
28,2012-08-03,0,1,-7,one_week_probability_motion,0.031020972414228194,0
28,2012-08-03,0,1,-6,long_regime_uncertainty,0.23031423846221488,0
28,2012-08-03,0,1,-6,one_week_probability_motion,0.0344300563155729,0
28,2012-08-03,0,1,-5,long_regime_uncertainty,0.2093248141245847,0
28,2012-08-03,0,1,-5,one_week_probability_motion,0.010494712168815201,0
28,2012-08-03,0,1,-4,long_regime_uncertainty,0.2845631890618656,0
28,2012-08-03,0,1,-4,one_week_probability_motion,0.037619187468640514,0
28,2012-08-03,0,1,-3,long_regime_uncertainty,0.4648546754974203,0
28,2012-08-03,0,1,-3,one_week_probability_motion,0.0901457432177773,1
28,2012-08-03,0,1,-2,long_regime_uncertainty,0.7432758283291576,1
28,2012-08-03,0,1,-2,one_week_probability_motion,0.1392105764158686,1
28,2012-08-03,0,1,-1,long_regime_uncertainty,0.813609691491056,1
28,2012-08-03,0,1,-1,one_week_probability_motion,0.03516693158094919,0
28,2012-08-03,0,1,0,long_regime_uncertainty,0.8429728357051867,1
28,2012-08-03,0,1,0,one_week_probability_motion,0.17170873640187867,1
28,2012-08-03,0,1,1,long_regime_uncertainty,0.5593954215164672,1
28,2012-08-03,0,1,1,one_week_probability_motion,0.14178870709435976,1
28,2012-08-03,0,1,2,long_regime_uncertainty,0.3171942525776351,0
28,2012-08-03,0,1,2,one_week_probability_motion,0.12110058446941607,1
29,2013-01-11,0,1,-8,long_regime_uncertainty,0.18672941342282978,0
29,2013-01-11,0,1,-8,one_week_probability_motion,0.012883459562616384,0
29,2013-01-11,0,1,-7,long_regime_uncertainty,0.5931598365755244,1
29,2013-01-11,0,1,-7,one_week_probability_motion,0.20321521157634737,1
29,2013-01-11,0,1,-6,long_regime_uncertainty,0.41427008298108126,0
29,2013-01-11,0,1,-6,one_week_probability_motion,0.08944487679722146,1
29,2013-01-11,0,1,-5,long_regime_uncertainty,0.2798055236046457,0
29,2013-01-11,0,1,-5,one_week_probability_motion,0.06723227968821788,0
29,2013-01-11,0,1,-4,long_regime_uncertainty,0.20202201150503918,0
29,2013-01-11,0,1,-4,one_week_probability_motion,0.03889175604980322,0
29,2013-01-11,0,1,-3,long_regime_uncertainty,0.14925377476323232,0
29,2013-01-11,0,1,-3,one_week_probability_motion,0.026384118370903376,0
29,2013-01-11,0,1,-2,long_regime_uncertainty,0.22404228150834893,0
29,2013-01-11,0,1,-2,one_week_probability_motion,0.037394253372558306,0
29,2013-01-11,0,1,-1,long_regime_uncertainty,0.854863872534219,1
29,2013-01-11,0,1,-1,one_week_probability_motion,0.460546922978716,1
29,2013-01-11,0,1,0,long_regime_uncertainty,0.8819445546208038,1
29,2013-01-11,0,1,0,one_week_probability_motion,0.1315957864224886,1
29,2013-01-11,0,1,1,long_regime_uncertainty,0.6804209880785276,1
29,2013-01-11,0,1,1,one_week_probability_motion,0.10076178327113816,1
29,2013-01-11,0,1,2,long_regime_uncertainty,0.5098129465140797,0
29,2013-01-11,0,1,2,one_week_probability_motion,0.08530402078222399,1
30,2014-10-24,1,0,-8,long_regime_uncertainty,0.017231168734743285,0
30,2014-10-24,1,0,-8,one_week_probability_motion,0.005567538725198329,0
30,2014-10-24,1,0,-7,long_regime_uncertainty,0.010902204384674152,0
30,2014-10-24,1,0,-7,one_week_probability_motion,0.003164482175034511,0
30,2014-10-24,1,0,-6,long_regime_uncertainty,0.018052350026055652,0
30,2014-10-24,1,0,-6,one_week_probability_motion,0.0035750728206908056,0
30,2014-10-24,1,0,-5,long_regime_uncertainty,0.017131384509901593,0
30,2014-10-24,1,0,-5,one_week_probability_motion,0.0004604827580770854,0
30,2014-10-24,1,0,-4,long_regime_uncertainty,0.027314035158739203,0
30,2014-10-24,1,0,-4,one_week_probability_motion,0.005091325324418805,0
30,2014-10-24,1,0,-3,long_regime_uncertainty,0.025345979490255632,0
30,2014-10-24,1,0,-3,one_week_probability_motion,0.0009840278342417852,0
30,2014-10-24,1,0,-2,long_regime_uncertainty,0.12873601797443368,0
30,2014-10-24,1,0,-2,one_week_probability_motion,0.05169501924208908,0
30,2014-10-24,1,0,-1,long_regime_uncertainty,0.08400833069974534,0
30,2014-10-24,1,0,-1,one_week_probability_motion,0.022363843637344227,0
30,2014-10-24,1,0,0,long_regime_uncertainty,0.45439085250260547,0
30,2014-10-24,1,0,0,one_week_probability_motion,0.7308004083988245,1
30,2014-10-24,1,0,1,long_regime_uncertainty,0.5862383217127023,1
30,2014-10-24,1,0,1,one_week_probability_motion,0.06592373460504838,0
30,2014-10-24,1,0,2,long_regime_uncertainty,0.7314327735998906,1
30,2014-10-24,1,0,2,one_week_probability_motion,0.07259722594359413,0
31,2014-12-26,0,1,-8,long_regime_uncertainty,0.5862383217127023,1
31,2014-12-26,0,1,-8,one_week_probability_motion,0.06592373460504838,0
31,2014-12-26,0,1,-7,long_regime_uncertainty,0.7314327735998906,1
31,2014-12-26,0,1,-7,one_week_probability_motion,0.07259722594359413,0
31,2014-12-26,0,1,-6,long_regime_uncertainty,0.7618554713658818,1
31,2014-12-26,0,1,-6,one_week_probability_motion,0.015211348882995634,0
31,2014-12-26,0,1,-5,long_regime_uncertainty,0.7546712989515731,1
31,2014-12-26,0,1,-5,one_week_probability_motion,0.0035920862071543436,0
31,2014-12-26,0,1,-4,long_regime_uncertainty,0.6597018562964424,1
31,2014-12-26,0,1,-4,one_week_probability_motion,0.04748472132756537,0
31,2014-12-26,0,1,-3,long_regime_uncertainty,0.5520418224195115,1
31,2014-12-26,0,1,-3,one_week_probability_motion,0.05383001693846545,0
31,2014-12-26,0,1,-2,long_regime_uncertainty,0.8849017274145978,1
31,2014-12-26,0,1,-2,one_week_probability_motion,0.16642995249754322,1
31,2014-12-26,0,1,-1,long_regime_uncertainty,0.9053376493189585,1
31,2014-12-26,0,1,-1,one_week_probability_motion,0.010217960952180194,0
31,2014-12-26,0,1,0,long_regime_uncertainty,0.8943850210257516,1
31,2014-12-26,0,1,0,one_week_probability_motion,0.100138664827645,1
31,2014-12-26,0,1,1,long_regime_uncertainty,0.8560635939773239,1
31,2014-12-26,0,1,1,one_week_probability_motion,0.01916071352421378,0
31,2014-12-26,0,1,2,long_regime_uncertainty,0.7900381529652784,1
31,2014-12-26,0,1,2,one_week_probability_motion,0.033012720506022886,0
32,2015-06-12,1,0,-8,long_regime_uncertainty,0.4367784888520463,0
32,2015-06-12,1,0,-8,one_week_probability_motion,0.004463924323332424,0
32,2015-06-12,1,0,-7,long_regime_uncertainty,0.41202302279509573,0
32,2015-06-12,1,0,-7,one_week_probability_motion,0.012377733028475335,0
32,2015-06-12,1,0,-6,long_regime_uncertainty,0.43865279451541195,0
32,2015-06-12,1,0,-6,one_week_probability_motion,0.013314885860158165,0
32,2015-06-12,1,0,-5,long_regime_uncertainty,0.48886184964850454,0
32,2015-06-12,1,0,-5,one_week_probability_motion,0.025104527566546242,0
32,2015-06-12,1,0,-4,long_regime_uncertainty,0.572404663610989,1
32,2015-06-12,1,0,-4,one_week_probability_motion,0.041771406981242265,0
32,2015-06-12,1,0,-3,long_regime_uncertainty,0.6835614067126599,1
32,2015-06-12,1,0,-3,one_week_probability_motion,0.05557837155083545,0
32,2015-06-12,1,0,-2,long_regime_uncertainty,0.7681691017268027,1
32,2015-06-12,1,0,-2,one_week_probability_motion,0.04230384750707139,0
32,2015-06-12,1,0,-1,long_regime_uncertainty,0.8678993769027552,1
32,2015-06-12,1,0,-1,one_week_probability_motion,0.04986513758797617,0
32,2015-06-12,1,0,0,long_regime_uncertainty,0.9943864461546019,1
32,2015-06-12,1,0,0,one_week_probability_motion,0.06885708847132149,0
32,2015-06-12,1,0,1,long_regime_uncertainty,0.8725402918483143,1
32,2015-06-12,1,0,1,one_week_probability_motion,0.06092307715314382,0
32,2015-06-12,1,0,2,long_regime_uncertainty,0.7443431489974479,1
32,2015-06-12,1,0,2,one_week_probability_motion,0.06409857142543307,0
33,2015-10-02,0,1,-8,long_regime_uncertainty,0.7859145429147683,1
33,2015-10-02,0,1,-8,one_week_probability_motion,0.012451420107882305,0
33,2015-10-02,0,1,-7,long_regime_uncertainty,0.683555300335219,1
33,2015-10-02,0,1,-7,one_week_probability_motion,0.051179621289774546,0
33,2015-10-02,0,1,-6,long_regime_uncertainty,0.32289346727296664,0
33,2015-10-02,0,1,-6,one_week_probability_motion,0.18033091653112618,1
33,2015-10-02,0,1,-5,long_regime_uncertainty,0.4915627677887071,0
33,2015-10-02,0,1,-5,one_week_probability_motion,0.0843346502578701,1
33,2015-10-02,0,1,-4,long_regime_uncertainty,0.2712648660595979,0
33,2015-10-02,0,1,-4,one_week_probability_motion,0.11014895086455448,1
33,2015-10-02,0,1,-3,long_regime_uncertainty,0.43891465726239154,0
33,2015-10-02,0,1,-3,one_week_probability_motion,0.08382489560139669,1
33,2015-10-02,0,1,-2,long_regime_uncertainty,0.7038142218586132,1
33,2015-10-02,0,1,-2,one_week_probability_motion,0.13244978229811083,1
33,2015-10-02,0,1,-1,long_regime_uncertainty,0.8189266979520402,1
33,2015-10-02,0,1,-1,one_week_probability_motion,0.05755623804671356,0
33,2015-10-02,0,1,0,long_regime_uncertainty,0.9604660079787964,1
33,2015-10-02,0,1,0,one_week_probability_motion,0.11030364703458173,1
33,2015-10-02,0,1,1,long_regime_uncertainty,0.982512570406062,1
33,2015-10-02,0,1,1,one_week_probability_motion,0.01102328121363283,0
33,2015-10-02,0,1,2,long_regime_uncertainty,0.7670859044881178,1
33,2015-10-02,0,1,2,one_week_probability_motion,0.10771333295897212,1
34,2015-10-23,1,0,-8,long_regime_uncertainty,0.4915627677887071,0
34,2015-10-23,1,0,-8,one_week_probability_motion,0.0843346502578701,1
34,2015-10-23,1,0,-7,long_regime_uncertainty,0.2712648660595979,0
34,2015-10-23,1,0,-7,one_week_probability_motion,0.11014895086455448,1
34,2015-10-23,1,0,-6,long_regime_uncertainty,0.43891465726239154,0
34,2015-10-23,1,0,-6,one_week_probability_motion,0.08382489560139669,1
34,2015-10-23,1,0,-5,long_regime_uncertainty,0.7038142218586132,1
34,2015-10-23,1,0,-5,one_week_probability_motion,0.13244978229811083,1
34,2015-10-23,1,0,-4,long_regime_uncertainty,0.8189266979520402,1
34,2015-10-23,1,0,-4,one_week_probability_motion,0.05755623804671356,0
34,2015-10-23,1,0,-3,long_regime_uncertainty,0.9604660079787964,1
34,2015-10-23,1,0,-3,one_week_probability_motion,0.11030364703458173,1
34,2015-10-23,1,0,-2,long_regime_uncertainty,0.982512570406062,1
34,2015-10-23,1,0,-2,one_week_probability_motion,0.01102328121363283,0
34,2015-10-23,1,0,-1,long_regime_uncertainty,0.7670859044881178,1
34,2015-10-23,1,0,-1,one_week_probability_motion,0.10771333295897212,1
34,2015-10-23,1,0,0,long_regime_uncertainty,0.21906436001122898,0
34,2015-10-23,1,0,0,one_week_probability_motion,0.5069248677503265,1
34,2015-10-23,1,0,1,long_regime_uncertainty,0.3769430346516285,0
34,2015-10-23,1,0,1,one_week_probability_motion,0.0789393373201997,1
34,2015-10-23,1,0,2,long_regime_uncertainty,0.6070465023298592,1
34,2015-10-23,1,0,2,one_week_probability_motion,0.11505173383911532,1
35,2016-07-29,0,1,-8,long_regime_uncertainty,0.7762814365871933,1
35,2016-07-29,0,1,-8,one_week_probability_motion,0.10594402110885054,1
35,2016-07-29,0,1,-7,long_regime_uncertainty,0.9895103670658194,1
35,2016-07-29,0,1,-7,one_week_probability_motion,0.10661446523931295,1
35,2016-07-29,0,1,-6,long_regime_uncertainty,0.9389862977366027,1
35,2016-07-29,0,1,-6,one_week_probability_motion,0.0252620346646083,0
35,2016-07-29,0,1,-5,long_regime_uncertainty,0.9347284371929707,1
35,2016-07-29,0,1,-5,one_week_probability_motion,0.0021289302718159875,0
35,2016-07-29,0,1,-4,long_regime_uncertainty,0.5087649479977352,0
35,2016-07-29,0,1,-4,one_week_probability_motion,0.21298174459761782,1
35,2016-07-29,0,1,-3,long_regime_uncertainty,0.5895382872697663,1
35,2016-07-29,0,1,-3,one_week_probability_motion,0.040386669636015615,0
35,2016-07-29,0,1,-2,long_regime_uncertainty,0.6617896267181205,1
35,2016-07-29,0,1,-2,one_week_probability_motion,0.03612566972417702,0
35,2016-07-29,0,1,-1,long_regime_uncertainty,0.9226415139664391,1
35,2016-07-29,0,1,-1,one_week_probability_motion,0.13042594362415938,1
35,2016-07-29,0,1,0,long_regime_uncertainty,0.8382368168389343,1
35,2016-07-29,0,1,0,one_week_probability_motion,0.11956083459731326,1
35,2016-07-29,0,1,1,long_regime_uncertainty,0.5571155196109311,1
35,2016-07-29,0,1,1,one_week_probability_motion,0.14056064861400164,1
35,2016-07-29,0,1,2,long_regime_uncertainty,0.36285560245705584,0
35,2016-07-29,0,1,2,one_week_probability_motion,0.09712995857693763,1
36,2018-02-09,1,0,-8,long_regime_uncertainty,0.0026091351712851374,0
36,2018-02-09,1,0,-8,one_week_probability_motion,0.0002231947092026232,0
36,2018-02-09,1,0,-7,long_regime_uncertainty,0.002184430661978598,0
36,2018-02-09,1,0,-7,one_week_probability_motion,0.0002123522546533252,0
36,2018-02-09,1,0,-6,long_regime_uncertainty,0.003092547891269226,0
36,2018-02-09,1,0,-6,one_week_probability_motion,0.00045405861464531405,0
36,2018-02-09,1,0,-5,long_regime_uncertainty,0.019454119154198035,0
36,2018-02-09,1,0,-5,one_week_probability_motion,0.008180785631464405,0
36,2018-02-09,1,0,-4,long_regime_uncertainty,0.017576665696046212,0
36,2018-02-09,1,0,-4,one_week_probability_motion,0.0009387267290759116,0
36,2018-02-09,1,0,-3,long_regime_uncertainty,0.010464929305020632,0
36,2018-02-09,1,0,-3,one_week_probability_motion,0.003555868195512679,0
36,2018-02-09,1,0,-2,long_regime_uncertainty,0.02153804894770872,0
36,2018-02-09,1,0,-2,one_week_probability_motion,0.005536559821343934,0
36,2018-02-09,1,0,-1,long_regime_uncertainty,0.3188579763946344,0
36,2018-02-09,1,0,-1,one_week_probability_motion,0.1486599637234628,1
36,2018-02-09,1,0,0,long_regime_uncertainty,0.12942303828641788,0
36,2018-02-09,1,0,0,one_week_probability_motion,0.775859492659474,1
36,2018-02-09,1,0,1,long_regime_uncertainty,0.015683390224901395,0
36,2018-02-09,1,0,1,one_week_probability_motion,0.05686982403075813,0
36,2018-02-09,1,0,2,long_regime_uncertainty,0.046665824455016325,0
36,2018-02-09,1,0,2,one_week_probability_motion,0.01549121711505725,0
37,2018-06-15,0,1,-8,long_regime_uncertainty,0.0968850899237994,0
37,2018-06-15,0,1,-8,one_week_probability_motion,0.039194545760155304,0
37,2018-06-15,0,1,-7,long_regime_uncertainty,0.2248424054765531,0
37,2018-06-15,0,1,-7,one_week_probability_motion,0.0639786577763767,0
37,2018-06-15,0,1,-6,long_regime_uncertainty,0.3713594155057075,0
37,2018-06-15,0,1,-6,one_week_probability_motion,0.07325850501457722,0
37,2018-06-15,0,1,-5,long_regime_uncertainty,0.21548416539868032,0
37,2018-06-15,0,1,-5,one_week_probability_motion,0.07793762505351351,0
37,2018-06-15,0,1,-4,long_regime_uncertainty,0.29328938693248596,0
37,2018-06-15,0,1,-4,one_week_probability_motion,0.038902610766902906,0
37,2018-06-15,0,1,-3,long_regime_uncertainty,0.5149008461918678,0
37,2018-06-15,0,1,-3,one_week_probability_motion,0.11080572962969079,1
37,2018-06-15,0,1,-2,long_regime_uncertainty,0.8361028194758181,1
37,2018-06-15,0,1,-2,one_week_probability_motion,0.1606009866419752,1
37,2018-06-15,0,1,-1,long_regime_uncertainty,0.955848748666818,1
37,2018-06-15,0,1,-1,one_week_probability_motion,0.059872964595499956,0
37,2018-06-15,0,1,0,long_regime_uncertainty,0.7469081677957327,1
37,2018-06-15,0,1,0,one_week_probability_motion,0.14862154176872466,1
37,2018-06-15,0,1,1,long_regime_uncertainty,0.7684490695813768,1
37,2018-06-15,0,1,1,one_week_probability_motion,0.010770450892822137,0
37,2018-06-15,0,1,2,long_regime_uncertainty,0.8323353010083027,1
37,2018-06-15,0,1,2,one_week_probability_motion,0.031943115713462866,0
38,2018-11-02,1,0,-8,long_regime_uncertainty,0.025906002051284016,0
38,2018-11-02,1,0,-8,one_week_probability_motion,0.003833526083196981,0
38,2018-11-02,1,0,-7,long_regime_uncertainty,0.019961011380598914,0
38,2018-11-02,1,0,-7,one_week_probability_motion,0.0029724953353427175,0
38,2018-11-02,1,0,-6,long_regime_uncertainty,0.012374329109029913,0
38,2018-11-02,1,0,-6,one_week_probability_motion,0.003793341135784334,0
38,2018-11-02,1,0,-5,long_regime_uncertainty,0.011958576894390838,0
38,2018-11-02,1,0,-5,one_week_probability_motion,0.00020787610731953787,0
38,2018-11-02,1,0,-4,long_regime_uncertainty,0.017457061357390335,0
38,2018-11-02,1,0,-4,one_week_probability_motion,0.002749242231499749,0
38,2018-11-02,1,0,-3,long_regime_uncertainty,0.3693194442547465,0
38,2018-11-02,1,0,-3,one_week_probability_motion,0.17593119144867797,1
38,2018-11-02,1,0,-2,long_regime_uncertainty,0.25083773689254296,0
38,2018-11-02,1,0,-2,one_week_probability_motion,0.05924085368110166,0
38,2018-11-02,1,0,-1,long_regime_uncertainty,0.9124896843616205,1
38,2018-11-02,1,0,-1,one_week_probability_motion,0.3308259737345387,1
38,2018-11-02,1,0,0,long_regime_uncertainty,0.9696940430186034,1
38,2018-11-02,1,0,0,one_week_probability_motion,0.058908136309888004,0
38,2018-11-02,1,0,1,long_regime_uncertainty,0.9565471054182207,1
38,2018-11-02,1,0,1,one_week_probability_motion,0.006573468800191273,0
38,2018-11-02,1,0,2,long_regime_uncertainty,0.9579863851736489,1
38,2018-11-02,1,0,2,one_week_probability_motion,0.0007196398777139512,0
39,2019-03-08,1,0,-8,long_regime_uncertainty,0.08148247706548017,0
39,2019-03-08,1,0,-8,one_week_probability_motion,0.005600066918462099,0
39,2019-03-08,1,0,-7,long_regime_uncertainty,0.045973038806155,0
39,2019-03-08,1,0,-7,one_week_probability_motion,0.0177547191296626,0
39,2019-03-08,1,0,-6,long_regime_uncertainty,0.1824633280242618,0
39,2019-03-08,1,0,-6,one_week_probability_motion,0.0682451446090535,0
39,2019-03-08,1,0,-5,long_regime_uncertainty,0.3782500389641923,0
39,2019-03-08,1,0,-5,one_week_probability_motion,0.0978933554699652,1
39,2019-03-08,1,0,-4,long_regime_uncertainty,0.7493185795520789,1
39,2019-03-08,1,0,-4,one_week_probability_motion,0.18553427029394332,1
39,2019-03-08,1,0,-3,long_regime_uncertainty,0.565456390885124,1
39,2019-03-08,1,0,-3,one_week_probability_motion,0.09193109433347751,1
39,2019-03-08,1,0,-2,long_regime_uncertainty,0.9895374338165561,1
39,2019-03-08,1,0,-2,one_week_probability_motion,0.22250308764915994,1
39,2019-03-08,1,0,-1,long_regime_uncertainty,0.5620548764433178,1
39,2019-03-08,1,0,-1,one_week_probability_motion,0.21374127868661918,1
39,2019-03-08,1,0,0,long_regime_uncertainty,0.9601754840379353,1
39,2019-03-08,1,0,0,one_week_probability_motion,0.23888481975937342,1
39,2019-03-08,1,0,1,long_regime_uncertainty,0.6676096747730869,1
39,2019-03-08,1,0,1,one_week_probability_motion,0.14628290463242422,1
39,2019-03-08,1,0,2,long_regime_uncertainty,0.870903267824144,1
39,2019-03-08,1,0,2,one_week_probability_motion,0.1016467965255286,1
40,2019-03-29,0,1,-8,long_regime_uncertainty,0.3782500389641923,0
40,2019-03-29,0,1,-8,one_week_probability_motion,0.0978933554699652,1
40,2019-03-29,0,1,-7,long_regime_uncertainty,0.7493185795520789,1
40,2019-03-29,0,1,-7,one_week_probability_motion,0.18553427029394332,1
40,2019-03-29,0,1,-6,long_regime_uncertainty,0.565456390885124,1
40,2019-03-29,0,1,-6,one_week_probability_motion,0.09193109433347751,1
40,2019-03-29,0,1,-5,long_regime_uncertainty,0.9895374338165561,1
40,2019-03-29,0,1,-5,one_week_probability_motion,0.22250308764915994,1
40,2019-03-29,0,1,-4,long_regime_uncertainty,0.5620548764433178,1
40,2019-03-29,0,1,-4,one_week_probability_motion,0.21374127868661918,1
40,2019-03-29,0,1,-3,long_regime_uncertainty,0.9601754840379353,1
40,2019-03-29,0,1,-3,one_week_probability_motion,0.23888481975937342,1
40,2019-03-29,0,1,-2,long_regime_uncertainty,0.6676096747730869,1
40,2019-03-29,0,1,-2,one_week_probability_motion,0.14628290463242422,1
40,2019-03-29,0,1,-1,long_regime_uncertainty,0.870903267824144,1
40,2019-03-29,0,1,-1,one_week_probability_motion,0.1016467965255286,1
40,2019-03-29,0,1,0,long_regime_uncertainty,0.8728235607347347,1
40,2019-03-29,0,1,0,one_week_probability_motion,0.12813658572056064,1
40,2019-03-29,0,1,1,long_regime_uncertainty,0.8524688654007931,1
40,2019-03-29,0,1,1,one_week_probability_motion,0.01017734766697076,0
40,2019-03-29,0,1,2,long_regime_uncertainty,0.5164027330585842,0
40,2019-03-29,0,1,2,one_week_probability_motion,0.16803306617110447,1
41,2019-06-14,0,1,-8,long_regime_uncertainty,0.3047380140401835,0
41,2019-06-14,0,1,-8,one_week_probability_motion,0.10583235950920034,1
41,2019-06-14,0,1,-7,long_regime_uncertainty,0.17202549569650982,0
41,2019-06-14,0,1,-7,one_week_probability_motion,0.06635625917183685,0
41,2019-06-14,0,1,-6,long_regime_uncertainty,0.08549646646856723,0
41,2019-06-14,0,1,-6,one_week_probability_motion,0.043264514613971294,0
41,2019-06-14,0,1,-5,long_regime_uncertainty,0.2230430586693497,0
41,2019-06-14,0,1,-5,one_week_probability_motion,0.06877329610039129,0
41,2019-06-14,0,1,-4,long_regime_uncertainty,0.17513578209276393,0
41,2019-06-14,0,1,-4,one_week_probability_motion,0.02395363828829289,0
41,2019-06-14,0,1,-3,long_regime_uncertainty,0.16304498885563778,0
41,2019-06-14,0,1,-3,one_week_probability_motion,0.006045396618563181,0
41,2019-06-14,0,1,-2,long_regime_uncertainty,0.2956941961986639,0
41,2019-06-14,0,1,-2,one_week_probability_motion,0.06632460367151316,0
41,2019-06-14,0,1,-1,long_regime_uncertainty,0.8619551900732907,1
41,2019-06-14,0,1,-1,one_week_probability_motion,0.42117530686402266,1
41,2019-06-14,0,1,0,long_regime_uncertainty,0.8431935261780303,1
41,2019-06-14,0,1,0,one_week_probability_motion,0.14742564187433943,1
41,2019-06-14,0,1,1,long_regime_uncertainty,0.8859847509636999,1
41,2019-06-14,0,1,1,one_week_probability_motion,0.02139561239283483,0
41,2019-06-14,0,1,2,long_regime_uncertainty,0.6289281258192594,1
41,2019-06-14,0,1,2,one_week_probability_motion,0.1285283125722203,1
42,2020-02-28,1,0,-8,long_regime_uncertainty,0.012583540921913272,0
42,2020-02-28,1,0,-8,one_week_probability_motion,0.0004394611219142863,0
42,2020-02-28,1,0,-7,long_regime_uncertainty,0.012020284907486412,0
42,2020-02-28,1,0,-7,one_week_probability_motion,0.00028162800721331926,0
42,2020-02-28,1,0,-6,long_regime_uncertainty,0.021119353459851276,0
42,2020-02-28,1,0,-6,one_week_probability_motion,0.004549534276182432,0
42,2020-02-28,1,0,-5,long_regime_uncertainty,0.03539095329699904,0
42,2020-02-28,1,0,-5,one_week_probability_motion,0.007135799918573826,0
42,2020-02-28,1,0,-4,long_regime_uncertainty,0.09662673413930334,0
42,2020-02-28,1,0,-4,one_week_probability_motion,0.03061789042115226,0
42,2020-02-28,1,0,-3,long_regime_uncertainty,0.2740745163800443,0
42,2020-02-28,1,0,-3,one_week_probability_motion,0.08872389112037038,1
42,2020-02-28,1,0,-2,long_regime_uncertainty,0.23830814232291586,0
42,2020-02-28,1,0,-2,one_week_probability_motion,0.017883187028564174,0
42,2020-02-28,1,0,-1,long_regime_uncertainty,0.22550196646006915,0
42,2020-02-28,1,0,-1,one_week_probability_motion,0.006403087931423412,0
42,2020-02-28,1,0,0,long_regime_uncertainty,6.900029325684898e-09,0
42,2020-02-28,1,0,0,one_week_probability_motion,0.8872490133199508,1
42,2020-02-28,1,0,1,long_regime_uncertainty,0.01494090571900708,0
42,2020-02-28,1,0,1,one_week_probability_motion,0.0074704494094888895,0
42,2020-02-28,1,0,2,long_regime_uncertainty,4.153005828122502e-09,0
42,2020-02-28,1,0,2,one_week_probability_motion,0.007470450783000531,0
43,2020-08-28,1,0,-8,long_regime_uncertainty,0.0028813387630881593,0
43,2020-08-28,1,0,-8,one_week_probability_motion,0.0035983676861637004,0
43,2020-08-28,1,0,-7,long_regime_uncertainty,0.0980246289426211,0
43,2020-08-28,1,0,-7,one_week_probability_motion,0.047571645089766496,0
43,2020-08-28,1,0,-6,long_regime_uncertainty,0.3287365922107667,0
43,2020-08-28,1,0,-6,one_week_probability_motion,0.11535598163407282,1
43,2020-08-28,1,0,-5,long_regime_uncertainty,0.5977909027001833,1
43,2020-08-28,1,0,-5,one_week_probability_motion,0.13452715524470818,1
43,2020-08-28,1,0,-4,long_regime_uncertainty,0.8369365694237072,1
43,2020-08-28,1,0,-4,one_week_probability_motion,0.119572833361762,1
43,2020-08-28,1,0,-3,long_regime_uncertainty,0.685248873984936,1
43,2020-08-28,1,0,-3,one_week_probability_motion,0.07584384771938557,0
43,2020-08-28,1,0,-2,long_regime_uncertainty,0.8596593544932372,1
43,2020-08-28,1,0,-2,one_week_probability_motion,0.2275458857609134,1
43,2020-08-28,1,0,-1,long_regime_uncertainty,0.46255013694697733,0
43,2020-08-28,1,0,-1,one_week_probability_motion,0.19855460877312991,1
43,2020-08-28,1,0,0,long_regime_uncertainty,0.8739930727818707,1
43,2020-08-28,1,0,0,one_week_probability_motion,0.33172839513557595,1
43,2020-08-28,1,0,1,long_regime_uncertainty,0.6284050111199921,1
43,2020-08-28,1,0,1,one_week_probability_motion,0.12279403083093926,1
43,2020-08-28,1,0,2,long_regime_uncertainty,0.47931517852100747,0
43,2020-08-28,1,0,2,one_week_probability_motion,0.07454491629949231,0
44,2020-10-09,1,0,-8,long_regime_uncertainty,0.8596593544932372,1
44,2020-10-09,1,0,-8,one_week_probability_motion,0.2275458857609134,1
44,2020-10-09,1,0,-7,long_regime_uncertainty,0.46255013694697733,0
44,2020-10-09,1,0,-7,one_week_probability_motion,0.19855460877312991,1
44,2020-10-09,1,0,-6,long_regime_uncertainty,0.8739930727818707,1
44,2020-10-09,1,0,-6,one_week_probability_motion,0.33172839513557595,1
44,2020-10-09,1,0,-5,long_regime_uncertainty,0.6284050111199921,1
44,2020-10-09,1,0,-5,one_week_probability_motion,0.12279403083093926,1
44,2020-10-09,1,0,-4,long_regime_uncertainty,0.47931517852100747,0
44,2020-10-09,1,0,-4,one_week_probability_motion,0.07454491629949231,0
44,2020-10-09,1,0,-3,long_regime_uncertainty,0.6962453184520718,1
44,2020-10-09,1,0,-3,one_week_probability_motion,0.10846506996553221,1
44,2020-10-09,1,0,-2,long_regime_uncertainty,0.9257817805484614,1
44,2020-10-09,1,0,-2,one_week_probability_motion,0.11476823104819478,1
44,2020-10-09,1,0,-1,long_regime_uncertainty,0.8719053926230604,1
44,2020-10-09,1,0,-1,one_week_probability_motion,0.10115641341423898,1
44,2020-10-09,1,0,0,long_regime_uncertainty,0.3827814020399015,0
44,2020-10-09,1,0,0,one_week_probability_motion,0.37265660266851897,1
44,2020-10-09,1,0,1,long_regime_uncertainty,0.1392986162159363,0
44,2020-10-09,1,0,1,one_week_probability_motion,0.1217413929119826,1
44,2020-10-09,1,0,2,long_regime_uncertainty,0.21224386818844965,0
44,2020-10-09,1,0,2,one_week_probability_motion,0.036472625986256696,0
45,2021-05-28,0,1,-8,long_regime_uncertainty,0.3237606679158631,0
45,2021-05-28,0,1,-8,one_week_probability_motion,0.0793051129438974,1
45,2021-05-28,0,1,-7,long_regime_uncertainty,0.1299630153116601,0
45,2021-05-28,0,1,-7,one_week_probability_motion,0.09689882630210139,1
45,2021-05-28,0,1,-6,long_regime_uncertainty,0.22496060304622056,0
45,2021-05-28,0,1,-6,one_week_probability_motion,0.04749879386728009,0
45,2021-05-28,0,1,-5,long_regime_uncertainty,0.3939067238043217,0
45,2021-05-28,0,1,-5,one_week_probability_motion,0.08447306037905059,1
45,2021-05-28,0,1,-4,long_regime_uncertainty,0.6539643279520527,1
45,2021-05-28,0,1,-4,one_week_probability_motion,0.13002880207386552,1
45,2021-05-28,0,1,-3,long_regime_uncertainty,0.9293679002498313,1
45,2021-05-28,0,1,-3,one_week_probability_motion,0.13770178614888928,1
45,2021-05-28,0,1,-2,long_regime_uncertainty,0.6948758347413241,1
45,2021-05-28,0,1,-2,one_week_probability_motion,0.11724603275425372,1
45,2021-05-28,0,1,-1,long_regime_uncertainty,0.8736330757594752,1
45,2021-05-28,0,1,-1,one_week_probability_motion,0.08937862050907563,1
45,2021-05-28,0,1,0,long_regime_uncertainty,0.9242929697010873,1
45,2021-05-28,0,1,0,one_week_probability_motion,0.10103697726971883,1
45,2021-05-28,0,1,1,long_regime_uncertainty,0.6239690710300423,1
45,2021-05-28,0,1,1,one_week_probability_motion,0.1501619493355224,1
45,2021-05-28,0,1,2,long_regime_uncertainty,0.36894137076832134,0
45,2021-05-28,0,1,2,one_week_probability_motion,0.12751385013086058,1
46,2022-01-21,1,0,-8,long_regime_uncertainty,0.09265674261930867,0
46,2022-01-21,1,0,-8,one_week_probability_motion,0.027274707888039984,0
46,2022-01-21,1,0,-7,long_regime_uncertainty,0.08124379421783157,0
46,2022-01-21,1,0,-7,one_week_probability_motion,0.005706474200738665,0
46,2022-01-21,1,0,-6,long_regime_uncertainty,0.3978702910589481,0
46,2022-01-21,1,0,-6,one_week_probability_motion,0.15831324842055827,1
46,2022-01-21,1,0,-5,long_regime_uncertainty,0.3822851173335202,0
46,2022-01-21,1,0,-5,one_week_probability_motion,0.0077925868627138906,0
46,2022-01-21,1,0,-4,long_regime_uncertainty,0.45538851458801444,0
46,2022-01-21,1,0,-4,one_week_probability_motion,0.03655169862724705,0
46,2022-01-21,1,0,-3,long_regime_uncertainty,0.3186810991928847,0
46,2022-01-21,1,0,-3,one_week_probability_motion,0.06835370769756488,0
46,2022-01-21,1,0,-2,long_regime_uncertainty,0.3642843412494502,0
46,2022-01-21,1,0,-2,one_week_probability_motion,0.022801621028282648,0
46,2022-01-21,1,0,-1,long_regime_uncertainty,0.25970074547858935,0
46,2022-01-21,1,0,-1,one_week_probability_motion,0.05229179788543026,0
46,2022-01-21,1,0,0,long_regime_uncertainty,0.16883055510003808,0
46,2022-01-21,1,0,0,one_week_probability_motion,0.7857343497106862,1
46,2022-01-21,1,0,1,long_regime_uncertainty,0.3430959390032844,0
46,2022-01-21,1,0,1,one_week_probability_motion,0.0871326919516231,1
46,2022-01-21,1,0,2,long_regime_uncertainty,0.472815853177021,0
46,2022-01-21,1,0,2,one_week_probability_motion,0.06485995708686842,0
47,2023-05-19,0,1,-8,long_regime_uncertainty,0.1596950608513229,0
47,2023-05-19,0,1,-8,one_week_probability_motion,0.04335246902862121,0
47,2023-05-19,0,1,-7,long_regime_uncertainty,0.023555581708027074,0
47,2023-05-19,0,1,-7,one_week_probability_motion,0.06806973957164801,0
47,2023-05-19,0,1,-6,long_regime_uncertainty,0.09140480618123126,0
47,2023-05-19,0,1,-6,one_week_probability_motion,0.03392461223660209,0
47,2023-05-19,0,1,-5,long_regime_uncertainty,0.24085134788718154,0
47,2023-05-19,0,1,-5,one_week_probability_motion,0.0747232708529752,0
47,2023-05-19,0,1,-4,long_regime_uncertainty,0.43149113786359816,0
47,2023-05-19,0,1,-4,one_week_probability_motion,0.0953198949882083,1
47,2023-05-19,0,1,-3,long_regime_uncertainty,0.7551349796532225,1
47,2023-05-19,0,1,-3,one_week_probability_motion,0.1618219208948122,1
47,2023-05-19,0,1,-2,long_regime_uncertainty,0.7700367057005955,1
47,2023-05-19,0,1,-2,one_week_probability_motion,0.007450863023686527,0
47,2023-05-19,0,1,-1,long_regime_uncertainty,0.9901941666137973,1
47,2023-05-19,0,1,-1,one_week_probability_motion,0.11007873045660088,1
47,2023-05-19,0,1,0,long_regime_uncertainty,0.9120266493463967,1
47,2023-05-19,0,1,0,one_week_probability_motion,0.04888959201990306,0
47,2023-05-19,0,1,1,long_regime_uncertainty,0.5965733673330951,1
47,2023-05-19,0,1,1,one_week_probability_motion,0.15772664100665068,1
47,2023-05-19,0,1,2,long_regime_uncertainty,0.579888100897799,1
47,2023-05-19,0,1,2,one_week_probability_motion,0.008342633217648165,0
48,2023-07-21,0,1,-8,long_regime_uncertainty,0.5965733673330951,1
48,2023-07-21,0,1,-8,one_week_probability_motion,0.15772664100665068,1
48,2023-07-21,0,1,-7,long_regime_uncertainty,0.579888100897799,1
48,2023-07-21,0,1,-7,one_week_probability_motion,0.008342633217648165,0
48,2023-07-21,0,1,-6,long_regime_uncertainty,0.33813737570191793,0
48,2023-07-21,0,1,-6,one_week_probability_motion,0.12087536259794052,1
48,2023-07-21,0,1,-5,long_regime_uncertainty,0.6433190565114477,1
48,2023-07-21,0,1,-5,one_week_probability_motion,0.1525908404047649,1
48,2023-07-21,0,1,-4,long_regime_uncertainty,0.7157166441923299,1
48,2023-07-21,0,1,-4,one_week_probability_motion,0.036198793840441224,0
48,2023-07-21,0,1,-3,long_regime_uncertainty,0.9083682799453057,1
48,2023-07-21,0,1,-3,one_week_probability_motion,0.09632581787648786,1
48,2023-07-21,0,1,-2,long_regime_uncertainty,0.8268544493862517,1
48,2023-07-21,0,1,-2,one_week_probability_motion,0.04075691527952707,0
48,2023-07-21,0,1,-1,long_regime_uncertainty,0.9600878984954827,1
48,2023-07-21,0,1,-1,one_week_probability_motion,0.10652882605913294,1
48,2023-07-21,0,1,0,long_regime_uncertainty,0.8364887128787081,1
48,2023-07-21,0,1,0,one_week_probability_motion,0.10171169431290461,1
48,2023-07-21,0,1,1,long_regime_uncertainty,0.6407437334050273,1
48,2023-07-21,0,1,1,one_week_probability_motion,0.09787248973684048,1
48,2023-07-21,0,1,2,long_regime_uncertainty,0.8992111460329427,1
48,2023-07-21,0,1,2,one_week_probability_motion,0.1292337063139577,1
49,2023-11-03,1,0,-8,long_regime_uncertainty,0.8136391082707743,1
49,2023-11-03,1,0,-8,one_week_probability_motion,0.032870769660308885,0
49,2023-11-03,1,0,-7,long_regime_uncertainty,0.6319445249697475,1
49,2023-11-03,1,0,-7,one_week_probability_motion,0.0908472916505133,1
49,2023-11-03,1,0,-6,long_regime_uncertainty,0.9064037841625552,1
49,2023-11-03,1,0,-6,one_week_probability_motion,0.13722962959640372,1
49,2023-11-03,1,0,-5,long_regime_uncertainty,0.739907780201728,1
49,2023-11-03,1,0,-5,one_week_probability_motion,0.08324800198041349,1
49,2023-11-03,1,0,-4,long_regime_uncertainty,0.5613419993360153,1
49,2023-11-03,1,0,-4,one_week_probability_motion,0.08928289043285642,1
49,2023-11-03,1,0,-3,long_regime_uncertainty,0.394672254319695,0
49,2023-11-03,1,0,-3,one_week_probability_motion,0.08333487250816018,1
49,2023-11-03,1,0,-2,long_regime_uncertainty,0.5889236940963634,1
49,2023-11-03,1,0,-2,one_week_probability_motion,0.09712571988833418,1
49,2023-11-03,1,0,-1,long_regime_uncertainty,0.6978314597350594,1
49,2023-11-03,1,0,-1,one_week_probability_motion,0.05445388281934804,0
49,2023-11-03,1,0,0,long_regime_uncertainty,0.08462623093140786,0
49,2023-11-03,1,0,0,one_week_probability_motion,0.6087711546667665,1
49,2023-11-03,1,0,1,long_regime_uncertainty,0.1540179275836595,0
49,2023-11-03,1,0,1,one_week_probability_motion,0.03469584832612586,0
49,2023-11-03,1,0,2,long_regime_uncertainty,0.13426522901202298,0
49,2023-11-03,1,0,2,one_week_probability_motion,0.009876349285818209,0
50,2024-01-19,0,1,-8,long_regime_uncertainty,0.2681191592356781,0
50,2024-01-19,0,1,-8,one_week_probability_motion,0.0669269651118275,0
50,2024-01-19,0,1,-7,long_regime_uncertainty,0.5130648443162855,0
50,2024-01-19,0,1,-7,one_week_probability_motion,0.12247284254030372,1
50,2024-01-19,0,1,-6,long_regime_uncertainty,0.8424886919706447,1
50,2024-01-19,0,1,-6,one_week_probability_motion,0.16471192382717958,1
50,2024-01-19,0,1,-5,long_regime_uncertainty,0.5168131410993423,0
50,2024-01-19,0,1,-5,one_week_probability_motion,0.1628377754356513,1
50,2024-01-19,0,1,-4,long_regime_uncertainty,0.8153298777996743,1
50,2024-01-19,0,1,-4,one_week_probability_motion,0.1492583683501661,1
50,2024-01-19,0,1,-3,long_regime_uncertainty,0.8331344484704495,1
50,2024-01-19,0,1,-3,one_week_probability_motion,0.1757678368649382,1
50,2024-01-19,0,1,-2,long_regime_uncertainty,0.9013049564824716,1
50,2024-01-19,0,1,-2,one_week_probability_motion,0.13278029752353948,1
50,2024-01-19,0,1,-1,long_regime_uncertainty,0.8819281816173943,1
50,2024-01-19,0,1,-1,one_week_probability_motion,0.009688387432538581,0
50,2024-01-19,0,1,0,long_regime_uncertainty,0.9258946945223591,1
50,2024-01-19,0,1,0,one_week_probability_motion,0.09608856193012322,1
50,2024-01-19,0,1,1,long_regime_uncertainty,0.6829775690597677,1
50,2024-01-19,0,1,1,one_week_probability_motion,0.12145856273129563,1
50,2024-01-19,0,1,2,long_regime_uncertainty,0.5204965022488124,0
50,2024-01-19,0,1,2,one_week_probability_motion,0.08124053340547766,1
51,2024-09-13,1,0,-8,long_regime_uncertainty,0.04784439342677904,0
51,2024-09-13,1,0,-8,one_week_probability_motion,0.01623841328799913,0
51,2024-09-13,1,0,-7,long_regime_uncertainty,0.042231389447041634,0
51,2024-09-13,1,0,-7,one_week_probability_motion,0.0028065019898686483,0
51,2024-09-13,1,0,-6,long_regime_uncertainty,0.0691931389924032,0
51,2024-09-13,1,0,-6,one_week_probability_motion,0.013480874772680673,0
51,2024-09-13,1,0,-5,long_regime_uncertainty,0.04576919280136871,0
51,2024-09-13,1,0,-5,one_week_probability_motion,0.011711973095517192,0
51,2024-09-13,1,0,-4,long_regime_uncertainty,0.3269137630769905,0
51,2024-09-13,1,0,-4,one_week_probability_motion,0.14057228513781095,1
51,2024-09-13,1,0,-3,long_regime_uncertainty,0.2382879557337484,0
51,2024-09-13,1,0,-3,one_week_probability_motion,0.04431290367162111,0
51,2024-09-13,1,0,-2,long_regime_uncertainty,0.13998833520213905,0
51,2024-09-13,1,0,-2,one_week_probability_motion,0.04914981026580456,0
51,2024-09-13,1,0,-1,long_regime_uncertainty,0.8769094212612125,1
51,2024-09-13,1,0,-1,one_week_probability_motion,0.36846054302953657,1
51,2024-09-13,1,0,0,long_regime_uncertainty,0.3835769611959101,0
51,2024-09-13,1,0,0,one_week_probability_motion,0.36975680877143885,1
51,2024-09-13,1,0,1,long_regime_uncertainty,0.5526876740715785,1
51,2024-09-13,1,0,1,one_week_probability_motion,0.08455535643783424,1
51,2024-09-13,1,0,2,long_regime_uncertainty,0.844055070006818,1
51,2024-09-13,1,0,2,one_week_probability_motion,0.14568369796761982,1
52,2024-10-04,0,1,-8,long_regime_uncertainty,0.04576919280136871,0
52,2024-10-04,0,1,-8,one_week_probability_motion,0.011711973095517192,0
52,2024-10-04,0,1,-7,long_regime_uncertainty,0.3269137630769905,0
52,2024-10-04,0,1,-7,one_week_probability_motion,0.14057228513781095,1
52,2024-10-04,0,1,-6,long_regime_uncertainty,0.2382879557337484,0
52,2024-10-04,0,1,-6,one_week_probability_motion,0.04431290367162111,0
52,2024-10-04,0,1,-5,long_regime_uncertainty,0.13998833520213905,0
52,2024-10-04,0,1,-5,one_week_probability_motion,0.04914981026580456,0
52,2024-10-04,0,1,-4,long_regime_uncertainty,0.8769094212612125,1
52,2024-10-04,0,1,-4,one_week_probability_motion,0.36846054302953657,1
52,2024-10-04,0,1,-3,long_regime_uncertainty,0.3835769611959101,0
52,2024-10-04,0,1,-3,one_week_probability_motion,0.36975680877143885,1
52,2024-10-04,0,1,-2,long_regime_uncertainty,0.5526876740715785,1
52,2024-10-04,0,1,-2,one_week_probability_motion,0.08455535643783424,1
52,2024-10-04,0,1,-1,long_regime_uncertainty,0.844055070006818,1
52,2024-10-04,0,1,-1,one_week_probability_motion,0.14568369796761982,1
52,2024-10-04,0,1,0,long_regime_uncertainty,0.8416295664314469,1
52,2024-10-04,0,1,0,one_week_probability_motion,0.15715768178086753,1
52,2024-10-04,0,1,1,long_regime_uncertainty,0.7189364363048782,1
52,2024-10-04,0,1,1,one_week_probability_motion,0.0613465650632844,0
52,2024-10-04,0,1,2,long_regime_uncertainty,0.6924638489366133,1
52,2024-10-04,0,1,2,one_week_probability_motion,0.013236293684132372,0
53,2024-11-22,0,1,-8,long_regime_uncertainty,0.844055070006818,1
53,2024-11-22,0,1,-8,one_week_probability_motion,0.14568369796761982,1
53,2024-11-22,0,1,-7,long_regime_uncertainty,0.8416295664314469,1
53,2024-11-22,0,1,-7,one_week_probability_motion,0.15715768178086753,1
53,2024-11-22,0,1,-6,long_regime_uncertainty,0.7189364363048782,1
53,2024-11-22,0,1,-6,one_week_probability_motion,0.0613465650632844,0
53,2024-11-22,0,1,-5,long_regime_uncertainty,0.6924638489366133,1
53,2024-11-22,0,1,-5,one_week_probability_motion,0.013236293684132372,0
53,2024-11-22,0,1,-4,long_regime_uncertainty,0.7169186619763934,1
53,2024-11-22,0,1,-4,one_week_probability_motion,0.012227406519890072,0
53,2024-11-22,0,1,-3,long_regime_uncertainty,0.7202124527568123,1
53,2024-11-22,0,1,-3,one_week_probability_motion,0.0016468953902093464,0
53,2024-11-22,0,1,-2,long_regime_uncertainty,0.9265812942809333,1
53,2024-11-22,0,1,-2,one_week_probability_motion,0.10318442076206058,1
53,2024-11-22,0,1,-1,long_regime_uncertainty,0.9686541086486127,1
53,2024-11-22,0,1,-1,one_week_probability_motion,0.05238229853522702,0
53,2024-11-22,0,1,0,long_regime_uncertainty,0.8145195082980028,1
53,2024-11-22,0,1,0,one_week_probability_motion,0.10841319152669227,1
53,2024-11-22,0,1,1,long_regime_uncertainty,0.6081501845262587,1
53,2024-11-22,0,1,1,one_week_probability_motion,0.10318466188587216,1
53,2024-11-22,0,1,2,long_regime_uncertainty,0.4844541666167217,0
53,2024-11-22,0,1,2,one_week_probability_motion,0.061848008954768496,0
54,2025-04-04,1,0,-8,long_regime_uncertainty,0.36715282309511477,0
54,2025-04-04,1,0,-8,one_week_probability_motion,0.007958160320845953,0
54,2025-04-04,1,0,-7,long_regime_uncertainty,0.35591492781373046,0
54,2025-04-04,1,0,-7,one_week_probability_motion,0.005618947640692151,0
54,2025-04-04,1,0,-6,long_regime_uncertainty,0.38719821974147306,0
54,2025-04-04,1,0,-6,one_week_probability_motion,0.015641645963871298,0
54,2025-04-04,1,0,-5,long_regime_uncertainty,0.3978227476662668,0
54,2025-04-04,1,0,-5,one_week_probability_motion,0.005312263962396924,0
54,2025-04-04,1,0,-4,long_regime_uncertainty,0.6750588260708377,1
54,2025-04-04,1,0,-4,one_week_probability_motion,0.13861803920228544,1
54,2025-04-04,1,0,-3,long_regime_uncertainty,0.8491830836165448,1
54,2025-04-04,1,0,-3,one_week_probability_motion,0.08706212877285346,1
54,2025-04-04,1,0,-2,long_regime_uncertainty,0.6111282840217005,1
54,2025-04-04,1,0,-2,one_week_probability_motion,0.11902739979742216,1
54,2025-04-04,1,0,-1,long_regime_uncertainty,0.6036304739110729,1
54,2025-04-04,1,0,-1,one_week_probability_motion,0.003748905055313667,0
54,2025-04-04,1,0,0,long_regime_uncertainty,0.8846056311538347,1
54,2025-04-04,1,0,0,one_week_probability_motion,0.2558819474675461,1
54,2025-04-04,1,0,1,long_regime_uncertainty,0.9187438059108389,1
54,2025-04-04,1,0,1,one_week_probability_motion,0.09832528146766317,1
54,2025-04-04,1,0,2,long_regime_uncertainty,0.7343655311772215,1
54,2025-04-04,1,0,2,one_week_probability_motion,0.17344533145596985,1
55,2025-04-18,1,0,-8,long_regime_uncertainty,0.38719821974147306,0
55,2025-04-18,1,0,-8,one_week_probability_motion,0.015641645963871298,0
55,2025-04-18,1,0,-7,long_regime_uncertainty,0.3978227476662668,0
55,2025-04-18,1,0,-7,one_week_probability_motion,0.005312263962396924,0
55,2025-04-18,1,0,-6,long_regime_uncertainty,0.6750588260708377,1
55,2025-04-18,1,0,-6,one_week_probability_motion,0.13861803920228544,1
55,2025-04-18,1,0,-5,long_regime_uncertainty,0.8491830836165448,1
55,2025-04-18,1,0,-5,one_week_probability_motion,0.08706212877285346,1
55,2025-04-18,1,0,-4,long_regime_uncertainty,0.6111282840217005,1
55,2025-04-18,1,0,-4,one_week_probability_motion,0.11902739979742216,1
55,2025-04-18,1,0,-3,long_regime_uncertainty,0.6036304739110729,1
55,2025-04-18,1,0,-3,one_week_probability_motion,0.003748905055313667,0
55,2025-04-18,1,0,-2,long_regime_uncertainty,0.8846056311538347,1
55,2025-04-18,1,0,-2,one_week_probability_motion,0.2558819474675461,1
55,2025-04-18,1,0,-1,long_regime_uncertainty,0.9187438059108389,1
55,2025-04-18,1,0,-1,one_week_probability_motion,0.09832528146766317,1
55,2025-04-18,1,0,0,long_regime_uncertainty,0.7343655311772215,1
55,2025-04-18,1,0,0,one_week_probability_motion,0.17344533145596985,1
55,2025-04-18,1,0,1,long_regime_uncertainty,0.6842145598952065,1
55,2025-04-18,1,0,1,one_week_probability_motion,0.025075485641007422,0
55,2025-04-18,1,0,2,long_regime_uncertainty,0.5378354855391507,1
55,2025-04-18,1,0,2,one_week_probability_motion,0.0731895371780279,0
56,2025-07-04,0,1,-8,long_regime_uncertainty,0.5425708115610614,1
56,2025-07-04,0,1,-8,one_week_probability_motion,0.002367663010955201,0
56,2025-07-04,0,1,-7,long_regime_uncertainty,0.32586018569314057,0
56,2025-07-04,0,1,-7,one_week_probability_motion,0.10835531293396031,1
56,2025-07-04,0,1,-6,long_regime_uncertainty,0.26848968010801133,0
56,2025-07-04,0,1,-6,one_week_probability_motion,0.02868525279256459,0
56,2025-07-04,0,1,-5,long_regime_uncertainty,0.38817788740775705,0
56,2025-07-04,0,1,-5,one_week_probability_motion,0.059844103649872915,0
56,2025-07-04,0,1,-4,long_regime_uncertainty,0.6092198784423807,1
56,2025-07-04,0,1,-4,one_week_probability_motion,0.11052099551731176,1
56,2025-07-04,0,1,-3,long_regime_uncertainty,0.8305319334301087,1
56,2025-07-04,0,1,-3,one_week_probability_motion,0.11065602749386394,1
56,2025-07-04,0,1,-2,long_regime_uncertainty,0.9960680560040076,1
56,2025-07-04,0,1,-2,one_week_probability_motion,0.08276806128694952,1
56,2025-07-04,0,1,-1,long_regime_uncertainty,0.9803570921413401,1
56,2025-07-04,0,1,-1,one_week_probability_motion,0.00785548193133373,0
56,2025-07-04,0,1,0,long_regime_uncertainty,0.8284510837805449,1
56,2025-07-04,0,1,0,one_week_probability_motion,0.09559591203905748,1
56,2025-07-04,0,1,1,long_regime_uncertainty,0.6958669295489806,1
56,2025-07-04,0,1,1,one_week_probability_motion,0.06629207711578222,0
56,2025-07-04,0,1,2,long_regime_uncertainty,0.6316240545478322,1
56,2025-07-04,0,1,2,one_week_probability_motion,0.03212143750057406,0
57,2026-04-10,1,0,-8,long_regime_uncertainty,0.07236006399704165,0
57,2026-04-10,1,0,-8,one_week_probability_motion,0.016781247716806003,0
57,2026-04-10,1,0,-7,long_regime_uncertainty,0.06303056639262128,0
57,2026-04-10,1,0,-7,one_week_probability_motion,0.004664748802210128,0
57,2026-04-10,1,0,-6,long_regime_uncertainty,0.05811510221312899,0
57,2026-04-10,1,0,-6,one_week_probability_motion,0.0024577320897462007,0
57,2026-04-10,1,0,-5,long_regime_uncertainty,0.1256051640995468,0
57,2026-04-10,1,0,-5,one_week_probability_motion,0.03374503094320902,0
57,2026-04-10,1,0,-4,long_regime_uncertainty,0.14941409661175487,0
57,2026-04-10,1,0,-4,one_week_probability_motion,0.011904466256103974,0
57,2026-04-10,1,0,-3,long_regime_uncertainty,0.19260331905943706,0
57,2026-04-10,1,0,-3,one_week_probability_motion,0.021594611223841098,0
57,2026-04-10,1,0,-2,long_regime_uncertainty,0.2585427005933074,0
57,2026-04-10,1,0,-2,one_week_probability_motion,0.032969690766935233,0
57,2026-04-10,1,0,-1,long_regime_uncertainty,0.6141050531073295,1
57,2026-04-10,1,0,-1,one_week_probability_motion,0.17778117625701095,1
57,2026-04-10,1,0,0,long_regime_uncertainty,0.8173660233742748,1
57,2026-04-10,1,0,0,one_week_probability_motion,0.2842644617591979,1
57,2026-04-10,1,0,1,long_regime_uncertainty,0.15188534301278656,0
57,2026-04-10,1,0,1,one_week_probability_motion,0.33274034018074417,1
57,2026-04-10,1,0,2,long_regime_uncertainty,0.40511029845084845,0
57,2026-04-10,1,0,2,one_week_probability_motion,0.126612477719031,1
