row_id,market_key,episode_id,cluster_id,landmark_date,y,D0_prior,D1_geometry,Q1_fixed_quantum_feature
48,russell_2000,2,51,1990-02-13,1,0.5833333333333334,0.5529455023283539,0.5885414731342539
49,nikkei_225,51,51,1990-03-12,0,0.5833333333333334,0.5104440703591756,0.5727791044251705
50,nikkei_225,52,52,1990-04-16,0,0.58,0.2893557455506831,0.5752135001334469
51,russell_2000,3,53,1990-08-20,0,0.5686274509803921,0.23598977754470712,0.5410209860141894
52,nikkei_225,53,53,1990-09-06,0,0.5686274509803921,0.19826627135374894,0.5225256711636135
53,ftse_100,3,53,1990-09-07,0,0.5686274509803921,0.40576906281376823,0.5431156246206451
54,nikkei_225,54,54,1990-10-17,1,0.5370370370370371,0.8472270178082679,0.5590737477050489
55,russell_2000,5,55,1990-11-09,1,0.5454545454545454,0.5920301642574413,0.5666079454363517
56,nikkei_225,55,55,1990-11-30,1,0.5454545454545454,0.2647339444074224,0.5104414781556785
57,nikkei_225,56,56,1991-01-11,1,0.5614035087719298,0.33895690552035107,0.5313673235626302
58,nikkei_225,57,57,1991-07-03,0,0.5689655172413793,0.4316240266887037,0.5435604868125825
59,nikkei_225,58,58,1991-09-02,1,0.559322033898305,0.8837391393254619,0.5533426331042167
60,russell_2000,6,59,1991-12-09,1,0.5666666666666667,0.5356089721502786,0.5707243019720465
61,nikkei_225,60,60,1992-01-09,0,0.5737704918032787,0.8479979702940389,0.590186332972468
62,nikkei_225,61,61,1992-03-03,0,0.5645161290322581,0.5965620519039614,0.5774741051522989
63,russell_2000,7,62,1992-04-23,0,0.5555555555555556,0.32855134880579273,0.5114798574068313
64,nikkei_225,62,62,1992-04-27,1,0.5555555555555556,0.8223758448041179,0.5244674327256494
65,nikkei_225,63,63,1992-06-01,0,0.5538461538461539,0.5247165002479075,0.5357777273536479
66,nikkei_225,64,64,1992-07-07,1,0.5454545454545454,0.8061027425403544,0.5771367105781702
67,nikkei_225,65,65,1992-08-07,0,0.5522388059701493,0.4483373777107003,0.5381481946003112
68,ftse_100,5,65,1992-08-24,1,0.5522388059701493,0.2997081756355016,0.5087448791345599
69,nikkei_225,67,66,1992-10-15,1,0.5507246376811594,0.7283077977671522,0.5640240360890937
70,ftse_100,6,66,1992-10-19,1,0.5507246376811594,0.624456700421696,0.5288601418433481
71,nikkei_225,68,67,1992-12-03,0,0.5633802816901409,0.4874288274473013,0.524947834680245
72,nikkei_225,69,68,1993-01-20,1,0.5555555555555556,0.45092508877812265,0.5296589260517153
73,nikkei_225,70,69,1993-07-06,1,0.5616438356164384,0.6801836708884064,0.6032234781946281
74,nikkei_225,71,70,1993-12-20,1,0.5675675675675675,0.694861376171667,0.5610604707650003
75,nikkei_225,72,71,1994-02-28,1,0.5733333333333334,0.8677983097276765,0.5295686684675638
76,ftse_100,7,71,1994-03-14,0,0.5733333333333334,0.37114226546381857,0.5309191945028027
77,russell_2000,8,72,1994-04-19,0,0.5714285714285714,0.31968387075355326,0.5287724172052314
78,ftse_100,8,73,1994-06-16,0,0.5641025641025641,0.5318263902997947,0.5821994001281655
79,russell_2000,9,74,1994-12-22,1,0.5569620253164557,0.5853596140817374,0.6036429166257198
80,nikkei_225,73,75,1995-02-06,0,0.5625,0.5714381476773269,0.5356742270142467
81,nikkei_225,74,76,1995-03-13,0,0.5555555555555556,0.2942785143790126,0.5210057549357566
82,nikkei_225,75,77,1995-04-17,0,0.5487804878048781,0.7113979538222944,0.547771741051026
83,nikkei_225,76,78,1995-06-08,0,0.5421686746987951,0.46226382147094397,0.489562705225075
84,russell_2000,10,80,1996-08-06,1,0.5357142857142857,0.8280511460391508,0.6346681004707688
85,nikkei_225,78,81,1996-11-21,0,0.5411764705882353,0.5712523114731388,0.5678729537643614
86,nikkei_225,79,82,1997-01-29,1,0.5348837209302325,0.7773774052890315,0.5186965358533283
87,nikkei_225,80,83,1997-03-19,1,0.5402298850574713,0.6739229370115747,0.6019215112731187
88,spy,1,83,1997-04-14,1,0.5402298850574713,0.31620449991989047,0.4827852640830692
89,russell_2000,11,83,1997-04-16,1,0.5402298850574713,0.3144903867145143,0.5003108011876889
90,nikkei_225,81,84,1997-08-25,0,0.5555555555555556,0.39405127448131244,0.48243415914623583
91,nikkei_225,82,85,1997-09-30,0,0.5494505494505495,0.40670118029698815,0.47373511900445986
92,ftse_100,9,86,1997-11-12,1,0.5434782608695652,0.2379462177061717,0.5436508238156568
93,nikkei_225,83,86,1997-11-12,0,0.5434782608695652,0.14138486419199228,0.6208981878889066
94,russell_2000,12,86,1997-11-14,1,0.5434782608695652,0.4650430094217412,0.46118380298601946
95,russell_2000,13,87,1997-12-29,1,0.5473684210526316,0.6608430792263288,0.6285564164989538
96,nikkei_225,85,88,1998-04-16,0,0.5520833333333334,0.2856032786739901,0.5581438034846443
97,nikkei_225,86,89,1998-05-20,1,0.5463917525773195,0.7326596592908936,0.6226608695019854
98,russell_2000,14,89,1998-06-11,0,0.5463917525773195,0.3817612207765634,0.53364156689846
99,spy,2,91,1998-08-18,0,0.5454545454545454,0.8247969291422381,0.6390676402116036
100,ftse_100,10,91,1998-08-25,0,0.5454545454545454,0.5959662739828194,0.5176339700892625
101,russell_2000,15,91,1998-08-25,0,0.5454545454545454,0.17271619384983602,0.5930044574689917
102,ftse_100,11,92,1998-09-24,0,0.5294117647058824,0.6762288455540589,0.5111916021463695
103,nikkei_225,89,92,1998-10-01,1,0.5294117647058824,0.13735871076771933,0.5248419975611988
104,ftse_100,12,93,1998-12-15,1,0.5288461538461539,0.4750247275971055,0.4516507180067896
105,nikkei_225,90,93,1998-12-29,0,0.5288461538461539,0.37502969886323256,0.4621045644150261
106,russell_2000,17,94,1999-03-01,1,0.5283018867924528,0.46044746214138355,0.48440176392212597
107,russell_2000,18,95,1999-04-07,1,0.5327102803738317,0.49783327251508597,0.5381914657167812
108,nikkei_225,91,96,1999-06-02,1,0.5370370370370371,0.6471137377226737,0.5694374064298761
109,ftse_100,13,97,1999-08-12,1,0.5412844036697247,0.6224415835662882,0.5716440883845835
110,russell_2000,19,97,1999-08-18,1,0.5412844036697247,0.6080053608017075,0.630112489917498
111,russell_2000,20,98,1999-10-07,1,0.5495495495495496,0.5659472657205555,0.5765715891889358
112,ftse_100,14,98,1999-10-11,1,0.5495495495495496,0.759689067656393,0.6691950062808361
113,spy,4,98,1999-10-27,1,0.5495495495495496,0.6843821872745466,0.6030577160076797
114,ftse_100,15,99,2000-02-03,0,0.5614035087719298,0.45860325743612407,0.46824651871443757
115,spy,5,100,2000-05-01,1,0.5565217391304348,0.8345438135488709,0.5693081993022269
116,russell_2000,22,100,2000-05-03,1,0.5565217391304348,0.8419563008789686,0.6581986124405955
117,ftse_100,16,100,2000-05-04,1,0.5565217391304348,0.523814319468251,0.4747993427192708
118,nikkei_225,92,101,2000-05-11,0,0.5565217391304348,0.09889284888975292,0.538034419483438
119,nikkei_225,93,102,2000-06-29,0,0.5630252100840336,0.7537154383076329,0.6470441039214099
120,russell_2000,24,103,2000-08-11,1,0.5583333333333333,0.6868017958610004,0.6087871712671319
121,nikkei_225,94,103,2000-08-17,1,0.5583333333333333,0.6798350446328961,0.5972700545682413
122,nikkei_225,95,104,2000-09-26,0,0.5655737704918032,0.47790111341937086,0.5115756821000641
123,ftse_100,17,104,2000-10-04,0,0.5655737704918032,0.6521687757460558,0.6345181982031799
124,russell_2000,25,105,2000-10-27,0,0.5564516129032258,0.49543229863453886,0.4790878596787293
125,spy,6,105,2000-10-27,0,0.5564516129032258,0.5759360112454913,0.502146810415263
126,nikkei_225,96,105,2000-11-09,0,0.5564516129032258,0.6882427251111837,0.5991187465906272
127,spy,7,105,2000-11-27,0,0.5564516129032258,0.5415200505611936,0.5178593051547041
128,russell_2000,26,106,2000-12-19,0,0.5390625,0.31759113803749184,0.6102301003602796
129,spy,8,106,2001-01-05,0,0.5390625,0.3238166985444604,0.49718191998061917
130,nikkei_225,97,106,2001-01-10,0,0.5390625,0.2995570364461399,0.5084122521380637
131,russell_2000,27,107,2001-03-13,0,0.5267175572519084,0.23209386608185206,0.5054068769849038
132,ftse_100,18,107,2001-04-05,1,0.5267175572519084,0.6501636734341313,0.489037313347135
133,spy,10,108,2001-04-18,1,0.5263157894736842,0.938422645420542,0.6058450260594889
134,russell_2000,28,108,2001-04-20,1,0.5263157894736842,0.801799761332912,0.5185064096097568
135,nikkei_225,99,108,2001-04-23,0,0.5263157894736842,0.8806720250487112,0.5692977643560798
136,nikkei_225,100,109,2001-05-30,0,0.5294117647058824,0.2344029725091664,0.48795334263297513
137,nikkei_225,101,109,2001-06-28,0,0.5294117647058824,0.36145334672705615,0.45606661181373503
138,ftse_100,19,110,2001-07-26,0,0.5217391304347826,0.2962456335362772,0.46404435289424945
139,russell_2000,29,110,2001-07-30,0,0.5217391304347826,0.5909918345723313,0.5304012450500756
140,nikkei_225,102,110,2001-08-02,0,0.5217391304347826,0.8667319369430002,0.5423398084917479
141,nikkei_225,103,111,2001-09-03,0,0.5106382978723404,0.09431463609419209,0.49135687826308555
142,nikkei_225,104,111,2001-10-02,1,0.5106382978723404,0.8773153567284494,0.49678229390413564
143,spy,11,111,2001-10-03,1,0.5106382978723404,0.9023797263760674,0.540998790696742
144,ftse_100,20,112,2001-10-04,1,0.5070422535211268,0.898337816354121,0.4965154074134243
145,russell_2000,30,112,2001-10-08,1,0.5070422535211268,0.8198186558820797,0.4876867981966086
146,nikkei_225,105,113,2001-11-13,0,0.5205479452054794,0.15013648378879924,0.5020480353602862
147,nikkei_225,106,113,2001-12-12,0,0.5205479452054794,0.6477407013579854,0.5075074954118842
148,ftse_100,21,114,2001-12-24,1,0.5135135135135135,0.5792214821945918,0.586362520520242
149,nikkei_225,107,115,2002-01-31,0,0.5167785234899329,0.4724863832625736,0.45200970683008923
150,russell_2000,31,115,2002-02-25,1,0.5167785234899329,0.503452500731271,0.5165422228076176
151,nikkei_225,108,116,2002-04-16,1,0.5165562913907285,0.7134194685609054,0.5797073650245249
152,ftse_100,22,117,2002-07-04,0,0.5197368421052632,0.4056322995803553,0.42755605350082043
153,spy,12,117,2002-07-08,0,0.5197368421052632,0.4636149437240454,0.4422143584067681
154,nikkei_225,109,117,2002-07-10,0,0.5197368421052632,0.5183768701562519,0.45165880155681964
155,russell_2000,33,118,2002-08-06,0,0.5096774193548387,0.1782717102138155,0.5936955938776758
156,spy,13,118,2002-08-07,0,0.5096774193548387,0.29771800035939455,0.6508671272629676
157,nikkei_225,110,118,2002-08-14,0,0.5096774193548387,0.377709450749043,0.4212715303762763
158,ftse_100,24,119,2002-09-17,0,0.5,0.23617084267076605,0.47462181905690926
159,spy,14,119,2002-09-17,0,0.5,0.1912223325522766,0.4439249372467173
160,russell_2000,34,119,2002-09-18,0,0.5,0.19405472483030775,0.46319390368205643
161,nikkei_225,111,119,2002-09-19,0,0.5,0.7679554306060586,0.5675245957847643
162,spy,15,120,2002-10-21,1,0.4876543209876543,0.9324585603126955,0.5602680983398554
163,nikkei_225,112,120,2002-10-24,0,0.4876543209876543,0.20783085387375655,0.4169316682255252
164,russell_2000,35,120,2002-10-24,1,0.4876543209876543,0.6261452820745631,0.47697803953249107
165,ftse_100,25,120,2002-10-29,0,0.4876543209876543,0.1814797222284386,0.5607263348410125
166,nikkei_225,113,121,2002-11-29,0,0.4879518072289157,0.8859093744298077,0.4629237723326365
167,spy,16,121,2002-12-23,0,0.4879518072289157,0.39525378425677166,0.3977605514763303
168,ftse_100,26,122,2003-01-03,0,0.48214285714285715,0.6464344367168593,0.5609227862515191
169,nikkei_225,114,122,2003-01-06,0,0.48214285714285715,0.7061957312798371,0.5736885644283426
170,spy,17,123,2003-02-07,0,0.4764705882352941,0.24760250323266325,0.40462129028192134
171,nikkei_225,115,123,2003-02-13,0,0.4764705882352941,0.5391265870029174,0.5208389838959406
172,russell_2000,37,123,2003-02-13,0,0.4764705882352941,0.2642960911464841,0.4297862655595117
173,ftse_100,27,123,2003-02-18,0,0.4764705882352941,0.6504793098093198,0.4966927831567395
174,ftse_100,28,124,2003-03-26,1,0.46551724137931033,0.584371312313709,0.47110431893491833
175,nikkei_225,116,124,2003-03-28,0,0.46551724137931033,0.572727172190411,0.508076253400203
176,nikkei_225,117,124,2003-04-25,1,0.46551724137931033,0.3057718767721231,0.35105402834869204
177,nikkei_225,118,125,2003-12-04,1,0.4689265536723164,0.7164582643018284,0.47781796947766064
178,russell_2000,38,126,2004-05-13,1,0.47191011235955055,0.2534868509247501,0.4165364563179048
179,nikkei_225,119,126,2004-05-27,1,0.47191011235955055,0.7333518796191318,0.47986753588307257
180,russell_2000,39,127,2004-08-05,0,0.4777777777777778,0.24275677807068377,0.4206696977946524
181,nikkei_225,120,128,2005-05-06,1,0.47513812154696133,0.5700446124152759,0.5465393382202995
182,russell_2000,40,128,2005-05-10,1,0.47513812154696133,0.6405585850629321,0.5414578120758743
183,russell_2000,41,129,2005-10-24,1,0.4808743169398907,0.6601788835257518,0.5898841002975848
184,ftse_100,29,130,2006-06-07,1,0.483695652173913,0.4788443017156175,0.4393821021798537
185,nikkei_225,121,130,2006-06-27,1,0.483695652173913,0.7910399441402515,0.46641278918209744
186,russell_2000,42,130,2006-06-30,1,0.483695652173913,0.8594865370616381,0.4187659553075955
187,nikkei_225,122,131,2006-08-01,1,0.4919786096256685,0.7473326414095987,0.5389886978531915
188,russell_2000,43,131,2006-08-03,1,0.4919786096256685,0.7438253712408023,0.515933037522544
189,russell_2000,44,132,2007-03-21,1,0.4973544973544973,0.8228127464774072,0.5135431206154562
190,russell_2000,45,133,2007-08-09,1,0.5,0.5143568588285463,0.5123679672901477
191,ftse_100,30,133,2007-08-14,0,0.5,0.2828222063150506,0.41306673175684055
192,spy,18,133,2007-08-24,1,0.5,0.7288668515800178,0.566163352203009
193,nikkei_225,123,133,2007-08-31,1,0.5,0.700298496227565,0.5301795913702473
194,russell_2000,46,134,2007-09-12,1,0.5051546391752577,0.3791006179803538,0.3973073161938756
195,nikkei_225,124,134,2007-10-04,0,0.5051546391752577,0.6630281379044846,0.5739964923576188
196,russell_2000,47,135,2007-11-21,0,0.5051020408163265,0.13411771113611712,0.4556428385725726
197,ftse_100,31,135,2007-11-23,1,0.5051020408163265,0.4573349063437514,0.5102075964068572
198,nikkei_225,125,135,2007-12-03,1,0.5051020408163265,0.7805109231249472,0.5628193549303694
199,russell_2000,48,136,2007-12-31,0,0.507537688442211,0.3117664016311734,0.41124850405132485
200,ftse_100,32,137,2008-02-05,1,0.505,0.5152680672534442,0.49188398816675777
201,nikkei_225,126,137,2008-02-05,0,0.505,0.7305139874490987,0.5279941699537386
202,russell_2000,50,138,2008-03-03,0,0.504950495049505,0.21795028223223906,0.4088088625548879
203,nikkei_225,127,138,2008-04-01,1,0.504950495049505,0.47068198200848116,0.5058001192584437
204,ftse_100,33,139,2008-04-03,1,0.5024630541871922,0.7771707643659356,0.5232194309195708
205,nikkei_225,128,140,2008-06-12,0,0.5073170731707317,0.2496529661128321,0.40908508746292416
206,russell_2000,51,140,2008-06-20,0,0.5073170731707317,0.4186612409347658,0.45097719508828316
207,nikkei_225,129,141,2008-07-14,0,0.5024154589371981,0.2781140538445487,0.42357816399845577
208,ftse_100,34,141,2008-07-15,0,0.5024154589371981,0.1397167805511515,0.41705905386268494
209,russell_2000,52,141,2008-07-23,1,0.5024154589371981,0.8725448676278506,0.45513889929681933
210,spy,20,141,2008-07-30,0,0.5024154589371981,0.5402683809260576,0.5329431931341543
211,nikkei_225,130,142,2008-10-01,0,0.4976303317535545,0.09606130239037369,0.48728731270598186
212,spy,21,142,2008-10-01,0,0.4976303317535545,0.3199219452378539,0.5619030450011693
213,russell_2000,53,142,2008-10-29,0,0.4976303317535545,0.42948675048524193,0.5587063101500904
214,spy,22,142,2008-10-29,0,0.4976303317535545,0.8420376188393033,0.4463265459032892
215,ftse_100,36,143,2008-11-25,0,0.4883720930232558,0.3625697451366552,0.6278132071275246
216,russell_2000,54,143,2008-12-04,0,0.4883720930232558,0.04988755561518172,0.43121956140966183
217,spy,23,143,2008-12-05,0,0.4883720930232558,0.2144400555894988,0.47928822997168846
218,spy,24,144,2009-01-07,0,0.481651376146789,0.6626771533630343,0.526309858690658
219,nikkei_225,133,144,2009-01-29,0,0.481651376146789,0.701808615306736,0.4855825480167052
220,ftse_100,37,144,2009-02-02,0,0.481651376146789,0.21552092297272968,0.36886064940060004
221,russell_2000,55,144,2009-02-03,0,0.481651376146789,0.3677510048311286,0.5406695354998742
222,nikkei_225,134,145,2009-03-06,1,0.47297297297297297,0.1090351000396356,0.3675484999422164
223,ftse_100,38,145,2009-03-18,1,0.47297297297297297,0.7222826472019643,0.4644320047200112
224,russell_2000,56,145,2009-03-24,1,0.47297297297297297,0.6715470133873495,0.4699085488266158
225,spy,25,145,2009-03-24,1,0.47297297297297297,0.7692817078948609,0.43969116104835143
226,nikkei_225,135,146,2009-04-13,1,0.4823008849557522,0.5247445380205312,0.4957372996386316
227,russell_2000,57,147,2009-05-29,1,0.4845814977973568,0.8156257130115544,0.47342084989708005
228,russell_2000,59,149,2009-11-13,1,0.4868421052631579,0.5979278263346902,0.5644822882355303
229,russell_2000,60,150,2010-02-19,1,0.4890829694323144,0.8543917503352798,0.5413905873463999
230,spy,26,150,2010-02-19,1,0.4890829694323144,0.7676044998222634,0.6038870661018737
231,nikkei_225,136,150,2010-02-22,1,0.4890829694323144,0.8342355020540995,0.5781555999605267
232,nikkei_225,137,151,2010-05-20,0,0.4956896551724138,0.10151636289061561,0.40820686200497436
233,russell_2000,61,151,2010-05-24,0,0.4956896551724138,0.03746497074501942,0.45533277746005835
234,ftse_100,40,151,2010-05-25,0,0.4956896551724138,0.059577981243138775,0.41820812166082605
235,spy,27,151,2010-06-04,1,0.4956896551724138,0.1888864896532287,0.3959141176202544
236,nikkei_225,138,152,2010-06-21,0,0.4915254237288136,0.8120517396284996,0.5403232611175923
237,russell_2000,62,152,2010-07-14,1,0.4915254237288136,0.8628285766176684,0.4646445107774929
238,spy,28,152,2010-07-14,1,0.4915254237288136,0.8038686107798384,0.5941916584120629
239,ftse_100,41,152,2010-07-15,1,0.4915254237288136,0.7155259614261307,0.6125869013554809
240,nikkei_225,139,153,2010-08-02,0,0.49583333333333335,0.5875321070825738,0.5665474526230362
241,russell_2000,63,153,2010-08-25,1,0.49583333333333335,0.1951554732427774,0.3757444471817165
242,nikkei_225,140,154,2010-09-14,1,0.49586776859504134,0.5922629383831246,0.5658942454204298
243,russell_2000,64,155,2011-06-28,1,0.49794238683127573,0.6497272855066715,0.5992111791893634
244,nikkei_225,142,156,2011-08-22,0,0.5,0.1426820768513595,0.3836005720728257
245,spy,29,156,2011-08-22,1,0.5,0.06709450165916654,0.5067867885538151
246,russell_2000,65,156,2011-08-23,1,0.5,0.18368168652617697,0.45210584244941704
247,ftse_100,42,156,2011-08-24,1,0.5,0.2934910547094686,0.3940284757003831
248,spy,30,156,2011-09-20,1,0.5,0.7319680978811162,0.575792500007424
249,nikkei_225,143,157,2011-09-28,1,0.5040322580645161,0.42628092503991655,0.4363019065393038
250,ftse_100,43,157,2011-10-06,1,0.5040322580645161,0.6684867586187533,0.541071492001459
251,russell_2000,66,157,2011-10-17,1,0.5040322580645161,0.5484384377805974,0.5149233101469365
252,spy,31,157,2011-10-18,1,0.5040322580645161,0.7167325744297844,0.578137308541248
253,spy,32,158,2011-12-06,1,0.5138339920948617,0.8779990220506688,0.48005380456253216
254,ftse_100,44,158,2011-12-12,1,0.5138339920948617,0.3245278832993144,0.39965946202842934
255,russell_2000,67,158,2011-12-12,1,0.5138339920948617,0.36672690845137923,0.5411709010064181
256,nikkei_225,144,158,2011-12-29,1,0.5138339920948617,0.4768305485408859,0.48510814618301484
257,russell_2000,68,159,2012-04-30,0,0.5214007782101168,0.7847181027560228,0.6400841506778882
258,nikkei_225,145,160,2012-06-01,1,0.5193798449612403,0.4068584553990194,0.4591480633614753
259,ftse_100,45,160,2012-06-06,1,0.5193798449612403,0.6753298987755806,0.6170726121208161
260,russell_2000,69,160,2012-06-15,1,0.5193798449612403,0.5659352045393331,0.5579411332732748
261,nikkei_225,146,161,2013-06-19,1,0.524904214559387,0.5073581893182099,0.556552176085225
262,ftse_100,46,161,2013-06-20,1,0.524904214559387,0.36269934282618316,0.45802935410674694
263,nikkei_225,147,162,2013-08-21,1,0.5285171102661597,0.21534600183246264,0.4443130987843574
264,nikkei_225,148,163,2013-11-11,1,0.5303030303030303,0.5967085785712252,0.5783176913863797
265,nikkei_225,150,164,2014-03-31,1,0.5320754716981132,0.7386241575131215,0.6461529310639655
266,nikkei_225,151,165,2014-05-21,1,0.5338345864661654,0.35940880319892643,0.4494941554029922
267,russell_2000,70,166,2014-10-23,1,0.5355805243445693,0.764061067129076,0.6488903890561817
268,ftse_100,47,166,2014-10-29,1,0.5355805243445693,0.6335085115595399,0.6027728475727651
269,nikkei_225,153,167,2015-01-21,1,0.5390334572490706,0.7725792408275136,0.6494713896982158
270,ftse_100,48,168,2015-09-08,0,0.5407407407407407,0.6747314044558037,0.6249419058533154
271,russell_2000,71,168,2015-09-08,0,0.5407407407407407,0.5847871823068579,0.5767028388869624
272,spy,33,168,2015-09-08,1,0.5407407407407407,0.5555685855014345,0.5539581879924472
273,nikkei_225,154,168,2015-09-29,0,0.5407407407407407,0.07602426432643017,0.5197157137238809
274,russell_2000,72,169,2015-10-12,1,0.5364963503649635,0.7157702049607216,0.648861772202098
275,ftse_100,49,170,2015-12-29,0,0.5381818181818182,0.8242215882940758,0.6499971568179397
276,nikkei_225,155,170,2016-01-06,0,0.5381818181818182,0.2862360870626114,0.42653052345289166
277,russell_2000,73,171,2016-01-29,1,0.5342960288808665,0.6699890630481558,0.6382723161459445
278,spy,34,171,2016-02-01,1,0.5342960288808665,0.7833354537561049,0.6378123339173355
279,ftse_100,50,171,2016-02-03,0,0.5342960288808665,0.3571489835395344,0.4240820911902581
280,nikkei_225,156,171,2016-02-05,0,0.5342960288808665,0.25108301923833437,0.5531944853898262
281,nikkei_225,157,172,2016-04-20,1,0.5338078291814946,0.7879376531442986,0.6360204030856693
282,spy,35,174,2018-02-20,1,0.5354609929078015,0.7319789638431846,0.6525210190406745
283,ftse_100,51,174,2018-02-21,1,0.5354609929078015,0.6425365195475211,0.6090264237495213
284,russell_2000,74,174,2018-02-21,1,0.5354609929078015,0.7465800404836037,0.6551178848709903
285,nikkei_225,159,174,2018-02-22,1,0.5354609929078015,0.6612014410335548,0.638744040982906
286,nikkei_225,160,175,2018-04-06,1,0.541958041958042,0.6091005192767258,0.6105761902042602
287,spy,36,175,2018-04-11,1,0.541958041958042,0.5767538278737068,0.5760125826469378
288,russell_2000,75,176,2018-11-07,0,0.5451388888888888,0.8670675661517553,0.5309166285681414
289,spy,37,176,2018-11-07,0,0.5451388888888888,0.8313079319183455,0.6067649209307467
290,nikkei_225,162,177,2018-11-30,0,0.5413793103448276,0.7889952450114274,0.6421345669167589
291,ftse_100,52,177,2018-12-20,1,0.5413793103448276,0.3781735065569538,0.4609435892162496
292,spy,38,178,2019-01-11,1,0.541095890410959,0.7383286747114216,0.620599439429797
293,nikkei_225,163,178,2019-01-17,1,0.541095890410959,0.5424958471438855,0.5748656297257775
294,russell_2000,77,179,2019-06-14,1,0.54421768707483,0.6080719166302657,0.6136395064446032
295,russell_2000,78,180,2019-08-19,1,0.5457627118644067,0.6435544380472801,0.6333110506642373
296,ftse_100,53,180,2019-08-21,1,0.5457627118644067,0.632313808108135,0.6169235567263847
297,ftse_100,54,181,2020-03-31,1,0.5488215488215489,0.7991010642255415,0.5474469864807945
298,russell_2000,79,181,2020-03-31,1,0.5488215488215489,0.8187237014267736,0.3978775036532268
299,spy,39,181,2020-04-01,1,0.5488215488215489,0.4689341257249816,0.5824490465258174
300,nikkei_225,164,181,2020-04-14,1,0.5488215488215489,0.7786441338705269,0.5200115850558048
301,ftse_100,55,182,2020-05-15,1,0.5548172757475083,0.3915465905540123,0.46771266595356503
302,russell_2000,80,182,2020-05-15,1,0.5548172757475083,0.19206217532889167,0.5239020278349413
303,ftse_100,56,183,2020-06-25,0,0.5577557755775577,0.4809156340056944,0.5050356349876165
304,russell_2000,81,183,2020-06-25,1,0.5577557755775577,0.5167608406770585,0.600368500979248
305,spy,40,183,2020-06-25,1,0.5577557755775577,0.49976309541309955,0.5228882736247382
306,nikkei_225,165,183,2020-06-30,1,0.5577557755775577,0.48694496773021106,0.5106351790003936
307,ftse_100,57,184,2020-09-18,0,0.5602605863192183,0.5386496575976155,0.570826903616487
308,spy,41,184,2020-09-24,1,0.5602605863192183,0.3281889789772195,0.42674457824194234
309,russell_2000,82,186,2021-05-26,1,0.5598705501618123,0.7440576830090556,0.6780033686627999
310,nikkei_225,166,186,2021-05-28,1,0.5598705501618123,0.7690973712764922,0.6637743911676974
311,nikkei_225,167,187,2021-07-21,1,0.5627009646302251,0.302200962034358,0.42513565864236086
312,russell_2000,83,187,2021-08-03,1,0.5627009646302251,0.678766740951799,0.6694791243730143
313,nikkei_225,168,188,2021-10-19,1,0.5654952076677316,0.7978933585999473,0.6667583164906601
314,russell_2000,84,189,2021-12-16,0,0.5668789808917197,0.3581873299941297,0.43304479296872495
315,nikkei_225,169,189,2022-01-05,0,0.5668789808917197,0.7342001762342198,0.6829834814709366
316,nikkei_225,170,190,2022-02-10,0,0.5632911392405063,0.6951670434135044,0.6845563700309573
317,russell_2000,86,191,2022-03-10,0,0.5615141955835962,0.5040519388824394,0.5222779718420272
318,spy,42,191,2022-03-10,1,0.5615141955835962,0.4007579887275187,0.45631104149078644
319,ftse_100,59,191,2022-03-18,1,0.5615141955835962,0.7982054598587304,0.6068931629187048
320,nikkei_225,171,191,2022-03-25,1,0.5615141955835962,0.8819099290157941,0.47779918143283645
321,russell_2000,87,192,2022-04-21,0,0.5638629283489096,0.45126994357190986,0.48986290400322324
322,nikkei_225,172,192,2022-05-13,1,0.5638629283489096,0.4144307470195968,0.48206771534183673
323,spy,43,192,2022-05-13,0,0.5638629283489096,0.40977799205460175,0.459304634005013
324,russell_2000,88,193,2022-05-23,1,0.5617283950617284,0.6256319421439317,0.6145461655657501
325,spy,44,194,2022-06-28,1,0.563076923076923,0.6878732215659393,0.6706930186425096
326,nikkei_225,173,194,2022-07-01,1,0.563076923076923,0.4172466107595662,0.47674931554241007
327,russell_2000,89,194,2022-07-01,1,0.563076923076923,0.4299658230592156,0.534423953307464
328,spy,45,195,2022-09-14,0,0.5670731707317073,0.5204200304306192,0.5426371447705619
329,russell_2000,90,195,2022-09-15,0,0.5670731707317073,0.49504958675744154,0.5139602892719026
330,russell_2000,91,195,2022-10-13,1,0.5670731707317073,0.4903216325086514,0.5284999638702019
331,nikkei_225,174,195,2022-10-17,1,0.5670731707317073,0.48983296879447474,0.5073938691748543
332,spy,46,196,2022-10-27,1,0.5662650602409639,0.8235568112379366,0.5979885589189254
333,russell_2000,92,197,2022-12-20,0,0.5675675675675675,0.25784697945875096,0.41091605843717827
334,spy,47,197,2023-01-03,1,0.5675675675675675,0.538780566773702,0.5555216121240336
335,russell_2000,93,198,2023-03-28,1,0.5671641791044776,0.47870280109837443,0.49838130601957004
336,ftse_100,61,198,2023-03-30,1,0.5671641791044776,0.6922055125900987,0.6729538635644179
337,russell_2000,94,199,2023-11-10,1,0.56973293768546,0.35426012145148505,0.4377570403018538
338,nikkei_225,176,200,2024-05-13,1,0.5710059171597633,0.5753689845718059,0.5899758662521912
339,russell_2000,95,201,2024-08-19,1,0.5722713864306784,0.8723840800825365,0.5127707582014956
340,nikkei_225,178,202,2024-09-20,1,0.5735294117647058,0.7515839947796422,0.6918132565137853
341,russell_2000,96,203,2025-01-13,0,0.5747800586510264,0.34931334618255744,0.4504207423695311
342,russell_2000,97,204,2025-03-24,0,0.5730994152046783,0.724532184395705,0.6961706154516729
343,nikkei_225,179,204,2025-04-22,1,0.5730994152046783,0.6158121605677991,0.5925772590363617
344,ftse_100,62,204,2025-04-23,1,0.5730994152046783,0.8032666158433872,0.6225998167178475
345,russell_2000,98,205,2025-04-25,1,0.5714285714285714,0.8457225757802436,0.4778124474607841
346,spy,48,205,2025-04-25,1,0.5714285714285714,0.8655690847269217,0.4911462388217831
